id,intitule,description,dateCreation,dateActualisation,lieuTravail,romeCode,romeLibelle,appellationlibelle,entreprise,typeContrat,typeContratLibelle,natureContrat,experienceExige,experienceLibelle,competences,salaire,dureeTravailLibelle,dureeTravailLibelleConverti,alternance,contact,agence,nombrePostes,accessibleTH,deplacementCode,deplacementLibelle,qualificationCode,qualificationLibelle,codeNAF,secteurActivite,secteurActiviteLibelle,qualitesProfessionnelles,origineOffre,offresManqueCandidats,contexteTravail,formations,permis,langues
192FJVZ,Responsable équipe champs (H/F),"SOBANOR est une société de prestations de services pour des sociétés agricoles basées à Basse-Pointe, spécialisées dans la production de fruits tropicaux et subtropicaux.

Notre vision d'entreprise : s'engager à produire une banane de haute qualité en cultivant notre passion pour l'innovation. Nos valeurs : excellence, exemplarité, loyauté, partage et bienveillance.

Dans un contexte de croissance soutenue et afin d'accompagner le développement de notre activité, nous recrutons, au sein de l'une de nos exploitations, un Responsable d'équipe champs en CDI.

Poste :

Rattaché au Directeur d'Exploitation, vous organisez le travail de l'équipe au quotidien, garantissez l'atteinte des objectifs quantitatifs et qualitatifs ainsi que le respect des règles d'hygiène et de sécurité aux champs.

Chef d'orchestre de l'activité dans les champs, vos principales missions sont :
- Organiser et planifier l'activité : programmes et planning de travail, équipements et matériels, dosages des produits
- Animer et coordonner une équipe composée de 20 à 40 ouvriers
- Gérer le personnel : affectation, consignes, suivi du développement des collaborateurs, évaluations, sanctions disciplinaires.
- Assurer un suivi rigoureux des performances en termes de rendement et de productivité
- Garantir une gestion optimale des stocks (équipements matériels, produits.)
- Veiller à la maintenance et au bon fonctionnement du matériel et des équipements
- Garantir le respect de la réglementation et des normes qualité, sécurité, environnement concernant les personnes, les produits et les biens
- Effectuer un reporting quotidien au Directeur tant sur la gestion des équipes, l'état des champs que les besoins en matériel et produits

Cette description tient compte des principales tâches mais n'est pas limitative.

Profil : 

De formation Bac Pro agricole ou BTS, vous justifiez d'une expérience opérationnelle confirmée dans le management d'équipes ouvrières.
Vous avez évolué dans des environnements agricoles et connaissez la polyvalence nécessaire et la diversité des missions liées à ces organisations.
Vous maîtrisez les outils bureautiques (Word/Excel).
Votre charisme, votre pragmatisme et votre rigueur professionnelle vous permettront de fédérer votre équipe et d'atteindre vos résultats.

Le permis B est indispensable.

Statut et avantages : 

- CDI, 35 heures hebdomadaires
- Rémunération à discuter selon l'expérience",2025-05-09T21:56:16.483Z,2025-05-09T21:56:16.924Z,"{'libelle': '972 - Basse-Pointe', 'latitude': 14.844242, 'longitude': -61.111017, 'codePostal': '97218', 'commune': '97203'}",A1416,Agriculteur / Agricultrice,Chef d'équipe d'exploitation agricole,"{'nom': 'SOBANOR', 'entrepriseAdaptee': False}",CDI,CDI,Contrat travail,E,3 An(s),"[{'code': '116780', 'libelle': ""Procédures d'entretien de bâtiments agricoles"", 'exigence': 'S'}, {'code': '100011', 'libelle': 'Techniques culturales', 'exigence': 'S'}, {'code': '122854', 'libelle': 'Techniques de fauchage', 'exigence': 'S'}, {'code': '300440', 'libelle': 'Animer, coordonner une équipe', 'exigence': 'S'}, {'code': '122853', 'libelle': 'Récolter un produit à maturité et selon les consignes de calibrage', 'exigence': 'S'}]","{'commentaire': 'A négocier', 'complement1': 'Autre', 'complement2': 'Primes'}",35H Travail en journée,Temps plein,False,"{'coordonnees1': 'https://app.beetween.com/WeaselWeb/p/#/apply/job/jtxwcebtyq/responsable-equipe-champs', 'urlPostulation': 'https://app.beetween.com/WeaselWeb/p/#/apply/job/jtxwcebtyq/responsable-equipe-champs'}",{},1,False,2,Ponctuels Zone départementale,8,Agent de maîtrise,70.10Z,70,Activités des sièges sociaux,"[{'libelle': 'Organiser son travail selon les priorités et les objectifs', 'description': 'Capacité à planifier, prioriser, anticiper des actions, en tenant compte des moyens, des ressources, des objectifs et du calendrier pour les réaliser.'}, {'libelle': 'Travailler en équipe', 'description': ""Capacité à travailler et à se coordonner avec les autres au sein de l'entreprise pour réaliser les objectifs fixés.""}, {'libelle': ""Faire preuve d'autonomie"", 'description': ""Capacité à prendre en charge son activité sans devoir être encadré de façon continue (le cas échéant, à solliciter les autres acteurs de l'entreprise).""}]","{'origine': '1', 'urlOrigine': 'https://candidat.francetravail.fr/offres/recherche/detail/192FJVZ'}",False,{'horaires': ['35H Travail en journée']},,,
192FJVX,Chef de service maintenance industrielle,"MECAGRI est une entreprise prestataire de services agricoles pour plusieurs exploitations productrices de bananes situées à Basse-Pointe.
Notre vision d'entreprise : s'engager à produire une banane de haute qualité en cultivant notre passion pour l'innovation. Nos valeurs : excellence, exemplarité, loyauté, partage et bienveillance.

Dans un contexte de croissance soutenue et afin d'accompagner le développement de notre activité, nous recrutons un Technicien de Maintenance Industrielle en CDI.

Poste : 

Sous la responsabilité du Responsable d'atelier et au sein d'une équipe de mécaniciens et de soudeurs, vous avez pour objectif prioritaire d'éviter la panne et l'interruption de la production grâce à la maintenance préventive et aux interventions curatives.

A ce titre, vos principales missions sont : 
- Assurer la maintenance des équipements, des installations et des matériels de votre périmètre
- Effectuer le dépannage d'urgence, les interventions de maintenance préventives et curatives en électromécanique, pneumatique, automatisme dans le respect des conditions d'hygiène et de sécurité
- Assurer un reporting régulier, alerter sur les anomalies, risques et incidents et être force de proposition

Cette description tient compte des principales tâches mais n'est pas limitative. Vous pourrez être amené à intervenir en tant que mécanicien en fonction de la charge de travail.

Profil : 

Pour ce poste exigeant, nous attendons un candidat de formation BTS électrotechnique ou maintenance industrielle ou justifiant d'une expérience équivalente.

Une expérience significative en industrie vous a permis d'acquérir une maîtrise technique tant sur les plans mécanique, électrique, pneumatique et automatique. 

L'habilitation électrique est un plus.

Vous détenez des capacités et un intérêt marqué pour l'amélioration continue et êtes habitué à exercer vos fonctions dans un environnement technique avec des enjeux de productivité et de qualité exigeants.

Vous êtes reconnu pour votre réactivité, votre rigueur et votre capacité à diagnostiquer. Enfin, votre disponibilité et votre ponctualité sont des atouts essentiels pour réussir à ce poste.

Ce poste en CDI est à pourvoir rapidement.

Statut et avantages : 

- Statut technicien - 35 heures hebdomadaires
- Rémunération à discuter selon l'expérience",2025-05-09T21:48:22.934Z,2025-05-09T21:48:23.312Z,"{'libelle': '972 - Basse-Pointe', 'latitude': 14.844242, 'longitude': -61.111017, 'codePostal': '97218', 'commune': '97203'}",I1102,Ingénieur / Ingénieure de maintenance industrielle,Chef de service maintenance industrielle,"{'nom': 'MECAGRI', 'entrepriseAdaptee': False}",CDI,CDI,Contrat travail,E,2 An(s),"[{'code': '300180', 'libelle': ""Contrôler la conformité d'un équipement, d'une machine, d'une installation"", 'exigence': 'S'}, {'code': '300146', 'libelle': 'Élaborer des processus et des modes opératoires techniques', 'exigence': 'S'}, {'code': '125310', 'libelle': 'Planifier les opérations de maintenance des équipements', 'exigence': 'S'}, {'code': '124814', 'libelle': 'Proposer des améliorations techniques continues', 'exigence': 'S'}]","{'commentaire': 'Selon expérience', 'complement1': 'Autre'}",35H Travail en journée,Temps plein,False,"{'coordonnees1': 'https://app.beetween.com/WeaselWeb/p/#/apply/job/7kweb20lt3/technicien-de-maintenance-industrielle', 'urlPostulation': 'https://app.beetween.com/WeaselWeb/p/#/apply/job/7kweb20lt3/technicien-de-maintenance-industrielle'}",{},1,False,1,Jamais,7,Technicien,70.10Z,70,Activités des sièges sociaux,"[{'libelle': 'Faire preuve de rigueur et de précision', 'description': ""Capacité à réaliser des tâches en suivant avec exactitude les règles, les procédures, les instructions qui ont été fournies, sans réaliser d'erreur et à transmettre clairement des informations. Se montrer ponctuel et respectueux des règles de savoir-vivre usuelles.""}, {'libelle': 'Prendre des initiatives et être force de proposition', 'description': 'Capacité à initier, imaginer des propositions nouvelles pour résoudre les problèmes identifiés ou améliorer une situation. Être proactif.'}, {'libelle': 'Travailler en équipe', 'description': ""Capacité à travailler et à se coordonner avec les autres au sein de l'entreprise pour réaliser les objectifs fixés.""}]","{'origine': '1', 'urlOrigine': 'https://candidat.francetravail.fr/offres/recherche/detail/192FJVX'}",False,{'horaires': ['35H Travail en journée']},,,
192FJVT,Boulanger / Boulangère,"Rattaché(e) au Responsable de site, vous préparez et confectionnez des produits de boulangerie et pâtisserie selon les règles d'hygiène et de sécurité alimentaire.

Vos principales missions seront :
- Procéder à la cuisson/précuisson des pâtons, des pièces de viennoiseries et défourner les pains, les viennoiseries
- Effectuer la décoration des produits (graines de pavot, graines de sésame, farine .) avant cuisson
- Préparer les réassorts après vérification des vitrines
- Planifier et réaliser la production selon les commandes clients, selon les produits en stock, la saisonnalité (Noël, fête des mères, communion, mariage, .) ou les recommandations de votre Manager
- Contribuer à la bonne organisation de la production.
- Veiller à la bonne tenue de l'espace de travail (propreté, rangement, entretien du matériel).

Compétences requises :
- Rigueur
- Rapidité
- Goût du produit
- Esprit d'ordre
- Capacité d'innovation
- Esprit d'équipe

Connaissances requises :
- Normes d'hygiène et de qualité
- Maîtrise de la composition des différents produits en boulangerie et en pâtisserie
- Connaissance de la méthode de tourage 

Profil :
Issu d'un CAP ou BEP, vous justifiez d'une première expérience dans le domaine de la pâtisserie et/ou de la boulangerie.",2025-05-09T21:42:24.637Z,2025-05-09T21:42:24.995Z,"{'libelle': '972 - LE LAMENTIN', 'latitude': 14.636808, 'longitude': -60.991071, 'codePostal': '97232', 'commune': '97213'}",D1102,Boulanger / Boulangère,Boulanger / Boulangère,{'entrepriseAdaptee': False},CDD,CDD - 3 Mois,Contrat travail,E,5 Mois,"[{'code': '101738', 'libelle': 'Caractéristiques des farines levure, additifs', 'exigence': 'S'}, {'code': '126290', 'libelle': 'Bouler et effectuer la tourne ou le façonnage des pâtons', 'exigence': 'S'}, {'libelle': ""Utilisation d'un laminoir"", 'exigence': 'E'}]",{'libelle': 'Mensuel de 2059.2 Euros sur 12.0 mois'},39H Travail en journée,Temps plein,False,{},{},1,False,,,6,Employé qualifié,10.71C,10,Boulangerie et boulangerie-pâtisserie,"[{'libelle': ""Faire preuve d'autonomie"", 'description': ""Capacité à prendre en charge son activité sans devoir être encadré de façon continue (le cas échéant, à solliciter les autres acteurs de l'entreprise).""}, {'libelle': 'Organiser son travail selon les priorités et les objectifs', 'description': 'Capacité à planifier, prioriser, anticiper des actions, en tenant compte des moyens, des ressources, des objectifs et du calendrier pour les réaliser.'}, {'libelle': 'Travailler en équipe', 'description': ""Capacité à travailler et à se coordonner avec les autres au sein de l'entreprise pour réaliser les objectifs fixés.""}]","{'origine': '1', 'urlOrigine': 'https://candidat.francetravail.fr/offres/recherche/detail/192FJVT'}",False,{'horaires': ['39H Travail en journée']},"[{'codeFormation': '21538', 'domaineLibelle': 'Boulangerie', 'niveauLibelle': 'CAP, BEP et équivalents', 'exigence': 'E'}, {'codeFormation': '21538', 'domaineLibelle': 'Boulangerie', 'niveauLibelle': 'Bac ou équivalent', 'exigence': 'S'}]","[{'libelle': 'B - Véhicule léger', 'exigence': 'S'}]",
192FJVS,Mécanicien / Mécanicienne agricole,"MECAGRI est une entreprise prestataire de services agricoles pour plusieurs exploitations productrices de bananes situées à Basse-Pointe.
Notre vision d'entreprise : s'engager à produire une banane de haute qualité en cultivant notre passion pour l'innovation. Nos valeurs : excellence, exemplarité, loyauté, partage et bienveillance.

Dans un contexte de croissance soutenue et afin d'accompagner le développement de notre activité, nous recrutons, au sein de notre atelier de mécanique agricole, un mécanicien en CDI.

Poste :

Sous la responsabilité directe du Responsable de l'atelier, vous menez à bien les travaux d'entretien et de réparation mécanique des engins agricoles (tracteur et voitures).

Pour réussir pleinement votre mission, vous vous attachez à :

- Effectuer tous les travaux demandés dans le respect des normes et dans un minimum de temps 
- Signaler à votre Responsable toute intervention supplémentaire nécessaire ou utile dans l'intérêt de l'entreprise
- Réaliser l'ensemble des interventions de la maintenance préventive et corrective
- Mener à bien la réfection complète de tout moteurs avec ajustement, montage et réglages
- Effectuer les réglages et la mise au point de tous les organes et procéder aux essais

Profil : 

De préférence titulaire d'un CAP à BAC Professionnel Maintenance matériel Agricole ou Automobile, vous justifiez d'une expérience de 2 ans minimum acquise sur un poste similaire au sein d'un atelier d'une concession automobiles ou d'un garage de mécanique agricole. Des connaissances en électromécanique seront un plus pour le poste.

Vous connaissez le principe de fonctionnement d'un moteur, l'hydraulique, l'injection et la pneumatique.

Passionné de mécanique, vous faites preuve de rigueur, de méthode, de logique. Vous avez le sens du service, le souci de la qualité et du travail bien fait.


Ce poste en CDI est à pourvoir immédiatement. 

Statut et avantages : 

- CDI, 35 heures hebdomadaires
- Rémunération : SMIC, à négocier selon l'expérience.",2025-05-09T21:41:17.784Z,2025-05-09T21:41:18.204Z,"{'libelle': '972 - Basse-Pointe', 'latitude': 14.844242, 'longitude': -61.111017, 'codePostal': '97218', 'commune': '97203'}",I1603,Mécanicien-réparateur / Mécanicienne-réparatrice en matériels agricoles,Mécanicien / Mécanicienne agricole,"{'nom': 'MECAGRI', 'entrepriseAdaptee': False}",CDI,CDI,Contrat travail,E,2 An(s),"[{'code': '106362', 'libelle': 'Circuits hydrauliques', 'exigence': 'S'}, {'code': '104547', 'libelle': 'Pneumatique', 'exigence': 'S'}]","{'commentaire': 'Selon expérience', 'complement1': 'Autre'}",35H Travail en journée,Temps plein,False,"{'coordonnees1': 'https://app.beetween.com/WeaselWeb/p/#/apply/job/2thoj43fd7/mecanicien-agricole', 'urlPostulation': 'https://app.beetween.com/WeaselWeb/p/#/apply/job/2thoj43fd7/mecanicien-agricole'}",{},1,False,2,Ponctuels Zone départementale,6,Employé qualifié,70.10Z,70,Activités des sièges sociaux,"[{'libelle': 'Organiser son travail selon les priorités et les objectifs', 'description': 'Capacité à planifier, prioriser, anticiper des actions, en tenant compte des moyens, des ressources, des objectifs et du calendrier pour les réaliser.'}, {'libelle': 'Faire preuve de rigueur et de précision', 'description': ""Capacité à réaliser des tâches en suivant avec exactitude les règles, les procédures, les instructions qui ont été fournies, sans réaliser d'erreur et à transmettre clairement des informations. Se montrer ponctuel et respectueux des règles de savoir-vivre usuelles.""}, {'libelle': ""Faire preuve d'autonomie"", 'description': ""Capacité à prendre en charge son activité sans devoir être encadré de façon continue (le cas échéant, à solliciter les autres acteurs de l'entreprise).""}]","{'origine': '1', 'urlOrigine': 'https://candidat.francetravail.fr/offres/recherche/detail/192FJVS'}",False,{'horaires': ['35H Travail en journée']},,,
192FJVR,Plongeur / Plongeuse en restauration (H/F),"Le restaurant étoilé la Maison dans le Parc à Nancy recherche un plongeur (H/F) pour les horaires suivants :
- le mardi 9h - 18h
- du mercredi au samedi inclus 9h - 16h 

Nettoyage des locaux, de la vaisselle, rangement et organisation des postes.",2025-05-09T21:40:36.348Z,2025-05-09T21:40:36.769Z,"{'libelle': '54 - NANCY', 'latitude': 48.688135, 'longitude': 6.171263, 'codePostal': '54000', 'commune': '54395'}",G1605,Plongeur officier / Plongeuse officière de cuisine,Plongeur / Plongeuse en restauration,"{'nom': 'LA MAISON DANS LE PARC', 'entrepriseAdaptee': False}",CDI,CDI,Contrat travail,E,1 Mois,"[{'code': '300282', 'libelle': 'Entretenir, nettoyer un espace, un lieu, un local', 'exigence': 'E'}, {'code': '104263', 'libelle': 'Essuyer et ranger la vaisselle, la verrerie, les ustensiles de cuisine', 'exigence': 'E'}, {'code': '104262', 'libelle': 'Réaliser la plonge', 'exigence': 'E'}]","{'libelle': 'Horaire de 11.88 Euros sur 12.0 mois', 'complement1': 'Primes', 'complement2': 'Restauration'}",35H Travail en journée,Temps plein,False,"{'nom': 'LA MAISON DANS LE PARC - Mme Roxane Coulombeau', 'coordonnees1': 'Pour postuler, utiliser le lien suivant : https://candidat.francetravail.fr/offres/recherche/detail/192FJVR', 'courriel': 'Pour postuler, utiliser le lien suivant : https://candidat.francetravail.fr/offres/recherche/detail/192FJVR'}",{},2,False,1,Jamais,2,Ouvrier spécialisé,56.10A,56,Restauration traditionnelle,"[{'libelle': ""Faire preuve d'autonomie"", 'description': ""Capacité à prendre en charge son activité sans devoir être encadré de façon continue (le cas échéant, à solliciter les autres acteurs de l'entreprise).""}, {'libelle': 'Faire preuve de rigueur et de précision', 'description': ""Capacité à réaliser des tâches en suivant avec exactitude les règles, les procédures, les instructions qui ont été fournies, sans réaliser d'erreur et à transmettre clairement des informations. Se montrer ponctuel et respectueux des règles de savoir-vivre usuelles.""}, {'libelle': 'Travailler en équipe', 'description': ""Capacité à travailler et à se coordonner avec les autres au sein de l'entreprise pour réaliser les objectifs fixés.""}]","{'origine': '1', 'urlOrigine': 'https://candidat.francetravail.fr/offres/recherche/detail/192FJVR'}",False,{'horaires': ['35H Travail en journée']},,,
192FJVP,Demi-chef de partie (H/F),"La Brasserie Balthazar, située au pôle restauration de la zone commerciale Auchan à Perpignan recrute deux demi-chefs de partie  (froid/dessert et chaud). 

Nous recherchons une personne qui est force de proposition, qui fait preuve de créativité et qui garantira l'application des règles d'hygiène et de sécurité.

Vous bénéficierez de deux jours de repos consécutifs et finirez le soir aux alentours de 22h30. Expérience exigée.
Notre Brasserie est ouverte 7J/7 de 10h à 22h (sauf le dimanche 10h/14h et 18h/22h).",2025-05-09T21:32:16.466Z,2025-05-09T21:32:16.920Z,"{'libelle': '66 - PERPIGNAN', 'latitude': 42.701392, 'longitude': 2.902878, 'codePostal': '66000', 'commune': '66136'}",G1609,Cuisinier / Cuisinière,Demi-chef de partie,"{'nom': 'BRASSERIE BALTHAZAR', 'entrepriseAdaptee': False}",CDI,CDI,Contrat travail,E,1 An(s),"[{'code': '124919', 'libelle': 'Cuire des viandes, poissons ou légumes', 'exigence': 'E'}, {'code': '124935', 'libelle': 'Dresser des plats pour le service', 'exigence': 'E'}]","{'commentaire': 'Selon expérience', 'complement1': 'Autre'}",39H Travail en journée,Temps plein,False,{},{},2,False,1,Jamais,6,Employé qualifié,56.10A,56,Restauration traditionnelle,"[{'libelle': ""Faire preuve d'autonomie"", 'description': ""Capacité à prendre en charge son activité sans devoir être encadré de façon continue (le cas échéant, à solliciter les autres acteurs de l'entreprise).""}, {'libelle': 'Faire preuve de rigueur et de précision', 'description': ""Capacité à réaliser des tâches en suivant avec exactitude les règles, les procédures, les instructions qui ont été fournies, sans réaliser d'erreur et à transmettre clairement des informations. Se montrer ponctuel et respectueux des règles de savoir-vivre usuelles.""}, {'libelle': ""Être à l'écoute, faire preuve d'empathie"", 'description': ""Capacité à écouter activement, réceptionner des informations et messages, faire preuve d'ouverture d'esprit et de diplomatie.""}]","{'origine': '1', 'urlOrigine': 'https://candidat.francetravail.fr/offres/recherche/detail/192FJVP'}",False,{'horaires': ['39H Travail en journée']},,,
192FJVN,Mécanicien-réparateur / Mécanicienne-réparatrice d'engins de chantier,"URGENT pour un de nos clients, recherche mécanicien(ne) pour engins de chantier :
-Diagnostiquer les pannes : Le mécanicien doit identifier les problèmes techniques sur les engins de chantier, tels que les pelleteuses, bulldozers, niveleuses, compacteurs et autres équipements lourds.

- Réaliser les réparations : Une fois la panne identifiée, le mécanicien procède aux réparations nécessaires, en remplaçant ou réparant les pièces défectueuses. Il doit maîtriser les techniques de soudure, d'assemblage et de montage.

- Assurer l'entretien courant : Le mécanicien d'engins de chantier effectue des opérations d'entretien courant, telles que la vidange, le graissage, le changement de filtres, le contrôle des niveaux, et le réglage des freins.

- Maintenance préventive : Il met en place et suit un programme de maintenance préventive pour éviter les pannes et prolonger la durée de vie des engins.

- Gérer le stock de pièces détachées : Le mécanicien doit assurer la gestion du stock de pièces détachées et passer les commandes nécessaires pour maintenir un inventaire suffisant.

- Respecter les normes de sécurité : Il doit veiller au respect des normes de sécurité et d'hygiène lors de ses interventions sur les engins, et s'assurer que les équipements sont conformes aux réglementations en vigueur.

- Conseiller les opérateurs : Le mécanicien d'engins de chantier est amené à conseiller les opérateurs sur l'utilisation et l'entretien courant des engins, ainsi que sur les bonnes pratiques pour prévenir les pannes.

- Collaborer avec les équipes du chantier : Il travaille en étroite collaboration avec les chefs de chantier, les conducteurs d'engins et les autres membres de l'équipe pour assurer le bon fonctionnement et la disponibilité des engins sur le chantier.

- Suivre les évolutions techniques : Le mécanicien d'engins de chantier doit se tenir informé des évolutions techniques et des nouvelles réglementations liées à son métier, afin de proposer des solutions adaptées et d'optimiser ses interventions.
- savoir les règles de sécurité",2025-05-09T21:26:59.494Z,2025-05-09T21:26:59.915Z,"{'libelle': '971 - BAIE MAHAULT', 'latitude': 16.245166, 'longitude': -61.594891, 'codePostal': '97122', 'commune': '97103'}",I1616,Mécanicien / Mécanicienne d'engins de chantier et de travaux publics,Mécanicien(ne)-réparateur(trice) d'engins de chantier,"{'nom': 'TRAPARINTER', 'entrepriseAdaptee': False}",MIS,Intérim - 12 Mois,Contrat travail,E,2 An(s),"[{'code': '106362', 'libelle': 'Circuits hydrauliques', 'exigence': 'E'}, {'code': '104547', 'libelle': 'Pneumatique', 'exigence': 'E'}]",{'libelle': 'Horaire de 12.0 Euros à 14.0 Euros sur 0.0 mois'},35H Travail en journée,Temps plein,False,"{'nom': 'TRAPARINTER - Mme TRAPARINTER TRAPARINTER', 'coordonnees1': 'Pour postuler, utiliser le lien suivant : https://candidat.francetravail.fr/offres/recherche/detail/192FJVN', 'courriel': 'Pour postuler, utiliser le lien suivant : https://candidat.francetravail.fr/offres/recherche/detail/192FJVN'}",{},1,False,1,Jamais,1,Manœuvre,78.20Z,78,Activités des agences de travail temporaire,"[{'libelle': ""Faire preuve d'autonomie"", 'description': ""Capacité à prendre en charge son activité sans devoir être encadré de façon continue (le cas échéant, à solliciter les autres acteurs de l'entreprise).""}, {'libelle': 'Faire preuve de rigueur et de précision', 'description': ""Capacité à réaliser des tâches en suivant avec exactitude les règles, les procédures, les instructions qui ont été fournies, sans réaliser d'erreur et à transmettre clairement des informations. Se montrer ponctuel et respectueux des règles de savoir-vivre usuelles.""}, {'libelle': 'Organiser son travail selon les priorités et les objectifs', 'description': 'Capacité à planifier, prioriser, anticiper des actions, en tenant compte des moyens, des ressources, des objectifs et du calendrier pour les réaliser.'}]","{'origine': '1', 'urlOrigine': 'https://candidat.francetravail.fr/offres/recherche/detail/192FJVN'}",False,{'horaires': ['35H Travail en journée']},"[{'niveauLibelle': 'Aucune formation scolaire', 'commentaire': 'CACES R482 CONDUCTEUR D ENGINS', 'exigence': 'E'}]",,
192FJVL,Cuisinier / Cuisinière de collectivité (H/F),"POSTE : Cuisinier en EHPAD proche Poitiers, à Quinçay
DESCRIPTION : Nous recherchons un Cuisinier H/F pour un EHPAD à Quinçay(86). Vous serez accompagné(e) par le chef de Cuisine. Equipe de trois personnes. 72 Résidents.

Salaire : à partir de 1670€ Net par mois  (incluant prime SEGUR, 2 Dimanches travaillés), + reprise d'ancienneté conventionnelle + repas. Négociable en fonction des expériences. 

Vos missions :

Vous inscrire dans notre démarche visant à privilégier les produits frais, être au maximum dans le ""fait maison"", tout en privilégiant les circuits courts. 

-  Ravir les papilles des Résidents avec des produits frais, locaux et de qualité (avec des  régimes et textures modifiées)
-  Remplacer votre Chef de Cuisine pendant ses congés.
-  Assurer la traçabilité des produits, le bon respect et le contrôle des normes d'hygiène et sécurité.

NOTRE PROPOSITION :
Localisation : Quinçay (86190) - à moins de10 min de Poitiers. 

Date prise de poste : Fin Mai.
Horaires : Planning de 10H : 6h45 -18h45 avec un temps de pause dans la journée (2h de pause) soit 1 semaine 3j de travail et 1 semaine 4j de travail

Vous avez surtout la possibilité d'apporter votre créativité et vos idées. Le ""Bien manger"" est une valeur centrale et primordiale. 

L'Esprit d'Equipe, la créativité et la force de proposition sont indispensables !

Si vous vous reconnaissez dans ces quelques lignes, contactez nous.",2025-05-09T21:09:32.177Z,2025-05-09T21:09:32.540Z,"{'libelle': '86 - QUINCAY', 'latitude': 46.609006, 'longitude': 0.226267, 'codePostal': '86190', 'commune': '86204'}",G1606,Cuisinier / Cuisinière de collectivité,Cuisinier / Cuisinière de collectivité,"{'nom': ""LES JARDINS D'EDEN"", 'entrepriseAdaptee': False}",CDI,CDI,Contrat travail,E,12 Mois,"[{'code': '124919', 'libelle': 'Cuire des viandes, poissons ou légumes', 'exigence': 'S'}, {'code': '124935', 'libelle': 'Dresser des plats pour le service', 'exigence': 'S'}, {'code': '124947', 'libelle': 'Éplucher des légumes et des fruits', 'exigence': 'S'}, {'code': '104207', 'libelle': 'Préparer les viandes et les poissons', 'exigence': 'S'}]","{'libelle': 'Mensuel de 2182.0 Euros à 2183.0 Euros sur 12.0 mois', 'complement1': 'Primes'}",35H Travail en journée,Temps plein,False,"{'nom': ""LES JARDINS D'EDEN - M. MICHAEL MATEO MAS"", 'coordonnees1': 'Pour postuler, utiliser le lien suivant : https://candidat.francetravail.fr/offres/recherche/detail/192FJVL', 'courriel': 'Pour postuler, utiliser le lien suivant : https://candidat.francetravail.fr/offres/recherche/detail/192FJVL'}",{},1,False,1,Jamais,5,Employé non qualifié,87.30A,87,Hébergement social pour personnes âgées,"[{'libelle': ""Faire preuve d'autonomie"", 'description': ""Capacité à prendre en charge son activité sans devoir être encadré de façon continue (le cas échéant, à solliciter les autres acteurs de l'entreprise).""}, {'libelle': 'Gérer son stress', 'description': 'Capacité à garder le contrôle de soi pour agir efficacement face à des situations irritantes, imprévues, stressantes.'}, {'libelle': 'Organiser son travail selon les priorités et les objectifs', 'description': 'Capacité à planifier, prioriser, anticiper des actions, en tenant compte des moyens, des ressources, des objectifs et du calendrier pour les réaliser.'}]","{'origine': '1', 'urlOrigine': 'https://candidat.francetravail.fr/offres/recherche/detail/192FJVL'}",False,{'horaires': ['35H Travail en journée']},,,
192FJVH,Chef de projet traiteur/évènementiel H/F (H/F),"Ils recherchent un Commercial BtoB (H/F) pour rejoindre leur équipe à La Défense (92) dans le cadre d'un CDI.

L'objectif ? Développer le portefeuille clients, suivre les projets de bout en bout et garantir une expérience client irréprochable, de la première prise de contact jusqu'au jour J.



Ce qu'ils attendent de vous :

→ Prospection commerciale : Identifier de nouvelles opportunités, qualifier les besoins, convertir les leads en clients

→ Construction d'offres personnalisées : Élaborer des devis sur-mesure incluant les produits, quantités, personnel, matériel, etc.

→ Réponse aux appels d'offres : Analyser les cahiers des charges, structurer des offres compétitives, rédiger les éléments administratifs et techniques

→ Suivi des ventes et des projets : Assurer un lien fluide avec les clients, ajuster les prestations en lien avec l'équipe production, commander le matériel et le personnel, rédiger les briefs pour les maîtres d'hôtel et assurer une présence le jour J si nécessaire

→ Fidélisation et relation client : Garder un lien de proximité avec vos clients, anticiper les besoins récurrents, gérer les demandes de dernière minute avec réactivité et fiabilité

→ Pilotage de l'activité : Suivre les indicateurs clés (taux de transformation, chiffre d'affaires généré, etc.) et assurer un reporting régulier à votre responsable commercial

Ce poste est fait pour vous si 

→ Vous avez déjà travaillé dans le secteur du traiteur/évènementiel : ce qui vous permet de comprendre les enjeux du poste 

→ Vous savez organiser un événement de A à Z : vous serez attendu pour tout coordonner jusqu'au jour J : logistique, timing, coordination, matériel, personnel.

→ Vous êtes rigoureux et structuré, vous devrez gérer plusieurs dossiers en simultané, avec des enjeux financiers et une exigence de qualité élevée.

→ Vous avez le sens du contact et du conseil, vous serez en première ligne pour écouter les besoins des clients, les conseiller sur leurs choix, négocier intelligemment, et les fidéliser sur le long terme.

→ Vous êtes à l'aise avec les outils bureautiques et les CRM, car l'activité commerciale est suivie avec précision au sein de l'entreprise.

→ Un niveau B2/C1 sera un plus pour échanger avec une clientèle internationale.



Ce qu'ils proposent

→ CDI - 39h/semaine, du lundi au vendredi
→ Poste basé à La Défense (92)
→ Rémunération :

 * Rémunération fixe 33 000 € brut annuel
 * Variable de 14 000 € à 100% (déplafonné)
   - 1% sur les prestations entrantes (5000 € à 100%)
   - 3% sur les prestations chassées (9000 € à 100%)
   - Prime conditionnée à l'atteinte collective de 40% de l'objectif
 * Prime de 3500 € brut si pallier atteint
 * 1000 € net de PPV / an

→ Mutuelle Swiss Life étendue prise en charge à 50%
→ Transport en commun prise en charge à 70 %
→ Prime mobilité durable de 300 €
→ Forfait téléphonique pris en charge à 70% (max 20 €)
→ Repas frais cuisinés sur place chaque midi
→ Prestation cocktail offerte pour votre anniversaire


Je suis Margaux Grezzani, recruteuse indépendante et partenaire Réseau Talents.
Je prône un recrutement éthique et inclusif, sans discrimination, et j'accueille chaque candidat avec respect et bienveillance.
Mon objectif est de valoriser l'expérience de chacun tout en établissant des relations durables avec mes clients.

Ref : MGR/PRIO",2025-05-09T21:02:17.383Z,2025-05-09T21:02:18.278Z,"{'libelle': '92 - Puteaux', 'latitude': 48.884156, 'longitude': 2.237199, 'codePostal': '92800', 'commune': '92062'}",D1410,Attaché commercial / Attachée commerciale,Commercial / Commerciale,"{'nom': 'RESEAU TALENTS', 'entrepriseAdaptee': False}",CDI,CDI,Contrat travail,E,2 An(s),,{'libelle': 'Annuel de 47000.0 Euros à 52000.0 Euros sur 12.0 mois'},35H Travail en journée,Temps plein,False,"{'coordonnees1': 'https://taleez.com/apply/chef-de-projet-traiteur-evenementiel-h-f-puteaux-reseau-talents-cdi/applying', 'urlPostulation': 'https://taleez.com/apply/chef-de-projet-traiteur-evenementiel-h-f-puteaux-reseau-talents-cdi/applying'}",{},1,False,,,6,Employé qualifié,70.22Z,70,Conseil pour les affaires et autres conseils de gestion,,"{'origine': '1', 'urlOrigine': 'https://candidat.francetravail.fr/offres/recherche/detail/192FJVH'}",False,{'horaires': ['35H Travail en journée']},,,
192FJVC,Lead-développeur .NET (H/F),"Qui sommes-nous ?
ROSARA est un cabinet de conseil en ressources humaines qui accompagne les entreprises dans leurs recrutements stratégiques. Nous sommes mandatés par notre client, une entreprise innovante dans le secteur de l'IT spécialisé dans l'environnement, pour dénicher leur futur talent. 

Notre client est leader sur son marché, avec une équipe de 40 personnes et une dynamique de croissance. Il se distingue par une excellente ambiance de travail, un cadre de travail agréable et des valeurs humaines fortes. Leurs projets ont une réelle utilité publique en contribuant à la gestion et à l'optimisation des ressources environnementales.


Le poste :
Afin de les accompagner dans leur développement, nous recherchons un Lead-Développeur .NET (H/F), pour compléter une équipe composée d'une dizaine de personnes. Au sein d'une équipe technique dynamique, vous interviendrez sur le développement et l'optimisation d'applications, en garantissant leur performance et leur scalabilité. Vous accompagnerez également le responsable de l'équipe dans le management des collaborateurs. 

Vos missions :
- Concevoir, développer et maintenir des applications web en .NET
- Participer à l'évolution des architectures logicielles et proposer des améliorations
- Collaborer avec les équipes techniques et fonctionnelles pour développer des solutions adaptées aux besoins 
- Échanger directement avec les utilisateurs pour comprendre leur besoin
- Encadrer et manager une équipe d'une dizaine de personnes 

Le profil recherché :
Diplômé(e) d'une formation supérieure en informatique, vous avez déjà acquis une expérience similaire en développement d'applications web en .NET et en encadrement d'équipe.

Nous recherchons une personne qui possède de solides compétences sur l'environnement Microsoft (.NET, C#, SQL Server, etc.) et en SQL. Nous souhaitons recruter quelqu'un capable de comprendre les besoins des utilisateurs et d'échanger efficacement avec les équipes métiers.

Vous êtes à l'aise avec le travail en équipe, vous savez vous intégrer à un groupe et être force de proposition. Notre client recherche une personne motivée, curieuse et passionnée. 


Pourquoi les rejoindre ?

Rejoindre cette entreprise, c'est intégrer une équipe dynamique et bienveillante, où la bonne ambiance n'est pas un vain mot. Ici, pas d'open-space bruyant : chaque collaborateur dispose d'un bureau spacieux, partagé avec seulement deux ou trois collègues, au sein d'un cadre de travail de 300m2 pensé pour le bien-être de tous. 
Vous bénéficierez d'un rythme de travail équilibré avec une organisation en 39h par semaine, accompagnée de RTT.

Côté rémunération, l'entreprise propose un Plan d'Épargne Entreprise attractif et une Prime d'intéressement égalitaire pour tous ses collaborateurs. Les avantages sociaux sont pensés pour votre bien-être : une excellente mutuelle prenant en charge votre famille à 100%, une prime vacances, ainsi que des tickets restaurant.

Son faible turn-over est le reflet d'une culture d'entreprise solide, où chacun trouve sa place et s'investit sur le long terme. D'ailleurs, 90% des salariés sont déjà actionnaires, et vous aurez peut-être l'opportunité de rejoindre cette aventure !

Enfin, son emplacement en centre-ville de Dijon (21), proche des transports en commun, vous garantit un accès facile et rapide, et surtout vous serez proche de tout ! 


Vous souhaitez rejoindre une entreprise innovante et engagée sur des projets concrets ? Postulez dès maintenant en nous transmettant votre CV en ligne ou sur contact@rosara.f",2025-05-09T20:46:49.839Z,2025-05-09T20:46:50.270Z,"{'libelle': '21 - Dijon', 'latitude': 47.331848, 'longitude': 5.033601, 'codePostal': '21000', 'commune': '21231'}",M1805,Développeur / Développeuse informatique,Développeur / Développeuse informatique,"{'nom': 'ROSARA', 'description': 'Rosara accompagne les entreprises dans leur recrutement et vous aide à trouver un poste qui correspond à vos compétences et à vos attentes. Nous travaillons avec des entreprises de divers secteurs et proposons des opportunités adaptées à différents profils.\n\nEn passant par Rosara, vous bénéficiez d?un accompagnement personnalisé pour valoriser votre parcours et maximiser vos chances de réussite.', 'entrepriseAdaptee': False}",CDI,CDI,Contrat travail,D,Débutant accepté,"[{'code': '300688', 'libelle': 'Application web', 'exigence': 'S'}, {'code': '109846', 'libelle': 'Concevoir une application web', 'exigence': 'S'}]","{'libelle': 'Annuel de 42000.0 Euros à 48000.0 Euros sur 12.0 mois', 'complement1': 'Primes', 'complement2': 'Participation/action'}",39H Travail en journée,Temps plein,False,"{'nom': 'ROSARA - Mme Barbara FRANCO', 'coordonnees1': 'Pour postuler, utiliser le lien suivant : https://candidat.francetravail.fr/offres/recherche/detail/192FJVC', 'courriel': 'Pour postuler, utiliser le lien suivant : https://candidat.francetravail.fr/offres/recherche/detail/192FJVC'}",{},1,False,,,9,Cadre,70.22Z,70,Conseil pour les affaires et autres conseils de gestion,,"{'origine': '1', 'urlOrigine': 'https://candidat.francetravail.fr/offres/recherche/detail/192FJVC'}",False,{'horaires': ['39H Travail en journée']},,,
192FJVB,Chef pâtissier / pâtissière (H/F),"Postes de chefs pâtissiers dans notre entreprise, chefs spécialisés dans la pâtisserie libanaise.
Nous recherchons des pâtissiers, connaissant les recettes, sachant être autonome dès leur arrivée dans l'entreprise et pouvant donc apporter leur savoir directement.
Toutes techniques traditionnelles telles que faire des baklawas, du knefe, des maamouls, du achta et bien d'autres seront évidement un atout pour les candidats.
L'utilisation et la compréhension de la langue arabe sera naturellement un plus pour les candidats, en effet notre traiteur est inspiré des plus typiques traiteur au Liban, avec sa même ambiance populaire.",2025-05-09T20:45:43.678Z,2025-05-09T20:45:44.009Z,"{'libelle': '75 - PARIS 15', 'latitude': 48.84162, 'longitude': 2.295289, 'codePostal': '75015', 'commune': '75115'}",D1104,Pâtissier / Pâtissière,Chef pâtissier / Cheffe pâtissière,"{'nom': 'SOCIETE PARISIENNE DE NEGOCE LA TROIKA', 'entrepriseAdaptee': False}",CDI,CDI,Contrat travail,D,Débutant accepté,"[{'code': '124933', 'libelle': 'Doser des ingrédients culinaires', 'exigence': 'S'}, {'code': '126105', 'libelle': 'Effectuer le montage et la décoration des produits pâtissiers', 'exigence': 'E'}, {'code': '300282', 'libelle': 'Entretenir, nettoyer un espace, un lieu, un local', 'exigence': 'E'}, {'code': '300375', 'libelle': 'Organiser, aménager un espace de vente', 'exigence': 'S'}]",{'libelle': 'Mensuel de 1802.0 Euros à 2000.0 Euros sur 12.0 mois'},35H Travail en journée,Temps plein,False,{},{},2,False,1,Jamais,6,Employé qualifié,47.22Z,47,Commerce de détail de viandes et de produits à base de viande en magasin spécialisé,"[{'libelle': ""Faire preuve d'autonomie"", 'description': ""Capacité à prendre en charge son activité sans devoir être encadré de façon continue (le cas échéant, à solliciter les autres acteurs de l'entreprise).""}, {'libelle': ""Faire preuve de créativité, d'inventivité"", 'description': 'Capacité à créer, imaginer quelque chose de nouveau (nouveau produit, nouvelle solution, …).'}, {'libelle': 'Organiser son travail selon les priorités et les objectifs', 'description': 'Capacité à planifier, prioriser, anticiper des actions, en tenant compte des moyens, des ressources, des objectifs et du calendrier pour les réaliser.'}]","{'origine': '1', 'urlOrigine': 'https://candidat.francetravail.fr/offres/recherche/detail/192FJVB'}",False,{'horaires': ['35H Travail en journée']},,,"[{'libelle': 'Arabe', 'exigence': 'S'}, {'libelle': 'Français', 'exigence': 'E'}]"
192FJTZ,Chef cuisinier / cuisinière (H/F),"Postes de chefs cuisiniers dans notre entreprise, chefs spécialisés dans la gastronomie libanaise.
Nous recherchons des cuisiniers, connaissant les recettes afin de réaliser des plats libanais, sachant être autonomes dès leur arrivée dans l'entreprise et pouvant donc apporter leur savoir directement.
Toutes techniques traditionnelles telles que faire la broche du shawarma, le kebbe, les sfiha et bien d'autres seront évidement un atout pour les candidats.
La compréhension de langue arabe sera naturellement un plus pour les candidats, en effet notre traiteur est inspiré des plus typiques traiteur au Liban, avec sa même ambiance populaire.",2025-05-09T20:44:29.839Z,2025-05-09T20:44:30.182Z,"{'libelle': '75 - PARIS 15', 'latitude': 48.84162, 'longitude': 2.295289, 'codePostal': '75015', 'commune': '75115'}",G1601,Chef / Cheffe de cuisine,Chef cuisinier / Cheffe cuisinière,"{'nom': 'SOCIETE PARISIENNE DE NEGOCE LA TROIKA', 'entrepriseAdaptee': False}",CDI,CDI,Contrat travail,D,Débutant accepté,"[{'code': '300243', 'libelle': 'Contrôler les règles de Qualité, Hygiène, Sécurité, Santé et Environnement (QHSSE)', 'exigence': 'E'}, {'code': '124935', 'libelle': 'Dresser des plats pour le service', 'exigence': 'E'}, {'code': '300446', 'libelle': 'Respecter les règles de Qualité, Hygiène, Sécurité, Santé et Environnement (QHSSE)', 'exigence': 'E'}]",{'libelle': 'Mensuel de 1802.0 Euros à 2000.0 Euros sur 12.0 mois'},35H Travail en journée,Temps plein,False,{},{},2,False,1,Jamais,6,Employé qualifié,47.22Z,47,Commerce de détail de viandes et de produits à base de viande en magasin spécialisé,"[{'libelle': 'Faire preuve de rigueur et de précision', 'description': ""Capacité à réaliser des tâches en suivant avec exactitude les règles, les procédures, les instructions qui ont été fournies, sans réaliser d'erreur et à transmettre clairement des informations. Se montrer ponctuel et respectueux des règles de savoir-vivre usuelles.""}, {'libelle': 'Gérer son stress', 'description': 'Capacité à garder le contrôle de soi pour agir efficacement face à des situations irritantes, imprévues, stressantes.'}, {'libelle': 'Travailler en équipe', 'description': ""Capacité à travailler et à se coordonner avec les autres au sein de l'entreprise pour réaliser les objectifs fixés.""}]","{'origine': '1', 'urlOrigine': 'https://candidat.francetravail.fr/offres/recherche/detail/192FJTZ'}",False,{'horaires': ['35H Travail en journée']},,,"[{'libelle': 'Arabe', 'exigence': 'S'}, {'libelle': 'Français', 'exigence': 'E'}]"
192FJTY,Soudeur arc (H/F),"Le poste :
Votre agence PROMAN recherche pour l'un de ses clients un soudeur expérimenté H/F. 
Vos missions consisteront à : 
- Identifier les matériaux et les différentes soudures appropriées. 
- Assembler et souder différents éléments entre eux ou sur le support. 
- Maîtrise des techniques de soudure ARC Effectuer les travaux préparatoires au soudage haute pression Interpreter la classification des tuyaux et des normes AUTONOMIE - BONNE DEXTÉRITÉ - BONNE COORDINATION DES MOUVEMENTS connaissances des notions de métallurgie, au fonctionnement des divers procédés de soudage eu tuyauterie Connaissance de lecture de plans Bonne connaissance des alliages Connaissance de lecture de schémas techniques, mécaniques, hydrauliques, électriques 


Profil recherché :
Vous avez des compétences dans la soudure LICENCE A JOUR Vous avez conscience des règles et normes de sécurité. Idéalement, vous avez une formation de soudeur ou dans la tuyauterie . Votre application, votre précision et vos connaissances dans ce domaine vous permettront de mener à bien votre mission. Alors ne perdez pas de temps et rejoignez notre équipe entant soudeur en tuyauterie expérimenté le plus vite ! 
Tous nos postes sont ouverts aux personnes en situation de handicap.",2025-05-09T20:41:04.075Z,2025-05-09T20:41:04.299Z,"{'libelle': '971 - Abymes', 'latitude': 16.265018, 'longitude': -61.500251, 'codePostal': '97139', 'commune': '97101'}",H2913,Soudeur / Soudeuse,Soudeur / Soudeuse à l'arc électrique,"{'nom': 'PROMAN', 'logo': 'https://api.francetravail.fr/exp-rechercheoffre/v1/logo-entreprise/O7vIMVCv434KWFKJkLX5vrcYFz5uAhH2', 'entrepriseAdaptee': False}",MIS,Intérim - 3 Mois,Contrat travail,E,2 An(s),,{'libelle': 'Horaire de 13.0 Euros sur 12.0 mois'},35H Travail en journée,Temps plein,False,"{'nom': 'PROMAN - M. PROMAN LES ABYMES - GUADELOUPE', 'coordonnees1': 'https://www.proman-emploi.fr/?job=MP1012809&candidature&origine=POLE-EMPLOI-JTMO&utm_source=pole-emploi-jtmo&utm_medium=referral&utm_campaign=annonces-free&utm_term=offre', 'urlPostulation': 'https://www.proman-emploi.fr/?job=MP1012809&candidature&origine=POLE-EMPLOI-JTMO&utm_source=pole-emploi-jtmo&utm_medium=referral&utm_campaign=annonces-free&utm_term=offre'}",{},1,False,,,1,Manœuvre,78.20Z,78,Activités des agences de travail temporaire,,"{'origine': '1', 'urlOrigine': 'https://candidat.francetravail.fr/offres/recherche/detail/192FJTY'}",False,{'horaires': ['35H Travail en journée']},,,
192FJTX,ETANCHEUR H/F,"Notre agence Adéquat de Limoges recrute un étancheur (F/H) pour rejoindre une entreprise du bâtiment sur Limoges.

Missions :

- Réaliser de la pose d'étanchéité (pose d'enduit bitumeux)
- Assurer le montage final de l'ouvrage sur site à l'aide de plans
- Contrôler l'étanchéité de l'ouvrage après l'avoir posé

Mission de longue durée du Lundi au Vendredi

Profil :

Vous devez savoir utiliser des outils en respectant les règles de sécurité.

- Vous êtes issu du BTP avec une première expérience sur poste similaire.
- Vous posséder une formation de travail en hauteur
- Vous respectez les consignes de sécurité
- Vous êtes sérieux et motivé

Rémunération et avantages :
- Taux horaire fixe + 10% de fin de mission + 10% de congés payés
- Primes collective et/ou individuelle + participation aux bénéfices + CET 5%
- Acompte de paye à la semaine si besoin,
- Possibilité d'intégration rapide, de formation et d'évolution,
- Bénéficiez d'aides et de services dédiés (mutuelle, logement, garde enfant, déplacement).

Pour toutes questions, vous pouvez nous joindre au ##-##-##-##-## .

Rejoignez le groupe Adéquat, l'acteur le plus dynamique du secteur de l'emploi depuis 38 ans !

Adéquat, Simplement pour vous !",2025-05-09T20:37:52.585Z,2025-05-09T20:37:52.794Z,"{'libelle': '87 - Limoges', 'latitude': 45.856159, 'longitude': 1.221254, 'codePostal': '87000', 'commune': '87085'}",F1613,Étancheur / Étancheuse,Étancheur / Étancheuse,"{'nom': 'ADEQUAT INTERIM', 'description': ""Adéquat, c'est la société de travail temporaire et de recrutement préférée des intérimaires avec un taux de satisfaction de 94,5%.\n\nPlus de 350 agences en France pour vous accompagner dans votre recherche d'emploi (intérim, CDD, CDI, CDI Intérimaire) dans tous les secteurs d'activité : Industrie, Logistique, Transport, BTP, Tertiaire.\n\nDans le cadre de sa politique Diversité et RSE, à compétences égales, toutes nos annonces sont ouvertes aux personnes en situation de handicap."", 'logo': 'https://api.francetravail.fr/exp-rechercheoffre/v1/logo-entreprise/Ddv1GXqfIxaHPVvF39fm0Md531SVEt8z', 'entrepriseAdaptee': False}",MIS,Intérim - 12 Mois,Contrat travail,E,1 An(s),,{'libelle': 'Annuel de 22000.0 Euros à 27000.0 Euros sur 12.0 mois'},35H En extérieur,Temps plein,False,"{'nom': 'ADEQUAT INTERIM - Mme CELINE DE CHARRY', 'coordonnees1': 'https://api-v2-multidiff.xtramile.io/collect/50ffb2efaa2ab8b360264ab85672ac95', 'urlPostulation': 'https://api-v2-multidiff.xtramile.io/collect/50ffb2efaa2ab8b360264ab85672ac95'}",{},1,False,,,6,Employé qualifié,78.20Z,78,Activités des agences de travail temporaire,,"{'origine': '1', 'urlOrigine': 'https://candidat.francetravail.fr/offres/recherche/detail/192FJTX'}",False,"{'horaires': ['35H En extérieur'], 'conditionsExercice': ['En extérieur']}","[{'niveauLibelle': 'Bac ou équivalent', 'commentaire': 'Bac ou équivalent', 'exigence': 'E'}]",,
192FJTW,Conseiller commercial / Conseillère commerciale en bien-être et diététique auprès des particuliers,"Vos missions principales seront: 
-Le conseil et l'accompagnement de clients particuliers dans un programme de rééquilibrage alimentaire/Energie/Minceur/nutrition sportive et accompagnement au bien-être de manière holistique.  Ouverture clientèle France et internationale.
-L'animation/formation et management d'une équipe de conseiller(e)s, si souhaité. Secteur France
Le secteur du bien-être et de la nutrition est en plein essor. Partenaire Français, récemment ouvert à l'international.

Ce poste peut être idéal dans le cadre d'une réorientation et/ou transition professionnelle pour envisager l'entrepreneuriat sur un modèle clés en mains, ou pour un complément de revenus dans un objectif de sécuriser vos revenus et/ou diversifier vos activités/revenus, à côté de votre activité principale ou projet professionnel.
S'adapte aux métiers du bien-être pour un complément et partenariat, personnes souhaitant rejoindre un collectif d'entrepreneurs dynamiques et un marché porteur, anciens sportifs de haut niveau sur une transition professionnelle, et tous profils ambitieux pour entreprendre - Ecole de formation permanente intégrée.

Quelques mots sur le partenaire/fournisseur
Depuis 2003, nous sommes engagés pour donner à chacun les moyens de manger et de vivre mieux. Notre raison d'être: Le bien-être des femmes et des hommes, et de notre planète, passe avant tout par l'alimentation. 
Pour y parvenir, le modèle commercial de la vente directe est le plus efficace. Notre communauté d'entrepreneurs composée de conseillers indépendants  nous permet d'accompagner et d'aider nos clients au quotidien en hyper-proximité, en utilisant également la force des boutiques en ligne et du digital, et proposer un accompagnement sur mesure et personnalisé de chaque personne, en termes de développement personnel et professionnel de leur structure.",2025-05-09T20:37:51.959Z,2025-05-09T20:37:52.380Z,{'libelle': '13 - Bouches du Rhône'},D1403,Commercial / Commerciale auprès des particuliers,Conseiller(ère) commercial(e) bien-être auprès particuliers,"{'nom': 'MASTALSKI MARIE PIERRE', 'description': ""Entrepreneure rattachée à un concept d'entreprise clés en mains, sur le marché en pleine croissance du bien-être et de la prévention santé, j'ai pu à côté d'un emploi salarié, puis en indépendante à temps partagé, développer une structure indépendante, et animer et développer un réseau de distributeurs/trices indépendants en France et en Europe.\n\n"", 'entrepriseAdaptee': False}",CCE,Profession commerciale,Emploi non salarié,D,Débutant accepté,"[{'code': '300014', 'libelle': 'Conseiller, accompagner une personne', 'exigence': 'S'}, {'code': '300379', 'libelle': 'Développer et fidéliser la relation client', 'exigence': 'S'}, {'code': '300374', 'libelle': 'Présenter et valoriser un produit ou un service', 'exigence': 'S'}, {'code': '300366', 'libelle': 'Recueillir et analyser les besoins client', 'exigence': 'S'}]","{'commentaire': 'n/S', 'complement1': 'Autre'}",,,False,"{'nom': 'MASTALSKI MARIE PIERRE - Mme Marie-Pierre MASTALSKI', 'coordonnees1': 'Pour postuler, utiliser le lien suivant : https://candidat.francetravail.fr/offres/recherche/detail/192FJTW', 'courriel': 'Pour postuler, utiliser le lien suivant : https://candidat.francetravail.fr/offres/recherche/detail/192FJTW'}",{},1,False,2,Ponctuels Zone nationale,5,Employé non qualifié,47.99A,47,Vente à domicile,"[{'libelle': 'Avoir le sens du service', 'description': 'Capacité à identifier (voire anticiper) les besoins des usagers, clients (internes et externes) et à apporter une réponse adaptée afin de les satisfaire.'}, {'libelle': ""Faire preuve d'autonomie"", 'description': ""Capacité à prendre en charge son activité sans devoir être encadré de façon continue (le cas échéant, à solliciter les autres acteurs de l'entreprise).""}, {'libelle': 'Faire preuve de curiosité', 'description': ""Capacité à aller chercher au-delà de ce qui est donné à voir, à s'ouvrir sur la nouveauté et à investiguer pour comprendre et agir de façon appropriée.""}]","{'origine': '1', 'urlOrigine': 'https://candidat.francetravail.fr/offres/recherche/detail/192FJTW'}",False,{},,,
192FJTT,Cuisinier / commis de cuisine (H/F),"Poste tournant froid et dessert

horaires en coupure avec 2.5 jours de repos /semaine

valorisation du salaire en juillet et aout

pourboires ( minimum 200 euros / mois

plus de précisions en entretien",2025-05-09T20:31:12.434Z,2025-05-09T20:31:12.862Z,"{'libelle': '84 - AVIGNON', 'latitude': 43.936694, 'longitude': 4.845053, 'codePostal': '84000', 'commune': '84007'}",G1609,Cuisinier / Cuisinière,Cuisinier / Cuisinière,"{'nom': ""L'EPICERIE"", 'description': ""Restaurant au coeur du centre ville historique d'Avignon et proposant une cuisine traditionnelle méditerranéenne et provençale à base de produits frais et de saison."", 'entrepriseAdaptee': False}",SAI,Saisonnier - 6 Mois,Contrat travail,E,1 An(s),"[{'code': '404097', 'libelle': 'CAP cuisine', 'exigence': 'S'}, {'code': '124935', 'libelle': 'Dresser des plats pour le service', 'exigence': 'E'}, {'code': '403326', 'libelle': 'Assurer la propreté de la zone de travail', 'exigence': 'E'}, {'code': '403583', 'libelle': ""Assurer le respect des normes d'hygiène et de sécurité alimentaire"", 'exigence': 'E'}, {'code': '122877', 'libelle': 'Entretenir des équipements de cuisine professionnelle', 'exigence': 'E'}, {'code': '300298', 'libelle': 'Evacuer et trier des déchets, des produits', 'exigence': 'E'}, {'code': '402226', 'libelle': 'Favoriser un environnement de travail collaboratif', 'exigence': 'E'}, {'code': '483178', 'libelle': 'Gérer le timing de préparation pour un service efficace', 'exigence': 'E'}, {'code': '300263', 'libelle': ""Réceptionner des produits, des matières premières, vérifier la conformité d'une livraison"", 'exigence': 'E'}]","{'libelle': 'Horaire de 12.0 Euros sur 0.0 mois', 'complement1': 'Mutuelle', 'complement2': 'Restauration'}",39H Travail en horaires décalés,Temps plein,False,"{'nom': ""L'EPICERIE - Mme Christine Cebe"", 'coordonnees1': 'Pour postuler, utiliser le lien suivant : https://candidat.francetravail.fr/offres/recherche/detail/192FJTT', 'courriel': 'Pour postuler, utiliser le lien suivant : https://candidat.francetravail.fr/offres/recherche/detail/192FJTT'}",{},2,False,,,5,Employé non qualifié,56.10A,56,Restauration traditionnelle,"[{'libelle': ""Faire preuve d'autonomie"", 'description': ""Capacité à prendre en charge son activité sans devoir être encadré de façon continue (le cas échéant, à solliciter les autres acteurs de l'entreprise).""}, {'libelle': 'Faire preuve de réactivité', 'description': ""Capacité à réagir rapidement face à des évènements et à des imprévus, en hiérarchisant les actions, en fonction de leur degré d'urgence / d'importance.""}, {'libelle': 'Travailler en équipe', 'description': ""Capacité à travailler et à se coordonner avec les autres au sein de l'entreprise pour réaliser les objectifs fixés.""}]","{'origine': '1', 'urlOrigine': 'https://candidat.francetravail.fr/offres/recherche/detail/192FJTT'}",False,{'horaires': ['39H Travail en horaires décalés']},,,
192FJTN,Collaborateur comptable de cabinet H/F (H/F),"Vous souhaitez intégrer un cabinet comptable indépendant. 

Nous sommes un cabinet d'environ dix personnes, situé à Saint-Pierre-des-Corps (37), et recherchons un Collaborateur comptable confirmés H/F. 

Supervisé par l'Expert-comptable et un chef de mission, vous gérerez en autonomie un portefeuille de 45-60 dossiers (PME, TPE, BNC, associations). 
Vos missions : 
- La révision comptable des dossiers ; 
- L'établissement des bilans et des liasses fiscales ; 
- L'établissement des déclarations d'impôts sur le revenu ; 
- Le conseil clients. 

Vous travaillerez en collaboration avec un assistant comptable ou apprenti qui interviendra sur la tenue et les TVA de votre portefeuille. 
- Temps de travail 35H 
- Mutuelle, quelques jours de télétravail possibles  

Rémunération : selon l'expérience et les compétences, entre 24K€ et 35K€ par an. 
Votre Profil : 
Issu(e) d'une formation supérieure en comptabilité, vous avez une expérience significative (5 ans minimum) à un poste similaire en cabinet comptable et vous souhaitez continuer dans ce domaine. 
Vous êtes rigoureux, organisé et fiable. Vous disposez également d'un excellent relationnel et êtes force de proposition. 
Idéalement, vous avez déjà travaillé sur le logiciel ACD. 
Toutes les candidatures seront étudiées avec attention et dans une totale confidentialité. Nous attendons vos CV avec impatience !",2025-05-09T20:24:45.843Z,2025-05-09T20:24:46.221Z,"{'libelle': '37 - ST PIERRE DES CORPS', 'latitude': 47.390354, 'longitude': 0.733571, 'codePostal': '37700', 'commune': '37233'}",M1202,Expert-comptable / Experte-comptable,Collaborateur / Collaboratrice d'expertise comptable,"{'nom': 'CABINET CANTIN', 'description': ""Cabinet d'expertise comptable et de Commissariat aux comptes .\nStructure - 10 salariés"", 'entrepriseAdaptee': False}",CDI,CDI,Contrat travail,E,3 An(s),"[{'code': '117019', 'libelle': 'Méthodes et procédures de contrôle comptable', 'exigence': 'S'}, {'code': '119405', 'libelle': 'Procédures de contrôle comptable', 'exigence': 'S'}, {'code': '300449', 'libelle': 'Expliquer et faire respecter les règles et procédures', 'exigence': 'S'}, {'code': '300318', 'libelle': 'Réaliser des opérations comptables', 'exigence': 'S'}]","{'libelle': 'Annuel de 25000.0 Euros à 35000.0 Euros sur 13.0 mois', 'complement1': 'Pc portable', 'complement2': 'Mutuelle'}",35H Horaires annuels,Temps plein,False,"{'nom': 'CABINET CANTIN - Mme ANNE CANTIN GUELLIL', 'coordonnees1': 'Pour postuler, utiliser le lien suivant : https://candidat.francetravail.fr/offres/recherche/detail/192FJTN', 'courriel': 'Pour postuler, utiliser le lien suivant : https://candidat.francetravail.fr/offres/recherche/detail/192FJTN'}",{},1,False,2,Ponctuels Zone départementale,6,Employé qualifié,69.20Z,69,Activités comptables,"[{'libelle': 'Faire preuve de rigueur et de précision', 'description': ""Capacité à réaliser des tâches en suivant avec exactitude les règles, les procédures, les instructions qui ont été fournies, sans réaliser d'erreur et à transmettre clairement des informations. Se montrer ponctuel et respectueux des règles de savoir-vivre usuelles.""}, {'libelle': 'Organiser son travail selon les priorités et les objectifs', 'description': 'Capacité à planifier, prioriser, anticiper des actions, en tenant compte des moyens, des ressources, des objectifs et du calendrier pour les réaliser.'}, {'libelle': 'Respecter ses engagements, assumer ses responsabilités', 'description': ""Capacité à engager sa responsabilité pour atteindre un objectif clairement exprimé et à signaler les éventuels freins à lever pour atteindre l'objectif.""}]","{'origine': '1', 'urlOrigine': 'https://candidat.francetravail.fr/offres/recherche/detail/192FJTN'}",False,{'horaires': ['35H Horaires annuels']},"[{'codeFormation': '32663', 'domaineLibelle': 'Comptabilité', 'niveauLibelle': 'Bac+5 et plus ou équivalents', 'commentaire': 'DECF, DESCF, DCG, DSCG, MSTCF, CCA', 'exigence': 'E'}, {'codeFormation': '32695', 'domaineLibelle': 'Audit comptabilité', 'niveauLibelle': 'Bac+3, Bac+4 ou équivalents', 'exigence': 'E'}]","[{'libelle': 'B - Véhicule léger', 'exigence': 'S'}]",
192FJTL,Assistant / Assistante comptable  (H/F),"Dans le cadre de notre mission d'assistance et d'accompagnement de nos clients vos missions principales sont les suivantes : 

* Saisie courante des dossiers BIC / BNC/ ASSOCIATIONS
* Achat, Ventes, trésorerie, incorporation bancaire, mise à jour des dossiers afin de présenter un dossier à votre responsable dans l'objectif de réaliser la liasse fiscale.

Merci de joindre une lettre de motivation.",2025-05-09T20:22:01.517Z,2025-05-09T20:22:02.383Z,"{'libelle': '37 - ST PIERRE DES CORPS', 'latitude': 47.390354, 'longitude': 0.733571, 'codePostal': '37700', 'commune': '37233'}",M1203,Comptable,Assistant / Assistante comptable,"{'nom': 'CABINET CANTIN', 'description': ""Cabinet d'expertise comptable et de Commissariat aux comptes .\nStructure - 10 salariés"", 'entrepriseAdaptee': False}",CDI,CDI,Contrat travail,D,Débutant accepté,"[{'code': '120886', 'libelle': 'Logiciels comptables', 'exigence': 'E'}, {'code': '117781', 'libelle': 'Comptabilité client', 'exigence': 'E'}, {'code': '117782', 'libelle': 'Comptabilité fournisseurs', 'exigence': 'E'}, {'code': '101360', 'libelle': 'Comptabilité générale', 'exigence': 'E'}, {'code': '100118', 'libelle': 'Fiscalité', 'exigence': 'E'}, {'code': '117139', 'libelle': 'Codifier une facture', 'exigence': 'E'}, {'code': '117140', 'libelle': 'Codifier un mandat', 'exigence': 'S'}, {'code': '117141', 'libelle': 'Codifier un titre', 'exigence': 'S'}, {'code': '300305', 'libelle': 'Effectuer le suivi des commandes, la facturation', 'exigence': 'S'}, {'code': '300379', 'libelle': 'Développer et fidéliser la relation client', 'exigence': 'E'}, {'code': '118990', 'libelle': 'Élaborer des tableaux de bord', 'exigence': 'E'}, {'code': '123228', 'libelle': ""Enregistrer les recettes d'une entreprise"", 'exigence': 'E'}, {'code': '120708', 'libelle': 'Établir des déclarations fiscales et sociales', 'exigence': 'E'}, {'code': '122804', 'libelle': 'Établir un état de rapprochement bancaire', 'exigence': 'E'}, {'code': '119892', 'libelle': 'Établir un reporting de trésorerie', 'exigence': 'E'}, {'code': '117731', 'libelle': ""Paramétrer un système d'information comptable"", 'exigence': 'E'}, {'code': '300487', 'libelle': 'Piloter une activité', 'exigence': 'E'}, {'code': '300318', 'libelle': 'Réaliser des opérations comptables', 'exigence': 'E'}, {'code': '300426', 'libelle': 'Utiliser les outils numériques', 'exigence': 'E'}]","{'libelle': 'Horaire de 12.0 Euros sur 12.0 mois', 'complement1': 'Mutuelle', 'complement2': 'Pc portable'}",35H Travail en journée,Temps plein,False,"{'nom': 'CABINET CANTIN - Mme ANNE CANTIN GUELLIL', 'coordonnees1': 'Pour postuler, utiliser le lien suivant : https://candidat.francetravail.fr/offres/recherche/detail/192FJTL', 'courriel': 'Pour postuler, utiliser le lien suivant : https://candidat.francetravail.fr/offres/recherche/detail/192FJTL'}",{},1,False,2,Ponctuels Zone départementale,6,Employé qualifié,69.20Z,69,Activités comptables,"[{'libelle': 'Faire preuve de rigueur et de précision', 'description': ""Capacité à réaliser des tâches en suivant avec exactitude les règles, les procédures, les instructions qui ont été fournies, sans réaliser d'erreur et à transmettre clairement des informations. Se montrer ponctuel et respectueux des règles de savoir-vivre usuelles.""}, {'libelle': 'Organiser son travail selon les priorités et les objectifs', 'description': 'Capacité à planifier, prioriser, anticiper des actions, en tenant compte des moyens, des ressources, des objectifs et du calendrier pour les réaliser.'}, {'libelle': 'Avoir le sens du service', 'description': 'Capacité à identifier (voire anticiper) les besoins des usagers, clients (internes et externes) et à apporter une réponse adaptée afin de les satisfaire.'}]","{'origine': '1', 'urlOrigine': 'https://candidat.francetravail.fr/offres/recherche/detail/192FJTL'}",False,{'horaires': ['35H Travail en journée']},"[{'codeFormation': '32663', 'domaineLibelle': 'Comptabilité', 'niveauLibelle': 'Bac+2 ou équivalents', 'commentaire': 'Bac+2 / Bac+3 Comptabilité', 'exigence': 'E'}]","[{'libelle': 'B - Véhicule léger', 'exigence': 'S'}]",
192FJSZ,Opérateur de production (H/F),"Manpower LA TOUR DU PIN recherche pour son client un Opérateur de production Meulage à Ste Blandine (38110) (H/F)
 

Dans le cadre de vos fonctions, vous serez amené à : 
-Effectuer le meulage sur pièces de fonderie aluminium. 
-Assurer la finition des pièces traitées. 
-Contrôler la qualité des pièces produites. 
-Maintenir la propreté de l'espace de travail. 
-Respecter les consignes de sécurité et les procédures internes. 
-Réaliser des tâches annexes liées à la production. 
-Participer à l'amélioration continue des processus de production. 
-Rapporter toute anomalie au responsable de production. 
 
 
-Expérience en meulage souhaitée, 
-Rigueur, sens du détail, capacité à travailler en équipe. 
-Horaire de journée 
 
Vous pensez avoir les compétences requises ? transmettez nous vite votre candidature, ce poste est pour vous ! 
Rejoindre MANPOWER c'est également pleins d'avantages : CET à 8%, comité d'entreprise (chèques vacances, culture, bon rentrée scolaire... ) 
 
Nous avons hâte de faire votre rencontre par téléphone ou en agence ! 
 
Votre équipe MANPOWER la Tour du Pin. 
 
",2025-05-09T20:14:33.959Z,2025-05-09T20:14:34.188Z,"{'libelle': '38 - Sainte-Blandine', 'latitude': 45.544962, 'longitude': 5.435499, 'codePostal': '38110', 'commune': '38369'}",H2909,Assembleur monteur / Assembleuse monteuse,Opérateur(trice) de prod en montage-assemblage mécanique,"{'nom': 'MANPOWER', 'description': 'Faites confiance à Manpower, votre partenaire emploi :\n- Des opportunités nombreuses et diversifiées\n- Une expertise RH et des conseils emploi\n- Une employabilité durable avec le programme MyPath® \n- Des démarches facilitées \n- Des avantages et des services', 'entrepriseAdaptee': False}",MIS,Intérim - 18 Mois,Contrat travail,D,Débutant accepté,,{'libelle': 'Horaire de 11.88 Euros sur 12.0 mois'},35H Travail en journée,Temps plein,False,"{'nom': 'MANPOWER - Mme Laurence Brochenin', 'coordonnees1': 'https://www.manpower.fr/offers/details/1101239365?partenaire=FRANCE_TRAVAIL', 'urlPostulation': 'https://www.manpower.fr/offers/details/1101239365?partenaire=FRANCE_TRAVAIL'}",{},1,False,,,2,Ouvrier spécialisé,78.20Z,78,Activités des agences de travail temporaire,,"{'origine': '1', 'urlOrigine': 'https://candidat.francetravail.fr/offres/recherche/detail/192FJSZ'}",False,{'horaires': ['35H Travail en journée']},,,
192FJSY,Technicien de maintenance (H/F),"Manpower LA TOUR DU PIN recherche pour son client, un acteur du secteur des Industries manufacturières et production, un Technicien de maintenance - CDII à Domessin (73330) (H/F) 
 
Notre client est spécialiste de la peinture, du traitement et de la décoration des bois pour les professionnels : spécialistes du parquet, menuisiers, ébénistes, ... 
 

Le Mac Gyver de la maintenance, c'est vous ! Vous aimez relever des défis ? 
 
Découvrez vos missions : 
-Intervenir sur l'ensemble des ateliers et équipements de production pour assurer la maintenance préventive et corrective. 
-Installer, régler et optimiser les machines afin de garantir une performance maximale. 
-Nettoyer, réparer ou remplacer les pièces défectueuses avec un souci constant de minimiser les arrêts de production. 
-Veiller à la disponibilité du matériel pour assurer un flux de production ininterrompu. 
-Documenter les interventions techniques et mettre à jour la GMAO (Gestion de la Maintenance Assistée par Ordinateur). 
-Améliorer continuellement les processus de maintenance pour accroître leur efficacité. 
-Imaginer et mettre en œuvre des solutions innovantes afin d'optimiser la durée de vie des équipements. 
-Former ponctuellement les utilisateurs à la bonne utilisation des machines. 
-Réaliser diverses opérations de manutention pour épauler les équipes. 
 
 
-Diplômé(e) en MEI (Maintenance des Équipements Industriels) ou doté(e) d'une solide expérience professionnelle. 
-Proactif(ve) et force de proposition pour perfectionner les méthodes de travail. 
-Apprécie le travail en équipe et possède de bonnes capacités relationnelles. 
-Dynamique, engagé(e) et rigoureux(se) dans chaque mission. 
-Disponible pour travailler en horaires variables 2X8. 
 
Rejoindre MANPOWER c'est également de nombreux avantages : CET à 8%, comité d'entreprise (chèques vacances, culture, bon rentrée scolaire... ). 
 
Nous avons hâte de faire votre rencontre en agence ou par téléphone. 
 
Votre équipe MANPOWER La Tour du Pin.",2025-05-09T20:14:31.658Z,2025-05-09T20:14:31.874Z,"{'libelle': '73 - Domessin', 'latitude': 45.536987, 'longitude': 5.698002, 'codePostal': '73330', 'commune': '73100'}",I1203,Agent / Agente d'entretien du bâtiment,Technicien polyvalent / Technicienne polyvalente du bâtiment,"{'nom': 'MANPOWER', 'description': 'Faites confiance à Manpower, votre partenaire emploi :\n- Des opportunités nombreuses et diversifiées\n- Une expertise RH et des conseils emploi\n- Une employabilité durable avec le programme MyPath® \n- Des démarches facilitées \n- Des avantages et des services', 'entrepriseAdaptee': False}",DIN,CDI Intérimaire,Contrat travail,E,2 An(s),,"{'commentaire': 'Autres', 'complement1': 'Autre'}",35H Travail en journée,Temps plein,False,"{'nom': 'MANPOWER - Mme Laurence Brochenin', 'coordonnees1': 'https://www.manpower.fr/offers/details/1101239364?partenaire=FRANCE_TRAVAIL', 'urlPostulation': 'https://www.manpower.fr/offers/details/1101239364?partenaire=FRANCE_TRAVAIL'}",{},1,False,,,2,Ouvrier spécialisé,78.20Z,78,Activités des agences de travail temporaire,,"{'origine': '1', 'urlOrigine': 'https://candidat.francetravail.fr/offres/recherche/detail/192FJSY'}",False,{'horaires': ['35H Travail en journée']},,,
192FJSX,Conducteur de ligne (H/F),"Manpower LA TOUR DU PIN recherche pour son client, un acteur du secteur des Industries manufacturières et production, un Conducteur de ligne à Paladru (38850) (H/F)
 
-Assister le conducteur de ligne dans l'exécution des tâches de production. 
-Préparer et organiser les matériaux ainsi que les équipements nécessaires à la fabrication. 
-Surveiller le bon fonctionnement des machines et signaler toute anomalie. 
-Réaliser des ajustements mineurs pour optimiser la performance des équipements. 
-Veiller au maintien de l'ordre et de la propreté sur votre poste de travail. 
-Contrôler la qualité des produits finis et détecter les éventuelles irrégularités. 
-Participer à l'amélioration continue des processus de production. 
-Appliquer avec rigueur les consignes de sécurité de l'entreprise. 
 
 
-Une expérience d'un à trois ans est souhaitable, avec une formation interne assurée. 
-Les certifications CACES 1, 2 et 5 peuvent être exigées en fonction du poste occupé. 
 
Rejoindre MANPOWER c'est également de nombreux avantages : CET à 8%, comité d'entreprise (chèques vacances, culture, bon rentrée scolaire... ). 
 
Nous avons hâte de faire votre rencontre en agence ou par téléphone. 
 
Votre équipe MANPOWER La Tour du Pin. 
 
",2025-05-09T20:14:29.356Z,2025-05-09T20:14:29.597Z,"{'libelle': '38 - Charavines', 'latitude': 45.422656, 'longitude': 5.51632, 'codePostal': '38850', 'commune': '38082'}",H2906,Opérateur / Opératrice en fabrication mécanique,Conducteur(trice) machine auto montage-assemblage mécanique,"{'nom': 'MANPOWER', 'description': 'Faites confiance à Manpower, votre partenaire emploi :\n- Des opportunités nombreuses et diversifiées\n- Une expertise RH et des conseils emploi\n- Une employabilité durable avec le programme MyPath® \n- Des démarches facilitées \n- Des avantages et des services', 'entrepriseAdaptee': False}",MIS,Intérim - 18 Mois,Contrat travail,E,2 An(s),,{'libelle': 'Horaire de 12.0 Euros sur 12.0 mois'},35H Travail en journée,Temps plein,False,"{'nom': 'MANPOWER - Mme Laurence Brochenin', 'coordonnees1': 'https://www.manpower.fr/offers/details/1101239363?partenaire=FRANCE_TRAVAIL', 'urlPostulation': 'https://www.manpower.fr/offers/details/1101239363?partenaire=FRANCE_TRAVAIL'}",{},1,False,,,2,Ouvrier spécialisé,78.20Z,78,Activités des agences de travail temporaire,,"{'origine': '1', 'urlOrigine': 'https://candidat.francetravail.fr/offres/recherche/detail/192FJSX'}",False,{'horaires': ['35H Travail en journée']},,,
192FJSW,Assistant (H/F),"ASICS EUROPE BV, situé à Garons, est une entreprise renommée dans le secteur de la logistique. Elle est connue pour son engagement envers l'excellence et la satisfaction de ses clients recherche un/une Assistant(e) Service Client H/F.
 

Sous la responsabilité de votre team leadeur, l'assistant(e) de service client logistique inclut les responsabilités suivantes : 
-Gestion de la relation client, des filiales et des transporteurs. 
-Rédaction de mails et archivage de documents administratifs. 
-Utilisation des outils front office et back office. 
-Maîtrise d'Excel pour diverses tâches administratives et de gestion. 
 
 

Le candidat idéal doit : 
-Parler couramment anglais et italien ou espagnol. 
-Posséder des compétences en savoir être, 
-Réactivité face aux problématiques de livraison 
-Esprit d'équipe 
-Dynamisme 
-Polyvalence 
 

Poste à pourvoir en journée, du lundi au jeudi : 08h30 - 16h30 et vendredi 08h30-16h 
Taux Horaire : 1350 brut",2025-05-09T20:14:27.057Z,2025-05-09T20:14:27.327Z,"{'libelle': '30 - Garons', 'latitude': 43.773359, 'longitude': 4.430927, 'codePostal': '30128', 'commune': '30125'}",M1607,Secrétaire,Assistant administratif / Assistante administrative,"{'nom': 'MANPOWER FRANCE', 'description': 'Faites confiance à Manpower, votre partenaire emploi :\n- Des opportunités nombreuses et diversifiées\n- Une expertise RH et des conseils emploi\n- Une employabilité durable avec le programme MyPath® \n- Des démarches facilitées \n- Des avantages et des services', 'entrepriseAdaptee': False}",MIS,Intérim - 3 Mois,Contrat travail,D,Débutant accepté,,{'libelle': 'Horaire de 13.5 Euros sur 12.0 mois'},35H Travail en journée,Temps plein,False,"{'nom': 'MANPOWER FRANCE - M. SIMON DUMELIE', 'coordonnees1': 'https://www.manpower.fr/offers/details/1101239362?partenaire=FRANCE_TRAVAIL', 'urlPostulation': 'https://www.manpower.fr/offers/details/1101239362?partenaire=FRANCE_TRAVAIL'}",{},1,False,,,2,Ouvrier spécialisé,78.20Z,78,Activités des agences de travail temporaire,,"{'origine': '1', 'urlOrigine': 'https://candidat.francetravail.fr/offres/recherche/detail/192FJSW'}",False,{'horaires': ['35H Travail en journée']},,,
192FJSV,Magasinier (H/F),"Manpower FREJUS recherche pour son client, un acteur du secteur de la distribution de détail et spécialisée, un Magasinier (H/F)
 

Vous assurez toutes les opérations de la chaîne logistique: manutention, réception, expédition, préparation de commandes, pour faciliter la vie du magasin et du client dans le respect des procédures et des délais. 
 
 
 

Ce que nous vous proposons : 
-Une ambiance familiale, où règne la simplicité et la convivialité 
-Tous les avantages de l'entreprise : tickets restaurant, prévoyance, mutuelle, avantages CSE et tarifs préférentiels collaborateur 
-Des possibilités d'évolution 
 
Ce que l'on attend de vous : 
-Une expérience minimum de 2 ans sur un poste similaire 
-Sens du service 
-Un bon relationnel et un esprit collaboratif 
-Organisation, rigueur 
-Respect des règles de sécurité 
-CACES serait un plus 
",2025-05-09T20:14:24.761Z,2025-05-09T20:14:25.023Z,"{'libelle': '83 - Puget-sur-Argens', 'latitude': 43.470449, 'longitude': 6.685531, 'codePostal': '83480', 'commune': '83099'}",N1110,Magasinier / Magasinière,Magasinier / Magasinière,"{'nom': 'MANPOWER FRANCE', 'description': 'Faites confiance à Manpower, votre partenaire emploi :\n- Des opportunités nombreuses et diversifiées\n- Une expertise RH et des conseils emploi\n- Une employabilité durable avec le programme MyPath® \n- Des démarches facilitées \n- Des avantages et des services', 'entrepriseAdaptee': False}",CDI,CDI,Contrat travail,E,2 An(s),,{'libelle': 'Horaire de 12.0 Euros sur 12.0 mois'},35H Travail en journée,Temps plein,False,"{'nom': 'MANPOWER FRANCE - Mme Marie MASSON', 'coordonnees1': 'https://www.manpower.fr/offers/details/1101239361?partenaire=FRANCE_TRAVAIL', 'urlPostulation': 'https://www.manpower.fr/offers/details/1101239361?partenaire=FRANCE_TRAVAIL'}",{},1,False,,,2,Ouvrier spécialisé,78.20Z,78,Activités des agences de travail temporaire,,"{'origine': '1', 'urlOrigine': 'https://candidat.francetravail.fr/offres/recherche/detail/192FJSV'}",False,{'horaires': ['35H Travail en journée']},,,
192FJST,Employé de magasin (H/F),"Vous avez une expérience en magasin ? 
Vous avez un profil polyvalent(e) et dynamique ? 
 
Manpower recherche un employé de magasin H/F.
 

De manière autonome, vous aurez en charge : 
 
-mettre en rayon les différents produits, 
-contrôler le balisage, l'affichage et l'étiquetage des prix et des promotions ; 
-accueillir la clientèle 
-encaissement 
 Pour réussir sur ce job ! 
-Un goût prononcé pour l'ordre et la propreté 
-Sourire et bonne humeur 
-Dynamisme et rigueur 
-Flexibilité : horaires variables 
 
 

Une première expérience dans le commerce est obligatoire 
Une expérience en presse serait appréciée 
 
Temps plein 35H par semaine du lundi au samedi 
 
Taux horaire brut  11,88 ",2025-05-09T20:14:22.175Z,2025-05-09T20:14:22.420Z,"{'libelle': '83 - Saint-Raphaël', 'latitude': 43.442676, 'longitude': 6.849913, 'codePostal': '83530', 'commune': '83118'}",E1307,Reprographe,Reprographe,"{'nom': 'MANPOWER FRANCE', 'description': 'Faites confiance à Manpower, votre partenaire emploi :\n- Des opportunités nombreuses et diversifiées\n- Une expertise RH et des conseils emploi\n- Une employabilité durable avec le programme MyPath® \n- Des démarches facilitées \n- Des avantages et des services', 'entrepriseAdaptee': False}",CDI,CDI,Contrat travail,E,3 An(s),,{'libelle': 'Horaire de 11.88 Euros sur 12.0 mois'},35H Travail en journée,Temps plein,False,"{'nom': 'MANPOWER FRANCE - Mme Marie MASSON', 'coordonnees1': 'https://www.manpower.fr/offers/details/1101239360?partenaire=FRANCE_TRAVAIL', 'urlPostulation': 'https://www.manpower.fr/offers/details/1101239360?partenaire=FRANCE_TRAVAIL'}",{},1,False,,,2,Ouvrier spécialisé,78.20Z,78,Activités des agences de travail temporaire,,"{'origine': '1', 'urlOrigine': 'https://candidat.francetravail.fr/offres/recherche/detail/192FJST'}",False,{'horaires': ['35H Travail en journée']},,,
192FJSS,Préparateur de commandes (H/F),"Vous êtes disponible pour la saison ? 
 
 Manpower FREJUS recherche pour son client, un acteur du secteur de la distribution de détail et spécialisée, un Préparateur de commandes (H/F). 
 
 

En équipe, avec rigueur, curiosité et énergie, vous assurerez l'approvisionnement, la réception et le stockage des produits en magasin, 
Vous contrôlerez la quantité et la qualité des marchandises, et serez amené à réaliser des activités administratives et informatiques pour enregistrer les opérations courantes, 
Vous participerez également à la gestion de l'organisation de la marchandise : préparations des commandes, rangement des produits, et participation aux inventaires mensuels 
 
Pour réussir sur ce poste, vous devez : 
-aimer l'organisation et la rigueur, auxquelles vous combinez votre sens de l'efficacité, 
-apprécier la polyvalence et avoir une diversité de missions, 
-aimer travailler en équipe, et vous prenez du plaisir à aider vos collègues, 
-être sensible à la satisfaction du travail bien fait, 
-aimer les métiers physiques et qui bougent beaucoup, mais qui sollicitent autant votre tête que vos muscles. 
 
 

Expérience obligatoire en logistique 
CACES 1 impératif 
Maîtrise de l'outil informatique 
 
Planning 35 h par semaine du lundi au samedi 
",2025-05-09T20:14:19.672Z,2025-05-09T20:14:19.889Z,"{'libelle': '83 - Puget-sur-Argens', 'latitude': 43.470449, 'longitude': 6.685531, 'codePostal': '83480', 'commune': '83099'}",N1103,Préparateur / Préparatrice de commandes,Préparateur / Préparatrice de commandes,"{'nom': 'MANPOWER FRANCE', 'description': 'Faites confiance à Manpower, votre partenaire emploi :\n- Des opportunités nombreuses et diversifiées\n- Une expertise RH et des conseils emploi\n- Une employabilité durable avec le programme MyPath® \n- Des démarches facilitées \n- Des avantages et des services', 'entrepriseAdaptee': False}",MIS,Intérim - 3 Mois,Contrat travail,E,2 An(s),,{'libelle': 'Horaire de 12.0 Euros sur 12.0 mois'},35H Travail en journée,Temps plein,False,"{'nom': 'MANPOWER FRANCE - Mme Marie MASSON', 'coordonnees1': 'https://www.manpower.fr/offers/details/1101239359?partenaire=FRANCE_TRAVAIL', 'urlPostulation': 'https://www.manpower.fr/offers/details/1101239359?partenaire=FRANCE_TRAVAIL'}",{},1,False,,,2,Ouvrier spécialisé,78.20Z,78,Activités des agences de travail temporaire,,"{'origine': '1', 'urlOrigine': 'https://candidat.francetravail.fr/offres/recherche/detail/192FJSS'}",False,{'horaires': ['35H Travail en journée']},,,
192FJSR,Agent de quai (H/F),"Vous êtes disponible pour la saison ? 
Vous êtes motivé(e)s pour des postes qui demandent beaucoup de dynamisme ? 
 
Manpower recherche des Agents de quai H/F.
En équipe, vous serez en charge de : 
-Effectuer le déchargement des camions, 
-Scanner les colis, 
-Répartir les colis sur différents chariots en fonction de leurs destinations, 
-Répartir les colis dans les containers en optimisant le rangement, 
-Entretenir sa zone de travail en respectant les normes d'hygiène et de sécurité 
 Pour réussir sur ce poste, il faut : 
- être disponible, rapide et organisé(e) 
- être en maitrise des outils de lecture code barres 
- respecter les règles de sécurité 
- avoir un esprit d'équipe 
- avoir le Smile 
- être ponctuel(le)
Aucune expérience à avoir, juste votre motivation et votre énergie ! 
 
Poste temps plein 35 H / semaine 
Créneau horaire 4h-12h ou 14h-22h 
 
Salaire de référence brut 1820 euros  primes 
 
Pourquoi nous rejoindre ? 
-Tremplin vers un emploi durable cdi intérimaire 
-Programme MYPATH : accompagnement et suivi individualisé 
-Accès à la digitalisation de votre dossier 
-Enchainement des missions 
-Prestations sociales avantageuses : comité d'entreprise, chèque vacances, tickets cinéma, réduction loisirs, aide service sociale, aide au logement, accès aux prêts, 1 % logement.. 
-Parrainage 
",2025-05-09T20:14:17.274Z,2025-05-09T20:14:17.511Z,"{'libelle': '83 - Puget-sur-Argens', 'latitude': 43.470449, 'longitude': 6.685531, 'codePostal': '83480', 'commune': '83099'}",N1106,Agent / Agente de quai manutentionnaire,Agent / Agente de quai manutentionnaire,"{'nom': 'MANPOWER FRANCE', 'description': 'Faites confiance à Manpower, votre partenaire emploi :\n- Des opportunités nombreuses et diversifiées\n- Une expertise RH et des conseils emploi\n- Une employabilité durable avec le programme MyPath® \n- Des démarches facilitées \n- Des avantages et des services', 'entrepriseAdaptee': False}",MIS,Intérim - 4 Mois,Contrat travail,D,Débutant accepté,,{'libelle': 'Horaire de 12.0 Euros sur 12.0 mois'},35H Travail en journée,Temps plein,False,"{'nom': 'MANPOWER FRANCE - Mme Marie MASSON', 'coordonnees1': 'https://www.manpower.fr/offers/details/1101239358?partenaire=FRANCE_TRAVAIL', 'urlPostulation': 'https://www.manpower.fr/offers/details/1101239358?partenaire=FRANCE_TRAVAIL'}",{},1,False,,,2,Ouvrier spécialisé,78.20Z,78,Activités des agences de travail temporaire,,"{'origine': '1', 'urlOrigine': 'https://candidat.francetravail.fr/offres/recherche/detail/192FJSR'}",False,{'horaires': ['35H Travail en journée']},,,
192FJSQ,Conducteur de ligne de production (H/F),"Ce poste de Conducteur de ligne H/F basé à Fougères vous intéresse ! 
 
Vous avez envie de vous épanouir et d'évoluer au sein d'une entreprise qui produit 100% Français ? 
 
Postulez en 1 clic directement via l'appli MonManpower (gratuite) ou contactez Séverine à l'Agence.
Au sein de l'atelier de production, plusieurs missions vous attendent ! 
 
Veiller au bon fonctionnement des machines 
Assurer l'approvisionnement en carton, papier, colle 
Décortiquer le papier et le carton des palettes 
Garantir les objectifs de cadence 
Compléter les documents de suivi de production 
 
Vous intervenez également sur les thèmes de l'entretien, la communication, la qualité, la sécurité/environnement/hygiène. 
 
Horaires : normal ou équipe 2X8 suivant la production 
 
Rémunération : selon votre profil 
 
Par ailleurs, Manpower vous donne la possibilité de valoriser vos indemnités de fin de mission et certaines primes  gratifications anniversaires, avec un rendement de 8%, en les plaçant sur un compte épargne non bloqué ! 
C'est facile et rapide, accessible via l'appli mon manpower (ou votre compte mon manpower).
Vous avez une formation de base technique ou mécanique et justifiez d'une expérience en conduite de ligne. 
Vous pouvez portez des charges et maîtrisez les règles et procédures Qualité/Sécurité. 
 
Vous savez piloter, organiser, être force de proposition. 
De plus, le travail en équipe, la communication, la réactivité et la rigueur sont vos atouts ! 
 
Vous vous reconnaissez ? Postulez en 1 clic directement via l'appli MonManpower (gratuite) ou contactez moi à l'Agence. 
Ou, vous connaissez quelqu'un susceptible de correspondre à ce poste ? Parrainez-le et gagnez 150 (selon règlement en vigueur). 
 
A très vite, 
Séverine DOURDAIN 
 
Suivez nous sur notre page Facebook Manpower Fougères ! 
Devenir Salarié(e) intérimaire chez Manpower vous permet de bénéficier de nombreux avantages et services !",2025-05-09T20:14:14.795Z,2025-05-09T20:14:15.041Z,"{'libelle': '35 - Fougères', 'latitude': 48.35611, 'longitude': -1.194095, 'codePostal': '35300', 'commune': '35115'}",H2906,Opérateur / Opératrice en fabrication mécanique,Conducteur(trice) machine auto montage-assemblage mécanique,"{'nom': 'MANPOWER FRANCE', 'description': 'Faites confiance à Manpower, votre partenaire emploi :\n- Des opportunités nombreuses et diversifiées\n- Une expertise RH et des conseils emploi\n- Une employabilité durable avec le programme MyPath® \n- Des démarches facilitées \n- Des avantages et des services', 'entrepriseAdaptee': False}",MIS,Intérim - 6 Mois,Contrat travail,D,Débutant accepté,,"{'commentaire': 'Autres', 'complement1': 'Autre'}",35H Travail en journée,Temps plein,False,"{'nom': 'MANPOWER FRANCE - Mme BERNADETTE PINCEMIN', 'coordonnees1': 'https://www.manpower.fr/offers/details/1101239356?partenaire=FRANCE_TRAVAIL', 'urlPostulation': 'https://www.manpower.fr/offers/details/1101239356?partenaire=FRANCE_TRAVAIL'}",{},1,False,,,2,Ouvrier spécialisé,78.20Z,78,Activités des agences de travail temporaire,,"{'origine': '1', 'urlOrigine': 'https://candidat.francetravail.fr/offres/recherche/detail/192FJSQ'}",False,{'horaires': ['35H Travail en journée']},,,
192FJSN,Agent de conditionnement (H/F),"Manpower SAINT OUEN L'AUMONE LOGISTIQUE recherche pour son client un Agent de conditionnement (H/F) 
 
Vous travaillez au sein d'un atelier afin de conditionner les produits.
Les missions : 
 
 Vous serez en charge d'effectuer les tâches suivantes sur une ligne de production : 
 
- Conditionner 
- Étiqueter 
- Trier 
- Emballer 
- Contrôler 
 
... ... ... ... ... ... ... ... ... ... ... ... ... ... ... ... ... ... ... ... ... ... ... ... ... ... ... ... ... ... ... ... ... . 
 
Expérience dans le domaine du conditionnement est souhaitable. 
 
Horaires en équipe 2*8 
 
 
 
 
 
",2025-05-09T20:14:09.862Z,2025-05-09T20:14:10.105Z,"{'libelle': '95 - Cergy', 'latitude': 49.04227, 'longitude': 2.045547, 'codePostal': '95000', 'commune': '95127'}",H3302,Agent / Agente de conditionnement,Agent / Agente de conditionnement,"{'nom': 'MANPOWER FRANCE', 'description': 'Faites confiance à Manpower, votre partenaire emploi :\n- Des opportunités nombreuses et diversifiées\n- Une expertise RH et des conseils emploi\n- Une employabilité durable avec le programme MyPath® \n- Des démarches facilitées \n- Des avantages et des services', 'entrepriseAdaptee': False}",MIS,Intérim - 1 Mois,Contrat travail,E,2 An(s),,{'libelle': 'Horaire de 13.0 Euros sur 12.0 mois'},35H Travail en journée,Temps plein,False,"{'nom': 'MANPOWER FRANCE - Mme Florence GRAMOND', 'coordonnees1': 'https://www.manpower.fr/offers/details/1101239354?partenaire=FRANCE_TRAVAIL', 'urlPostulation': 'https://www.manpower.fr/offers/details/1101239354?partenaire=FRANCE_TRAVAIL'}",{},1,False,,,2,Ouvrier spécialisé,78.20Z,78,Activités des agences de travail temporaire,,"{'origine': '1', 'urlOrigine': 'https://candidat.francetravail.fr/offres/recherche/detail/192FJSN'}",False,{'horaires': ['35H Travail en journée']},,,
192FJSM,Conducteur de machine agroalimentaire (H/F),"Votre agence Manpower recherche pour son client basé à Lanfains, un conducteur de machine dans son usine de transformation de lait et fromage. 
 
Au sein de l'atelier de conditionnement des bouteilles (yaourt à boire, lait ribot, etc) ou du fromage râpé vous aurez pour missions : 
-Encaisser, palettiser et filmer 
-Effectuer l'alimentation en emballages et consommables des lignes (fromage, lait, etc) 
-Effectuer les réglages et réaliser les changements de formats pour la formeuse de carton 
-Réaliser les opérations de manutention 
-Effectuer les autocontrôles et les enregistrements afférant dans l'outil informatique 
-Ranger et nettoyer son poste et son environnement de travail 
-Détecter et identifier les non conformes et les anomalies et alerter le responsable 
Caractéristiques du Poste 
-Type de contrat : temps plein 
-Température de l'atelier: ambiante 13 
-Les horaires : 3*8 (OBLIGATOIRE) 
Rémunération et Avantages 
-Taux horaire : 13,28 euros brut / heure 
-Primes panier, habillage, majoration des heures de nuit 
-Compte Épargne Temps (8% d'intérêt) 
-Parrainage : parrainez un ami et gagnez 150  (selon heures réalisées) 
 
Vous avez déjà travaillé en agro-alimentaire, sur de la conduite de ligne ou de machine ? Vous avez bon esprit d'équipe, êtes polyvalent, organisé et disposez du Caces R485-1 ? 
 
Ce poste est fait pour vous ! 
Postulez-en 1 clic directement via l'application MonManpower ou contactez-nous à l'agence de LAMBALLE ! 
 
En devenant Salarié(e) Intérimaire Manpower, vous pourrez bénéficier de nombreux avantages et services : 
CSE OUEST, CSCE : remboursement d'activités variées, Mutuelle et prévoyance santé, FASTT (garde d'enfant, aide logement, location de véhicule... ), BlablaCar Daily, Gratification Anniversaire allant jusqu'à 4 500. 
Adressez-nous rapidement votre candidature !",2025-05-09T20:14:07.462Z,2025-05-09T20:14:07.713Z,"{'libelle': '22 - Lanfains', 'latitude': 48.373116, 'longitude': -2.906889, 'codePostal': '22800', 'commune': '22099'}",H2102,Conducteur / Conductrice de ligne en industrie alimentaire,Conducteur(trice) de machines en industrie alimentaire,"{'nom': 'MANPOWER', 'description': 'Faites confiance à Manpower, votre partenaire emploi :\n- Des opportunités nombreuses et diversifiées\n- Une expertise RH et des conseils emploi\n- Une employabilité durable avec le programme MyPath® \n- Des démarches facilitées \n- Des avantages et des services', 'entrepriseAdaptee': False}",MIS,Intérim - 1 Mois,Contrat travail,D,Débutant accepté,,{'libelle': 'Horaire de 13.28 Euros sur 12.0 mois'},35H Travail en journée,Temps plein,False,"{'nom': 'MANPOWER - M. Eric Despoulains', 'coordonnees1': 'https://www.manpower.fr/offers/details/1101239351?partenaire=FRANCE_TRAVAIL', 'urlPostulation': 'https://www.manpower.fr/offers/details/1101239351?partenaire=FRANCE_TRAVAIL'}",{},1,False,,,2,Ouvrier spécialisé,78.20Z,78,Activités des agences de travail temporaire,,"{'origine': '1', 'urlOrigine': 'https://candidat.francetravail.fr/offres/recherche/detail/192FJSM'}",False,{'horaires': ['35H Travail en journée']},,,
192FJSL,Technicien usinage (H/F),"Manpower BOULOGNE SUR MER recherche pour son client, un Technicien usinage H/F pour un poste de Tourneur. 
 
Située à Boulogne, notre client est reconnue pour la qualité de ses produits et son engagement envers l'innovation et la satisfaction client. 
 
 
 

Dans le cadre de votre poste, vous serez amené à : 
-Programmer des machines CNC via PC. 
-Réglage des machines-outils pour l'usinage. 
-Surveiller le déroulement des opérations de production. 
-Contrôler la qualité des pièces usinées. 
-Maintenir les équipements en bon état de fonctionnement. 
-Participer à l'amélioration des procédés de fabrication. 
-Respecter les normes de sécurité en vigueur dans l'atelier. 
-Documenter les opérations et rédiger des rapports de production. 
 
 

Profil recherché : jeune diplômé BTS ou expérimenté en usinage, avec compétence en programmation CNC. 
 
Vos avantages : 
-Mode de travail collaboratif, basé sur l'autonomie et la responsabilité 
-Opportunités de parcours professionnels adaptés à votre profil 
-Congés payés et RTT 
-Mutuelle d'entreprise et prévoyance santé 
-CET à 8 % 
-CSE, CSEC 
-FASTT (garde d'enfant, aide au logement, location de véhicule.) 
 Si votre candidature a retenu notre attention pour ce poste, voici les étapes du processus de recrutement : 
-Un échange téléphonique préalable 
-Un entretien avec l'un de nos Agents de Talents 
-Si nécessaire, des évaluations ciblées types (technique, personnalité, .) 
-Un entretien avec le client 
 

Nous assurons le pilotage de votre mission pour un parcours réussi : Formation, sensibilisation Sécurité, gestion administrative, .",2025-05-09T20:14:05.161Z,2025-05-09T20:14:05.423Z,"{'libelle': '62 - Boulogne-sur-Mer', 'latitude': 50.726334, 'longitude': 1.6106, 'codePostal': '62200', 'commune': '62160'}",H2903,Tourneur-fraiseur / Tourneuse-fraiseuse,Opérateur(trice)-régleur(se) machine-outil usinage métaux,"{'nom': 'MANPOWER FRANCE', 'description': 'Faites confiance à Manpower, votre partenaire emploi :\n- Des opportunités nombreuses et diversifiées\n- Une expertise RH et des conseils emploi\n- Une employabilité durable avec le programme MyPath® \n- Des démarches facilitées \n- Des avantages et des services', 'entrepriseAdaptee': False}",CDD,CDD - 6 Mois,Contrat travail,E,2 An(s),,{'libelle': 'Horaire de 13.0 Euros à 14.0 Euros sur 12.0 mois'},35H Travail en journée,Temps plein,False,"{'nom': 'MANPOWER FRANCE - M. Manpower Boulogne ', 'coordonnees1': 'https://www.manpower.fr/offers/details/1101239350?partenaire=FRANCE_TRAVAIL', 'urlPostulation': 'https://www.manpower.fr/offers/details/1101239350?partenaire=FRANCE_TRAVAIL'}",{},1,False,,,2,Ouvrier spécialisé,78.20Z,78,Activités des agences de travail temporaire,,"{'origine': '1', 'urlOrigine': 'https://candidat.francetravail.fr/offres/recherche/detail/192FJSL'}",False,{'horaires': ['35H Travail en journée']},,,
192FJSK,Ajusteur monteur (H/F),"Manpower Saint-Brieuc recherche pour son client, entreprise spécialisée dans le secteur de l'aménagement de camping-car, monteur-assembleur H/F. 
 
Notre client est spécialisé dans la fabrication de véhicules de loisirs tels que les campings cars.
Au sein des ateliers de production, vous aurez en charge l'assemblage d'éléments de production.e 
 
Vos missions : 
-Préparer les composants pour l'assemblage de campings cars 
-Effectuer le montage et l'assemblage des différents composants 
-Utiliser diverses machines et outils, manuels ou électroportatifs 
-Réaliser l'autocontrôle des pièces et des assemblages réalisés 
-Effectuer diverses tâches liées à la fabrication de campings cars 
-Assurer le rangement et le nettoyage de votre poste de travail 
-Manutentionner et porter des charges diverses 
-Veiller à la conformité et à la qualité du travail effectué 
CARACTERISTIQUES DU POSTE : 
Horaires de journée 8H-12H / 13H-16H, (heures variables) 
 
Rémunération : 
-Rémunération de 11.88 euros brut de l'heure au minimum 
-Prime de 13ème mois (35% d'un salaire mensuel après une année de présence, proratisée et plafonnée à 35h hebdomadaires). 
-Mode de travail collaboratif, basé sur l'autonomie et la responsabilité. 
-Opportunités de parcours professionnels adaptés à votre profil. 
-Congés payés et RTT. 
-Mutuelle d'entreprise et prévoyance santé. 
-CET à 8 %. 
-CSE, CSEC. 
-FASTT (garde d'enfant, aide au logement, location de véhicule.). 
-Parrainage : parrainez un ami et gagnez 150  (selon heures réalisées) 
 
Expérience en assemblage et fabrication, utilisation d'outils manuels/électroportatifs, sens de l'organisation, rigueur et esprit d'équipe ? 
Nous recherchons surtout votre MOTIVATION, votre envie d'apprendre et votre SAVOIR ETRE ! 
 
Postulez-en 1 clic directement via l'application MonManpower ou contactez-nous à l'agence de LAMBALLE ! 
 
En devenant Salarié(e) Intérimaire Manpower, vous pourrez bénéficier de nombreux avantages et services : 
CSE OUEST, CSCE : remboursement d'activités variées, Mutuelle et prévoyance santé, FASTT (garde d'enfant, aide logement, location de véhicule... ), BlablaCar Daily, Gratification Anniversaire allant jusqu'à 4 500. 
Adressez-nous rapidement votre candidature !",2025-05-09T20:14:02.773Z,2025-05-09T20:14:03.040Z,"{'libelle': '22 - Saint-Brandan', 'latitude': 48.388384, 'longitude': -2.875444, 'codePostal': '22800', 'commune': '22277'}",H2901,Ajusteur-monteur / Ajusteuse-monteuse,Ajusteur-monteur / Ajusteuse-monteuse de fabrication,"{'nom': 'MANPOWER', 'description': 'Faites confiance à Manpower, votre partenaire emploi :\n- Des opportunités nombreuses et diversifiées\n- Une expertise RH et des conseils emploi\n- Une employabilité durable avec le programme MyPath® \n- Des démarches facilitées \n- Des avantages et des services', 'entrepriseAdaptee': False}",MIS,Intérim - 14 Jour(s),Contrat travail,D,Débutant accepté,,{'libelle': 'Horaire de 11.88 Euros à 12.4 Euros sur 12.0 mois'},35H Travail en journée,Temps plein,False,"{'nom': 'MANPOWER - M. Eric Despoulains', 'coordonnees1': 'https://www.manpower.fr/offers/details/1101239349?partenaire=FRANCE_TRAVAIL', 'urlPostulation': 'https://www.manpower.fr/offers/details/1101239349?partenaire=FRANCE_TRAVAIL'}",{},1,False,,,2,Ouvrier spécialisé,78.20Z,78,Activités des agences de travail temporaire,,"{'origine': '1', 'urlOrigine': 'https://candidat.francetravail.fr/offres/recherche/detail/192FJSK'}",False,{'horaires': ['35H Travail en journée']},,,
192FJSH,Mécanicien technicien (H/F),"Manpower ST MALO recherche pour son client, un acteur du secteur de l'automobile, un Mécanicien technicien VL (H/F)
En tant que mécanicien, vos missions sont les suivantes : 
-Etablir un diagnostic en détectant la panne, 
-Réaliser l'entretien auto courant (graissage, vidange, embrayage, freins, direction... ), 
-Démonter les pièces défectueuses et les remplacer, 
-Réaliser les mises à jour et réglages, 
-Réaliser les essais 
-Etc... 
 
Titulaire d'une formation CAP / BAC PRO en mécanique auto ou possédez une première expérience significative dans ce domaine. 
 
Ce poste vous intéresse ? 
N'hésitez plus, et postulez directement à cette offre d'emploi ou contactez nous à l'agence de Manpower St Malo ! 
 
En rejoignant notre groupe et en devenant salarié(e) Manpower, vous pourrez bénéficier de nombreux avantages et services ! (Par exemple : Congés payés, prévoyance santé, CET à 8%, CSE Ouest et CSCE : Jusqu'à 1000/an de remboursement, vacances, loisirs, sport, rentrées scolaires, mariage... FASTT : aide au logement, garde d'enfants, location de véhicule... , partenariat BlablaCar Daily... ..)",2025-05-09T20:14:00.263Z,2025-05-09T20:14:00.501Z,"{'libelle': '35 - Saint-Malo', 'latitude': 48.642082, 'longitude': -1.988626, 'codePostal': '35400', 'commune': '35288'}",I1604,Mécanicien / Mécanicienne automobile,Mécanicien / Mécanicienne automobile,"{'nom': 'MANPOWER FRANCE', 'description': 'Faites confiance à Manpower, votre partenaire emploi :\n- Des opportunités nombreuses et diversifiées\n- Une expertise RH et des conseils emploi\n- Une employabilité durable avec le programme MyPath® \n- Des démarches facilitées \n- Des avantages et des services', 'entrepriseAdaptee': False}",CDI,CDI,Contrat travail,D,Débutant accepté,,"{'commentaire': 'Autres', 'complement1': 'Autre'}",35H Travail en journée,Temps plein,False,"{'nom': 'MANPOWER FRANCE - Mme AURORE GAISLIN', 'coordonnees1': 'https://www.manpower.fr/offers/details/1101239344?partenaire=FRANCE_TRAVAIL', 'urlPostulation': 'https://www.manpower.fr/offers/details/1101239344?partenaire=FRANCE_TRAVAIL'}",{},1,False,,,2,Ouvrier spécialisé,78.20Z,78,Activités des agences de travail temporaire,,"{'origine': '1', 'urlOrigine': 'https://candidat.francetravail.fr/offres/recherche/detail/192FJSH'}",False,{'horaires': ['35H Travail en journée']},,,
192FJSG,Chargé d'accueil (H/F),"Manpower THONON LES BAINS recherche pour son client, un acteur du secteur public, un Agent d'accueil (H/F)
Dans le cadre de vos fonctions, vous serez amené à : 
-Renseigner et orienter le public. 
-Gérer le courrier et l'affichage d'informations. 
-Assister dans diverses tâches administratives. 
-Gérer la facturation aux abonnés. 
-Organiser et contrôler la relève des compteurs. 
-Calculer, vérifier et envoyer des factures. 
-Préparer des courriers en lien avec la facturation et le suivi des dossiers. 
-Assurer l'accueil et traiter les demandes des abonnés physiquement, par téléphone et électroniquement. 
-Mettre à jour et suivre les dossiers des abonnés (back office). 
-Saisir les opérations d'encaissements et de recouvrements. 
-Effectuer le suivi et la mise à jour des indicateurs de performance. 
 
De formation ou d'expérience administrative, organisé-e, rigoureux-se, méthodique. 
Aisance avec les chiffres et maîtrise des outils bureautiques essentiels. 
 
Vos avantages : 
-Mode de travail collaboratif, basé sur l'autonomie et la responsabilité. 
-Opportunités de parcours professionnels adaptés à votre profil. 
-Congés payés et RTT. 
-Mutuelle d'entreprise et prévoyance santé. 
-CET à 8 %. 
-CSE, CSEC. 
-FASTT (garde d'enfant, aide au logement, location de véhicule.). 
",2025-05-09T20:13:57.840Z,2025-05-09T20:13:58.094Z,"{'libelle': '74 - Perrignier', 'latitude': 46.303813, 'longitude': 6.436716, 'codePostal': '74550', 'commune': '74210'}",M1601,Chargé / Chargée d'accueil,Chargé / Chargée d'accueil,"{'nom': 'MANPOWER FRANCE', 'description': 'Faites confiance à Manpower, votre partenaire emploi :\n- Des opportunités nombreuses et diversifiées\n- Une expertise RH et des conseils emploi\n- Une employabilité durable avec le programme MyPath® \n- Des démarches facilitées \n- Des avantages et des services', 'entrepriseAdaptee': False}",MIS,Intérim - 7 Jour(s),Contrat travail,D,Débutant accepté,,"{'commentaire': 'Autres', 'complement1': 'Autre'}",35H Travail en journée,Temps plein,False,"{'nom': 'MANPOWER FRANCE - M. MAXENCE ROGER', 'coordonnees1': 'https://www.manpower.fr/offers/details/1101239343?partenaire=FRANCE_TRAVAIL', 'urlPostulation': 'https://www.manpower.fr/offers/details/1101239343?partenaire=FRANCE_TRAVAIL'}",{},1,False,,,2,Ouvrier spécialisé,78.20Z,78,Activités des agences de travail temporaire,,"{'origine': '1', 'urlOrigine': 'https://candidat.francetravail.fr/offres/recherche/detail/192FJSG'}",False,{'horaires': ['35H Travail en journée']},,,
192FJSF,Technicien méthodes (H/F),"Entreprise spécialisée dans les technologies du vide et acteur majeur de la vie économique du bassin annécien, la Société PFEIFFER VACUUM, en partenariat avec votre agence MANPOWER Rumilly, recrute un Technicien méthodes (H/F)
 

Objectif de la mission : Réalisation de plans 2D (vues éclatées) et nomenclatures de sous-ensembles, qui seront utilisées comme instructions de phase par la production 
 
Descriptif des actions à mener : 
-Découpage du 3D d'un équipement complet en sous-ensembles, sous CREO 
-Création des nomenclatures des sous-ensembles à partir de la nomenclature complète 
-Création de plans incluant des vues éclatées pour assister la production 
 
 

De formation Technicien Supérieur en conception industrielle ou génie mécanique 
Connaissances CREO 
Connaissances ECTR seraient un plus 
Expérience exigée d'1 an minimum en CAO 
 
Cette annonce vous intéresse? Postulez et parlons-en ensemble!",2025-05-09T20:13:38.316Z,2025-05-09T20:13:38.562Z,"{'libelle': '74 - Annecy', 'latitude': 45.901584, 'longitude': 6.125296, 'codePostal': '74000', 'commune': '74010'}",H1404,Technicien / Technicienne méthodes,Technicien / Technicienne méthodes,"{'nom': 'MANPOWER FRANCE', 'description': 'Faites confiance à Manpower, votre partenaire emploi :\n- Des opportunités nombreuses et diversifiées\n- Une expertise RH et des conseils emploi\n- Une employabilité durable avec le programme MyPath® \n- Des démarches facilitées \n- Des avantages et des services', 'entrepriseAdaptee': False}",MIS,Intérim - 3 Mois,Contrat travail,E,2 An(s),,{'libelle': 'Mensuel de 2400.0 Euros à 3000.0 Euros sur 12.0 mois'},35H Travail en journée,Temps plein,False,"{'nom': 'MANPOWER FRANCE - Mme Celine VELAY', 'coordonnees1': 'https://www.manpower.fr/offers/details/1101239340?partenaire=FRANCE_TRAVAIL', 'urlPostulation': 'https://www.manpower.fr/offers/details/1101239340?partenaire=FRANCE_TRAVAIL'}",{},1,False,,,2,Ouvrier spécialisé,78.20Z,78,Activités des agences de travail temporaire,,"{'origine': '1', 'urlOrigine': 'https://candidat.francetravail.fr/offres/recherche/detail/192FJSF'}",False,{'horaires': ['35H Travail en journée']},,,"[{'libelle': 'Français', 'exigence': 'S'}, {'libelle': 'Anglais', 'exigence': 'S'}]"
192FJSD,Cariste (H/F),"Manpower EVREUX recherche pour son client, un acteur du secteur de la logistique, un Cariste (H/F)
Votre principale mission sera l'utilisation des chariots élévateurs (CACES 1, 3) pour faire de l'approvisionnement de chaine. 
-Réception : Accueillir les marchandises, vérifier leur conformité et les enregistrer dans le système de gestion des stocks. 
-Stockage : Ranger les produits avec précision, optimiser l'espace de stockage et maintenir l'ordre dans l'entrepôt. 
-Sortie de matières : Préparer les commandes, assurer le chargement sécurisé des camions et effectuer les expéditions dans le respect des délais. 
 Utiliser les chariots élévateurs (CACES 1, 3) pour faire de l'approvisionnement de chaine.
 
-Expérience : Vous avez une expérience confirmée en logistique et êtes habile dans la manipulation des chariots élévateurs. 
-Certifications : Vous possédez les CACES 1, 3 et avez une bonne connaissance des procédures de sécurité. 
",2025-05-09T20:13:35.863Z,2025-05-09T20:13:36.101Z,"{'libelle': '27 - Évreux', 'latitude': 49.020599, 'longitude': 1.146898, 'codePostal': '27000', 'commune': '27229'}",N1101,Cariste,Cariste,"{'nom': 'MANPOWER', 'description': 'Faites confiance à Manpower, votre partenaire emploi :\n- Des opportunités nombreuses et diversifiées\n- Une expertise RH et des conseils emploi\n- Une employabilité durable avec le programme MyPath® \n- Des démarches facilitées \n- Des avantages et des services', 'entrepriseAdaptee': False}",MIS,Intérim - 7 Jour(s),Contrat travail,D,Débutant accepté,,{'libelle': 'Horaire de 11.88 Euros sur 12.0 mois'},35H Travail en journée,Temps plein,False,"{'nom': 'MANPOWER - Mme Stéphanie BOUTIN', 'coordonnees1': 'https://www.manpower.fr/offers/details/1101239339?partenaire=FRANCE_TRAVAIL', 'urlPostulation': 'https://www.manpower.fr/offers/details/1101239339?partenaire=FRANCE_TRAVAIL'}",{},1,False,,,2,Ouvrier spécialisé,78.20Z,78,Activités des agences de travail temporaire,,"{'origine': '1', 'urlOrigine': 'https://candidat.francetravail.fr/offres/recherche/detail/192FJSD'}",False,{'horaires': ['35H Travail en journée']},,,
192FJRZ,Hydraulicien (H/F),"Vous êtes passionné par la mécanique navale et spécialisé en hydraulique ? Une société dynamique basée à La Ciotat recherche un hydraulicien pour une mission en intérim.
 

Vous aurez comme missions : 
-Installation, maintenance et réparation des systèmes hydrauliques. 
-Diagnostic des pannes et mise en place de solutions adaptées. 
-Lecture et interprétation de schémas hydrauliques. 
-Travail en équipe pour garantir la performance et la sécurité des équipements. 
 

 
 
 

 Expérience confirmée en hydraulique industrielle ou navale. 
 Connaissance des normes et réglementations en vigueur. 
 Autonomie, rigueur et sens de l'analyse. 
 Capacité à travailler sous pression et à résoudre des problèmes techniques rapidement. 
 
Vos avantages MANPOWER : 
-Mode de travail collaboratif, basé sur l'autonomie et la responsabilité 
-Opportunités de parcours professionnels adaptés à votre profil 
-Congés payés et RTT 
-Mutuelle d'entreprise et prévoyance santé 
-CET à 8 % 
-CSE, CSEC 
-FASTT (garde d'enfant, aide au logement, location de véhicule.) 
 

Si cette offre vous intéresse, n'hésitez pas à postuler avec votre CV.",2025-05-09T20:13:26.287Z,2025-05-09T20:13:26.545Z,"{'libelle': '13 - Ciotat', 'latitude': 43.189161, 'longitude': 5.626161, 'codePostal': '13600', 'commune': '13028'}",I1313,Hydraulicien industriel / Hydraulicienne industrielle,Hydraulicien industriel / Hydraulicienne industrielle,"{'nom': 'MANPOWER FRANCE', 'description': 'Faites confiance à Manpower, votre partenaire emploi :\n- Des opportunités nombreuses et diversifiées\n- Une expertise RH et des conseils emploi\n- Une employabilité durable avec le programme MyPath® \n- Des démarches facilitées \n- Des avantages et des services', 'entrepriseAdaptee': False}",MIS,Intérim - 6 Mois,Contrat travail,E,2 An(s),,"{'commentaire': 'Autres', 'complement1': 'Autre'}",35H Travail en journée,Temps plein,False,"{'nom': 'MANPOWER FRANCE - Mme Caroline THIRREE', 'coordonnees1': 'https://www.manpower.fr/offers/details/1101239327?partenaire=FRANCE_TRAVAIL', 'urlPostulation': 'https://www.manpower.fr/offers/details/1101239327?partenaire=FRANCE_TRAVAIL'}",{},1,False,,,2,Ouvrier spécialisé,78.20Z,78,Activités des agences de travail temporaire,,"{'origine': '1', 'urlOrigine': 'https://candidat.francetravail.fr/offres/recherche/detail/192FJRZ'}",False,{'horaires': ['35H Travail en journée']},,,
192FJRY,Assistant export (H/F),"Manpower MONTELIMAR recherche pour son client, un acteur du secteur de la métallurgie et de la transformation des matériaux, un Assistant export à Malataverne (H/F)
 

Missions principales : 
-Répondre aux clients par téléphone (domaine commercial et technique si possible) 
-Envoyer les catalogues et documentations commerciales aux clients 
-Traiter directement avec les clients (demandes de paiement d'avance, commandes incomplètes, autres renseignements) 
-Répondre aux demandes de prix et aux appels d'offre dans les délais impartis 
-Réagir rapidement aux problèmes posés par les clients et anticiper leurs besoins 
-Mettre à jour le fichier Clients et Prospects 
-Suivre les appels d'offres et demandes de prix avec les responsables de secteur 
-Assurer un retour d'information aux technico-commerciaux de son secteur 
-Participer aux foires expositions et les suivre 
-Enregistrer les demandes de prix reçues et rédiger les offres au moyen du logiciel CRM 
-Participer aux revues d'offres et aux revues de contrats avec le responsable Qualité 
-Assurer l'interface entre les services commerciaux, techniques, comptables, de l'enregistrement de l'offre à la livraison 
-Suivre les commandes dans le respect des délais de livraison 
-Traiter les litiges divers de son secteur (transport, facturation, etc.) 
-Travailler en équipe et établir la correspondance liée au commercial et à l'après-vente 
-Assurer le classement et l'archivage 
-Être capable d'assurer l'ensemble des tâches de son service en cas de remplacement nécessaire 
 
 
-Maîtrise de l'anglais commercial (rédaction de documents, négociation par téléphone) 
-Maîtrise d'au moins une autre langue (espagnol, allemand, arabe.) 
-Techniques de négociation commerciale au téléphone 
-Gestion d'un portefeuille de clients 
-Adaptabilité à des partenaires variés 
-Recueil et traitement des données avec méthode 
-Maîtrise du logiciel de CRM et des logiciels de bureautique 
-Connaissance des règles comptables et juridiques applicables à l'administration des ventes à l'international 
-Respect de la confidentialité des informations traitées 
-Autonomie complète dans la fonction expérience ADV Export 
",2025-05-09T20:13:23.919Z,2025-05-09T20:13:24.237Z,"{'libelle': '26 - Malataverne', 'latitude': 44.478354, 'longitude': 4.749897, 'codePostal': '26780', 'commune': '26169'}",D1409,Assistant / Assistante administration des ventes,Assistant / Assistante export,"{'nom': 'MANPOWER FRANCE', 'description': 'Faites confiance à Manpower, votre partenaire emploi :\n- Des opportunités nombreuses et diversifiées\n- Une expertise RH et des conseils emploi\n- Une employabilité durable avec le programme MyPath® \n- Des démarches facilitées \n- Des avantages et des services', 'entrepriseAdaptee': False}",CDI,CDI,Contrat travail,E,2 An(s),,{'libelle': 'Mensuel de 2300.0 Euros sur 12.0 mois'},35H Travail en journée,Temps plein,False,"{'nom': 'MANPOWER FRANCE - Mme Lucile COLOMBET', 'coordonnees1': 'https://www.manpower.fr/offers/details/1101239325?partenaire=FRANCE_TRAVAIL', 'urlPostulation': 'https://www.manpower.fr/offers/details/1101239325?partenaire=FRANCE_TRAVAIL'}",{},1,False,,,2,Ouvrier spécialisé,78.20Z,78,Activités des agences de travail temporaire,,"{'origine': '1', 'urlOrigine': 'https://candidat.francetravail.fr/offres/recherche/detail/192FJRY'}",False,{'horaires': ['35H Travail en journée']},,,
192FJRX,Chauffeur PL (H/F),"Manpower NICE BTP recherche un Chauffeur PL avec CACES grue (H/F) pour travailler au sein d'une pépinière.
 

- Chargement/déchargement de camions 
- Préparation de commandes des végétaux 
- Livraisons clients 
- Conduite de camions poids lourd pour le transport de plantes, arbres et autres matériaux 
- Utilisation de la grue pour le chargement et déchargement des végétaux et équipements 
 

Vous êtes titulaire du permis poids lourd (C) et du CACES grue. 
Une expérience en jardinerie ou en entreprise de jardinage est un atout supplémentaire. 
 
Ce poste est à pourvoir rapidement ! 
 
Rejoignez notre agence, nous attendons votre candidature avec impatience. 
Vos Avantages chez Manpower : 
Les supers CSE régional SUD et CSEC national : chèques vacances, prestations vacances, tickets cinéma, cours en ligne,. (en fonction des heures)  Partagez votre expérience Manpower en parrainant un ami et recevez une prime de 150  brut  pose de CP  les avantages du FASTT  E-coffre-fort avec 10 Go  une appli mobile  contrat dématérialisé  vos indemnités de fin de mission placées sur un compte épargne rémunéré à 8%. 
 
 
 
",2025-05-09T20:13:21.459Z,2025-05-09T20:13:21.743Z,"{'libelle': '06 - Nice', 'latitude': 43.71273, 'longitude': 7.25092, 'codePostal': '06000', 'commune': '06088'}",N4101,Conducteur / Conductrice de poids lourd,Chauffeur / Chauffeuse de poids lourd,"{'nom': 'MANPOWER FRANCE', 'description': 'Faites confiance à Manpower, votre partenaire emploi :\n- Des opportunités nombreuses et diversifiées\n- Une expertise RH et des conseils emploi\n- Une employabilité durable avec le programme MyPath® \n- Des démarches facilitées \n- Des avantages et des services', 'entrepriseAdaptee': False}",MIS,Intérim - 4 Mois,Contrat travail,E,2 An(s),,"{'commentaire': 'Autres', 'complement1': 'Autre'}",35H Travail en journée,Temps plein,False,"{'nom': 'MANPOWER FRANCE - Mme NATHALIE JAMET', 'coordonnees1': 'https://www.manpower.fr/offers/details/1101239324?partenaire=FRANCE_TRAVAIL', 'urlPostulation': 'https://www.manpower.fr/offers/details/1101239324?partenaire=FRANCE_TRAVAIL'}",{},1,False,,,2,Ouvrier spécialisé,78.20Z,78,Activités des agences de travail temporaire,,"{'origine': '1', 'urlOrigine': 'https://candidat.francetravail.fr/offres/recherche/detail/192FJRX'}",False,{'horaires': ['35H Travail en journée']},,,
192FJRV,Electricien du bâtiment (H/F),"Vous êtes passionné(e) par l'électricité et aimez relever des défis techniques dans des environnements actifs ? 
 
Manpower RENNES BTP recherche pour son client, un électricien bâtiment en réhabilitation H/F.
 

Vous intervenez en autonomie sur le bassin de Rennes essentiellement sur de la réhabilitation de logements. 
 
Vous réalisez le diagnostic des installations. 
 
Vous effectuez le remplacement et les travaux de mise en sécurité si nécessaire. 
 
Vous réalisez le câblage, la mise en terre, le tableau électrique... 
 
Vous rédigez un rapport d'intervention, le replis et nettoyage de chantier. 
 

De formation technique spécialisée en électricité, ou électrotechnique de niveau CAP/BEP/BAC PRO ou BTS avec une expérience de 5 ans sur un poste similaire. 
 
Le permis B est indispensable pour vous rendre sur les différents sites (véhicule de service). 
 
Vous êtes autonome avec une aisance relationnelle, alors ce poste est fait pour vous ! 
 
Rejoindre le groupe Manpower en tant qu'intérimaire vous permettra au-delà d'acquérir de l'expérience professionnelle, de bénéficier des avantages de notre groupe ! CSEC : chèques vacances, remboursement location vacances, voyages ... . CSE régional : chèques cadeaux rentrée scolaire, mariage, pacs, remboursement sport et culture, loisirs, billetterie, ... Primes d'ancienneté dès 5 ans! 
Manpower vous offre aussi la possibilité de placer vos primes à 8% d'intérêts sur un Compte Epargne Temps !",2025-05-09T20:13:16.560Z,2025-05-09T20:13:16.780Z,"{'libelle': '35 - Rennes', 'latitude': 48.110899, 'longitude': -1.68365, 'codePostal': '35000', 'commune': '35238'}",F1602,Électricien / Électricienne du bâtiment,Électricien / Électricienne du bâtiment,"{'nom': 'MANPOWER', 'description': 'Faites confiance à Manpower, votre partenaire emploi :\n- Des opportunités nombreuses et diversifiées\n- Une expertise RH et des conseils emploi\n- Une employabilité durable avec le programme MyPath® \n- Des démarches facilitées \n- Des avantages et des services', 'entrepriseAdaptee': False}",MIS,Intérim - 1 Mois,Contrat travail,E,6 An(s),,{'libelle': 'Horaire de 14.59 Euros à 15.7 Euros sur 12.0 mois'},35H Travail en journée,Temps plein,False,"{'nom': 'MANPOWER - Mme Manuela HUET', 'coordonnees1': 'https://www.manpower.fr/offers/details/1101239322?partenaire=FRANCE_TRAVAIL', 'urlPostulation': 'https://www.manpower.fr/offers/details/1101239322?partenaire=FRANCE_TRAVAIL'}",{},1,False,,,2,Ouvrier spécialisé,78.20Z,78,Activités des agences de travail temporaire,,"{'origine': '1', 'urlOrigine': 'https://candidat.francetravail.fr/offres/recherche/detail/192FJRV'}",False,{'horaires': ['35H Travail en journée']},,,
192FJRR,Chauffeur TP (H/F),"L'agence Manpower Privas est chargée de recruter des Chauffeurs PL (H/F) pour l'un de ses clients spécialisé dans les travaux publics. 
 
Prêts pour une longue mission ? Vous déplacer sur des chantiers en Drôme Ardèche ? 
 
 
Conduire un camion pour des chantiers vous passionne et vous êtes un pro ? Vous aurez pour missions de : 
-conduire un camion pour l'approvisionnement des chantiers en matériaux et matériels, 
-procéder également à l'évacuation des excédents de terrassement et matériels déposés, 
-participer aux travaux sur le chantier, 
-effectuer le balisage et respecter les règles de sécurité en vigueur 
Votre rémunération : 
 à négocier selon expérience  panier  zones selon chantiers.
Vous êtes un (e) ""As du volant"" !!!! Vous possédez le permis CE, le CACES Grue (R390) serait un plus, la FIMO et FCOS à jour ou carte qualification. vous disposez d'un CAP conducteur livreur de marchandises ou routier ou un titre professionnel. 
Vous êtes très attendu ! Une expérience en TP serait idéal. 
Vous êtes autonome, habile, motivé et appréciez de travailler en équipe ? 
Alors prenez vite contact avec Isabelle, en répondant à l'annonce ou bien en contactant l'agence par téléphone 
 
A très bientôt, plusieurs postes sont à pourvoir.",2025-05-09T20:13:09.158Z,2025-05-09T20:13:09.403Z,"{'libelle': '07 - Pouzin', 'latitude': 44.746835, 'longitude': 4.751769, 'codePostal': '07250', 'commune': '07181'}",F1302,Conducteur / Conductrice d'engins de chantier,Conducteur / Conductrice d'engins de travaux publics,"{'nom': '""MANPOWER""', 'description': 'Faites confiance à Manpower, votre partenaire emploi :\n- Des opportunités nombreuses et diversifiées\n- Une expertise RH et des conseils emploi\n- Une employabilité durable avec le programme MyPath® \n- Des démarches facilitées \n- Des avantages et des services', 'entrepriseAdaptee': False}",MIS,Intérim - 3 Mois,Contrat travail,D,Débutant accepté,,{'libelle': 'Horaire de 13.36 Euros à 13.5 Euros sur 12.0 mois'},35H Travail en journée,Temps plein,False,"{'nom': '""MANPOWER"" - Mme ISABELLE PIERLOT', 'coordonnees1': 'https://www.manpower.fr/offers/details/1101239316?partenaire=FRANCE_TRAVAIL', 'urlPostulation': 'https://www.manpower.fr/offers/details/1101239316?partenaire=FRANCE_TRAVAIL'}",{},1,False,,,2,Ouvrier spécialisé,78.20Z,78,Activités des agences de travail temporaire,,"{'origine': '1', 'urlOrigine': 'https://candidat.francetravail.fr/offres/recherche/detail/192FJRR'}",False,{'horaires': ['35H Travail en journée']},,,
192FJRQ,Assistant administration des ventes (ADV) (H/F),"Manpower GRENOBLE TERTIAIRE recherche pour son client, un acteur du secteur des Industries manufacturières et production, un(e) Assistant(e) administration des ventes (ADV) anglais courant.
En tant qu'intermédiaire entre les clients et les différents services (Production, Commercial, Comptabilité, etc.), vos principales missions incluront : 
-Garantir la satisfaction des clients et établir une relation privilégiée avec eux. 
-Gérer le carnet de commandes et vérifier la disponibilité des produits. 
-Contribuer à la maîtrise des coûts des transports express. 
-Veiller à la correcte application des règles de passation des commandes. 
-Suivre et identifier les variations et dérives des besoins des clients. 
-Prioriser les actions dans un environnement de travail en flux tendu. 
-Gérer un portefeuille clients de manière autonome. 
 
Nous recherchons un(e) candidat(e) : 
-Titulaire d'un Bac2/3 en Commerce International ou Administration des Ventes (ADV) avec au moins 3 ans d'expérience dans des missions similaires en environnement industriel et international. 
-Maîtrisant la Suite Office (notamment Excel) et le fonctionnement d'un ERP (SAP ou autres). 
-Ayant un niveau d'anglais courant à l'écrit et à l'oral. 
-Organisé(e), rigoureux(se) et réactif(ve), reconnu(e) pour votre communication, votre relationnel et votre capacité à vous adapter à différents interlocuteurs et situations. 
-Persévérant(e), capable de prioriser vos actions et de travailler en équipe et en réseau, avec une forte culture du service client. 
Conditions 
-Horaires : de journée 
-Rémunération : base de 2200 brut mensuel, variable selon expérience. 
Ce poste vous intéresse ? N'hésitez pas à envoyer votre candidature !",2025-05-09T20:13:06.866Z,2025-05-09T20:13:07.117Z,"{'libelle': '38 - Grenoble', 'latitude': 45.182081, 'longitude': 5.724301, 'codePostal': '38000', 'commune': '38185'}",D1409,Assistant / Assistante administration des ventes,Assistant / Assistante administration des ventes,"{'nom': 'MANPOWER FRANCE', 'description': 'Faites confiance à Manpower, votre partenaire emploi :\n- Des opportunités nombreuses et diversifiées\n- Une expertise RH et des conseils emploi\n- Une employabilité durable avec le programme MyPath® \n- Des démarches facilitées \n- Des avantages et des services', 'entrepriseAdaptee': False}",MIS,Intérim - 6 Mois,Contrat travail,E,3 An(s),,{'libelle': 'Mensuel de 2200.0 Euros à 2600.0 Euros sur 12.0 mois'},35H Travail en journée,Temps plein,False,"{'nom': 'MANPOWER FRANCE - Mme Véronique PERROT', 'coordonnees1': 'https://www.manpower.fr/offers/details/1101239315?partenaire=FRANCE_TRAVAIL', 'urlPostulation': 'https://www.manpower.fr/offers/details/1101239315?partenaire=FRANCE_TRAVAIL'}",{},1,False,,,2,Ouvrier spécialisé,78.20Z,78,Activités des agences de travail temporaire,,"{'origine': '1', 'urlOrigine': 'https://candidat.francetravail.fr/offres/recherche/detail/192FJRQ'}",False,{'horaires': ['35H Travail en journée']},,,
192FJRP,Cariste magasinier (H/F),"Manpower BRIVE recherche pour son client, acteur de référence dans l'agroalimentaire, un(e) magasinier(ère) cariste motivé(e) et dynamique pour renforcer son équipe de production de pâtisseries sucrées et salées.
 

Vos missions : 
-Chargement et déchargement des camions 
-Préparation des commandes 
-Gestion des stocks 
-Manutention 
-Port de charges 
 Utilisation du CACES cariste 3/5 
Travail au froid -18 
 
Votre rémunération et vos avantages : 
-Contrat de 1 mois à 12.50  /h 
- 10% de congés payés  10% d'Indemnités de Fin de Mission (IFM) 
-Vous pouvez épargner en toute confiance vos IFM sur un compte (ouvert par Manpower dès votre 1ère mission) à un taux de 8% bruts annuels. 
-Vous bénéficiez des avantages du comité Manpower (cinéma à 5, réductions, sur vos abonnements sportifs, les spectacles, locations .) 
-FASTT : location d'un véhicule, aide au logement, garde d'enfants... 
 Vous percevez 150 pour chaque nouveau candidat parrainé par vos soins (consultez votre agence pour connaitre les métiers recherchés et les conditions d'éligibilité). 
 
 
 
 

Votre profil 
-Expérience : Expérience similaire sur poste magasinier/cariste 
-Compétences : maîtrise des règles HACCP, sécurité alimentaire et port de charges (jusqu'à 15 kg) 
-Savoir-être : rigueur, sens du détail, esprit d'équipe et aisance à suivre des process stricts 
-Disponibilité : prêt(e) à travailler en 28 ou 38 (matin, après-midi, nuit) et à vous investir sur une mission longue durée 
 

 
 
",2025-05-09T20:13:04.356Z,2025-05-09T20:13:04.617Z,"{'libelle': '19 - Malemort', 'latitude': 45.177411, 'longitude': 1.589952, 'codePostal': '19360', 'commune': '19123'}",N1110,Magasinier / Magasinière,Magasinier / Magasinière cariste,"{'nom': 'MANPOWER FRANCE', 'description': 'Faites confiance à Manpower, votre partenaire emploi :\n- Des opportunités nombreuses et diversifiées\n- Une expertise RH et des conseils emploi\n- Une employabilité durable avec le programme MyPath® \n- Des démarches facilitées \n- Des avantages et des services', 'entrepriseAdaptee': False}",MIS,Intérim - 1 Mois,Contrat travail,E,3 An(s),,{'libelle': 'Horaire de 12.5 Euros sur 12.0 mois'},35H Travail en journée,Temps plein,False,"{'nom': 'MANPOWER FRANCE - Mme Pauline  NAYRAC', 'coordonnees1': 'https://www.manpower.fr/offers/details/1101239314?partenaire=FRANCE_TRAVAIL', 'urlPostulation': 'https://www.manpower.fr/offers/details/1101239314?partenaire=FRANCE_TRAVAIL'}",{},1,False,,,2,Ouvrier spécialisé,78.20Z,78,Activités des agences de travail temporaire,,"{'origine': '1', 'urlOrigine': 'https://candidat.francetravail.fr/offres/recherche/detail/192FJRP'}",False,{'horaires': ['35H Travail en journée']},,,
192FJRM,Cariste (H/F),"Manpower MONTELIMAR recherche pour son client, un acteur du secteur de la logistique, un Cariste avec Caces 6 (H/F)
 

Missions principales : 
 
-Assurer la gestion et le déplacement des stocks de marchandises vers des palettes ou contenants adaptés, en vue de leur rangement ou expédition, tout en optimisant l'utilisation des zones de stockage. 
-Placer les produits dans les emplacements désignés, conformément aux consignes et procédures établies, afin de garantir une organisation efficace des stocks. 
-Respecter scrupuleusement les consignes de sécurité et les règles d'hygiène en vigueur. 
 
 

La détention du CACES 6 est indispensable pour cette mission, accompagnée d'une expérience significative dans un poste similaire. 
Vous appliquez rigoureusement les consignes de sécurité. 
Votre sens de l'organisation, votre méthode de travail et votre rigueur sont des atouts essentiels pour réussir dans ce poste.",2025-05-09T20:12:59.468Z,2025-05-09T20:12:59.681Z,"{'libelle': '26 - Châteauneuf-du-Rhône', 'latitude': 44.502814, 'longitude': 4.735352, 'codePostal': '26780', 'commune': '26085'}",N1101,Cariste,Cariste,"{'nom': 'MANPOWER FRANCE', 'description': 'Faites confiance à Manpower, votre partenaire emploi :\n- Des opportunités nombreuses et diversifiées\n- Une expertise RH et des conseils emploi\n- Une employabilité durable avec le programme MyPath® \n- Des démarches facilitées \n- Des avantages et des services', 'entrepriseAdaptee': False}",MIS,Intérim - 1 Mois,Contrat travail,E,2 An(s),,{'libelle': 'Horaire de 11.88 Euros sur 12.0 mois'},35H Travail en journée,Temps plein,False,"{'nom': 'MANPOWER FRANCE - Mme Lucile COLOMBET', 'coordonnees1': 'https://www.manpower.fr/offers/details/1101239310?partenaire=FRANCE_TRAVAIL', 'urlPostulation': 'https://www.manpower.fr/offers/details/1101239310?partenaire=FRANCE_TRAVAIL'}",{},1,False,,,2,Ouvrier spécialisé,78.20Z,78,Activités des agences de travail temporaire,,"{'origine': '1', 'urlOrigine': 'https://candidat.francetravail.fr/offres/recherche/detail/192FJRM'}",False,{'horaires': ['35H Travail en journée']},,,
192FJRK,Jardinier (H/F),"Manpower NICE BTP recherche un Jardinier (H/F) pour rejoindre une grande pépinière. 
Si vous êtes passionné par les plantes et avez une solide expérience en jardinage, cette opportunité est faite pour vous !
- Chargement/déchargement de camions 
- Connaissance des végétaux 
- Rempotage en pépinière 
- Entretien de la pépinière : taille, élagage des arbres 
- Préparation de commandes des végétaux 
- Conduite de camionnette pour livraisons clients
 
-Etre expérimenté en jardinage, de préférence en pépinière 
-Connaissance approfondie des différentes espèces de plantes et de leurs besoins 
-Capacité à travailler en équipe, sens de l'organisation et autonomie dans le travail 
-Permis de conduire VL valide pour effectuer les livraisons clients 
 
Ce poste est à pourvoir rapidement ! 
 
Rejoignez notre agence, nous attendons votre candidature avec impatience. 
Vos Avantages chez Manpower : 
Les supers CSE régional SUD et CSEC national : chèques vacances, prestations vacances, tickets cinéma, cours en ligne,. (en fonction des heures)  Partagez votre expérience Manpower en parrainant un ami et recevez une prime de 150  brut  pose de CP  les avantages du FASTT  E-coffre-fort avec 10 Go  une appli mobile  contrat dématérialisé  vos indemnités de fin de mission placées sur un compte épargne rémunéré à 8%. 
",2025-05-09T20:12:54.749Z,2025-05-09T20:12:54.965Z,"{'libelle': '06 - Nice', 'latitude': 43.71273, 'longitude': 7.25092, 'codePostal': '06000', 'commune': '06088'}",A1208,Jardinier / Jardinière paysagiste,Jardinier / Jardinière,"{'nom': 'MANPOWER FRANCE', 'description': 'Faites confiance à Manpower, votre partenaire emploi :\n- Des opportunités nombreuses et diversifiées\n- Une expertise RH et des conseils emploi\n- Une employabilité durable avec le programme MyPath® \n- Des démarches facilitées \n- Des avantages et des services', 'entrepriseAdaptee': False}",MIS,Intérim - 4 Mois,Contrat travail,E,3 An(s),,"{'commentaire': 'Autres', 'complement1': 'Autre'}",35H Travail en journée,Temps plein,False,"{'nom': 'MANPOWER FRANCE - Mme NATHALIE JAMET', 'coordonnees1': 'https://www.manpower.fr/offers/details/1101239306?partenaire=FRANCE_TRAVAIL', 'urlPostulation': 'https://www.manpower.fr/offers/details/1101239306?partenaire=FRANCE_TRAVAIL'}",{},1,False,,,2,Ouvrier spécialisé,78.20Z,78,Activités des agences de travail temporaire,,"{'origine': '1', 'urlOrigine': 'https://candidat.francetravail.fr/offres/recherche/detail/192FJRK'}",False,{'horaires': ['35H Travail en journée']},,,
192FJRG,Chauffeur PL (H/F),"Manpower PRIVAS recherche pour son client, un acteur du secteur des transports, un Chauffeur PL CITERNE PRIVAS 07 (H/F)
 

Au sein de l'entreprise, vous avez pour missions principales : 
- Assurer le transport de marchandises en citerne dans le respect des normes de sécurité et de qualité 
- Contrôler l'état du véhicule et effectuer les opérations d'entretien de premier niveau 
- Respecter les délais de livraison et assurer la satisfaction des clients 
- Veiller à la conformité des documents de transport et des procédures réglementaires 
 
Panier de 10 par jour travaillé 
 

vous avez une première expérience réussie dans le secteur du transport. 
Vos permis C  cartes CQC et CHRONO sont à jour. 
Vous êtes titulaire de l'ADR pétrolière obligatoire 
Vous êtes respectueux des règlementations routières et de sécurité. 
Vous êtes autonome, savez gérer les priorités. 
 
Le poste est urgent.",2025-05-09T20:12:52.308Z,2025-05-09T20:12:52.578Z,"{'libelle': '07 - Privas', 'latitude': 44.726042, 'longitude': 4.594919, 'codePostal': '07000', 'commune': '07186'}",N4101,Conducteur / Conductrice de poids lourd,Chauffeur / Chauffeuse de poids lourd,"{'nom': '""MANPOWER""', 'description': 'Faites confiance à Manpower, votre partenaire emploi :\n- Des opportunités nombreuses et diversifiées\n- Une expertise RH et des conseils emploi\n- Une employabilité durable avec le programme MyPath® \n- Des démarches facilitées \n- Des avantages et des services', 'entrepriseAdaptee': False}",MIS,Intérim - 3 Mois,Contrat travail,D,Débutant accepté,,{'libelle': 'Mensuel de 2300.0 Euros à 2400.0 Euros sur 12.0 mois'},35H Travail en journée,Temps plein,False,"{'nom': '""MANPOWER"" - Mme ISABELLE PIERLOT', 'coordonnees1': 'https://www.manpower.fr/offers/details/1101239304?partenaire=FRANCE_TRAVAIL', 'urlPostulation': 'https://www.manpower.fr/offers/details/1101239304?partenaire=FRANCE_TRAVAIL'}",{},1,False,,,2,Ouvrier spécialisé,78.20Z,78,Activités des agences de travail temporaire,,"{'origine': '1', 'urlOrigine': 'https://candidat.francetravail.fr/offres/recherche/detail/192FJRG'}",False,{'horaires': ['35H Travail en journée']},,,
192FJRD,Chauffeur PL et SPL (H/F),"Entreprise spécialisée dans les travaux publics: Intervention sur réseaux secs et humides et travaux d'enrochement et de terrassement, en milieu rural et urbain, dans le secteur des 3 vallées, notre client, en partenariat avec votre agence Manpower, recrute des manœuvres TP H/F. 
 
Intégré(e) aux équipes de chantier, vous aurez pour rôle d'assurer l'approvisionnement et l'évacuation des chantiers de gravats et tout venant. 
 
Conduite de bennes PL / SPL sur routes de plaine et en montagne, sur des chantiers pouvant être difficiles d'accès selon la nature du terrain. 
 
 
 
Vous disposez d'une solide expérience en conduite et vous connaissez le secteur des trois vallées? 
Vous disposez de vos permis PL et / ou SPL ainsi que de votre FIMO ou CQC? 
 
 Vous êtes disponible pour la saison d'été? 
 
Postulez et parlons-en ensemble! 
 
Le saviez-vous ? 
Devenir salarié(e) intérimaire chez Manpower vous permet de bénéficier de nombreux avantages spécifiques à votre statut en fonction du nombre d'heures de mission que vous avez effectuées. 
Les avantages se cumulent en fonction de votre ancienneté. (CE, CCE, chèques vacances, Compte épargne Temps à 8% et bien plus encore...",2025-05-09T20:12:47.134Z,2025-05-09T20:12:47.373Z,"{'libelle': '73 - Allues', 'latitude': 45.404686, 'longitude': 6.566652, 'codePostal': '73550', 'commune': '73015'}",N4101,Conducteur / Conductrice de poids lourd,Chauffeur / Chauffeuse de poids lourd,"{'nom': 'MANPOWER', 'description': 'Faites confiance à Manpower, votre partenaire emploi :\n- Des opportunités nombreuses et diversifiées\n- Une expertise RH et des conseils emploi\n- Une employabilité durable avec le programme MyPath® \n- Des démarches facilitées \n- Des avantages et des services', 'entrepriseAdaptee': False}",MIS,Intérim - 1 Mois,Contrat travail,D,Débutant accepté,,{'libelle': 'Horaire de 13.0 Euros à 14.0 Euros sur 12.0 mois'},35H Travail en journée,Temps plein,False,"{'nom': 'MANPOWER - Mme Responsable Agence', 'coordonnees1': 'https://www.manpower.fr/offers/details/1101239297?partenaire=FRANCE_TRAVAIL', 'urlPostulation': 'https://www.manpower.fr/offers/details/1101239297?partenaire=FRANCE_TRAVAIL'}",{},1,False,,,2,Ouvrier spécialisé,78.20Z,78,Activités des agences de travail temporaire,,"{'origine': '1', 'urlOrigine': 'https://candidat.francetravail.fr/offres/recherche/detail/192FJRD'}",False,{'horaires': ['35H Travail en journée']},,,
192FJRB,Electricien câbleur (H/F),"L'entreprise : 
Manpower BOULOGNE SUR MER recrute pour son client, un Electricien Câbleur H/F. Cette société est spécialisée dans les activités manufacturières. 
 
Il s'agit d'une mission d'intérim débutant le 12/05/2025, pour une durée non définie à Samer, 62830.
 

Dans le cadre de vos fonctions, vous serez amené à : 
-Lire des plans électriques 
-Implanter des composants électriques dans un coffret 
-Utiliser des moyens de découpe tels que l'emporte-pièce ou la scie sauteuse 
-Tracer, mesurer et pointer pour le montage des composants 
-Câbler en respectant les normes de qualité et de sécurité 
-Noter l'avancement du câblage et respecter la numérotation 
-Effectuer la mise sous tension progressive et vérifier l'intégrité du câblage 
-Implanter et connecter le coffret aux équipements de la machine 
 
 

VOTRE PROFIL Technicien expérimenté en électricité câblage, capable de lire des plans et d'implanter des composants électriques. 
 
Vos avantages : 
-Mode de travail collaboratif, basé sur l'autonomie et la responsabilité 
-Opportunités de parcours professionnels adaptés à votre profil 
-Congés payés et RTT 
-Mutuelle d'entreprise et prévoyance santé 
-CET à 8 % 
-CSE, CSEC 
-FASTT (garde d'enfant, aide au logement, location de véhicule.) 
 
Processus de recrutement : 
Nous assurons le pilotage de votre mission pour un parcours réussi : Formation, sensibilisation Sécurité, gestion administrative, . 
-Un échange téléphonique préalable 
-Un entretien avec l'un de nos Agents de Talents 
-Si nécessaire, des évaluations ciblées types (technique, personnalité, .) 
-Un entretien avec le client 
",2025-05-09T20:12:42.164Z,2025-05-09T20:12:42.408Z,"{'libelle': '62 - Boulogne-sur-Mer', 'latitude': 50.726334, 'longitude': 1.6106, 'codePostal': '62200', 'commune': '62160'}",H2602,Câbleur / Câbleuse d'armoires,Câbleur / Câbleuse de matériels électriques,"{'nom': 'MANPOWER FRANCE', 'description': 'Faites confiance à Manpower, votre partenaire emploi :\n- Des opportunités nombreuses et diversifiées\n- Une expertise RH et des conseils emploi\n- Une employabilité durable avec le programme MyPath® \n- Des démarches facilitées \n- Des avantages et des services', 'entrepriseAdaptee': False}",MIS,Intérim - 5 Mois,Contrat travail,E,3 An(s),,{'libelle': 'Horaire de 13.0 Euros sur 12.0 mois'},35H Travail en journée,Temps plein,False,"{'nom': 'MANPOWER FRANCE - M. Manpower Boulogne ', 'coordonnees1': 'https://www.manpower.fr/offers/details/1101239294?partenaire=FRANCE_TRAVAIL', 'urlPostulation': 'https://www.manpower.fr/offers/details/1101239294?partenaire=FRANCE_TRAVAIL'}",{},1,False,,,2,Ouvrier spécialisé,78.20Z,78,Activités des agences de travail temporaire,,"{'origine': '1', 'urlOrigine': 'https://candidat.francetravail.fr/offres/recherche/detail/192FJRB'}",False,{'horaires': ['35H Travail en journée']},,,
192FJQY,Assistant administratif (H/F),"Spécialisée dans le domaine des espaces verts, notre client installé à La Crau (83), recherche un Assistant administratif (H/F)
 

Au sein d'une agence spécialisée, vous serez affecté(e) au pôle administratif ou vous serez en charge des missions suivantes : 
-Réception, tri, enregistrement et distribution du courrier (entrant/sortant). 
-Rédaction, mise en forme et envoi de courriers, notes et comptes-rendus. 
-Classement, archivage papier et numérique des documents administratifs. 
-Saisie, mise à jour et suivi de bases de données, tableaux ou registres. 
-Numérisation et gestion électronique des documents. 
 
 

Titulaire d'une formation de type Bac à Bac 2 dans le domaine. 
 
Expérience : 
-Minimum de 2 ans d'expérience, idéalement dans un environnement dynamique et exigeant. 
 Compétences interpersonnelles : 
-Excellentes compétences en communication, tant à l'oral qu'à l'écrit. 
-Capacité à travailler en équipe et à collaborer avec différents départements. 
-Sens de l'organisation et attention aux détails. 
-Proactivité et capacité à résoudre les problèmes de manière efficace. 
",2025-05-09T20:12:37.450Z,2025-05-09T20:12:37.682Z,"{'libelle': '83 - Crau', 'latitude': 43.155691, 'longitude': 6.08432, 'codePostal': '83260', 'commune': '83047'}",M1607,Secrétaire,Assistant administratif / Assistante administrative,"{'nom': 'MANPOWER FRANCE', 'description': 'Faites confiance à Manpower, votre partenaire emploi :\n- Des opportunités nombreuses et diversifiées\n- Une expertise RH et des conseils emploi\n- Une employabilité durable avec le programme MyPath® \n- Des démarches facilitées \n- Des avantages et des services', 'entrepriseAdaptee': False}",MIS,Intérim - 1 Mois,Contrat travail,D,Débutant accepté,,{'libelle': 'Mensuel de 1801.8 Euros à 2000.0 Euros sur 12.0 mois'},35H Travail en journée,Temps plein,False,"{'nom': 'MANPOWER FRANCE - Mme LAURA LORENZANI', 'coordonnees1': 'https://www.manpower.fr/offers/details/1101239292?partenaire=FRANCE_TRAVAIL', 'urlPostulation': 'https://www.manpower.fr/offers/details/1101239292?partenaire=FRANCE_TRAVAIL'}",{},1,False,,,2,Ouvrier spécialisé,78.20Z,78,Activités des agences de travail temporaire,,"{'origine': '1', 'urlOrigine': 'https://candidat.francetravail.fr/offres/recherche/detail/192FJQY'}",False,{'horaires': ['35H Travail en journée']},,,
192FJQW,Conducteur d'engins TP (H/F),"Entreprise spécialisée dans les travaux publics: Intervention sur réseaux secs et humides et travaux d'enrochement et de terrassement, en milieu rural et urbain, dans le secteur des 3 vallées, notre client, en partenariat avec votre agence Manpower, recrute des conducteurs d'engins TP H/F. 
Au sein des équipes de travaux publics, vous serez amenés à préparer les chantiers avant les interventions sur les réseaux et, d'effectuer le nivèlement après passage des équipes. 
 
Vous aurez également pour rôle d'effectuer les préparations de terrain en vue du terrassement / d'enrochement. 
 
Départ des Allues tous les lundis avec possibilité de co-voiturage depuis Moutiers. 
 
 
Titulaires des CACES engins de chantiers: Petits engins / engins compacts, chargeuses, Tombereau. 
Vous justifiez d'au minimum 3 ans d'expérience sur un poste similaire. 
 
Vous êtes disponible pour la saison d'été? 
 
Postulez et parlons-en ensemble! 
 
Le saviez-vous ? 
Devenir salarié(e) intérimaire chez Manpower vous permet de bénéficier de nombreux avantages spécifiques à votre statut en fonction du nombre d'heures de mission que vous avez effectuées. 
Les avantages se cumulent en fonction de votre ancienneté. (CE, CCE, chèques vacances, Compte épargne Temps à 8% et bien plus encore... 
",2025-05-09T20:12:32.447Z,2025-05-09T20:12:32.697Z,"{'libelle': '73 - Allues', 'latitude': 45.404686, 'longitude': 6.566652, 'codePostal': '73550', 'commune': '73015'}",F1302,Conducteur / Conductrice d'engins de chantier,Conducteur / Conductrice d'engins de travaux publics,"{'nom': 'MANPOWER', 'description': 'Faites confiance à Manpower, votre partenaire emploi :\n- Des opportunités nombreuses et diversifiées\n- Une expertise RH et des conseils emploi\n- Une employabilité durable avec le programme MyPath® \n- Des démarches facilitées \n- Des avantages et des services', 'entrepriseAdaptee': False}",MIS,Intérim - 1 Mois,Contrat travail,D,Débutant accepté,,{'libelle': 'Horaire de 13.0 Euros à 15.0 Euros sur 12.0 mois'},35H Travail en journée,Temps plein,False,"{'nom': 'MANPOWER - Mme Responsable Agence', 'coordonnees1': 'https://www.manpower.fr/offers/details/1101239283?partenaire=FRANCE_TRAVAIL', 'urlPostulation': 'https://www.manpower.fr/offers/details/1101239283?partenaire=FRANCE_TRAVAIL'}",{},1,False,,,2,Ouvrier spécialisé,78.20Z,78,Activités des agences de travail temporaire,,"{'origine': '1', 'urlOrigine': 'https://candidat.francetravail.fr/offres/recherche/detail/192FJQW'}",False,{'horaires': ['35H Travail en journée']},,,
192FJQT,Manutentionnaire (H/F),"Manpower DAX INDUSTRIE TERTIAIRE recherche pour son client, un acteur du secteur des Industries manufacturières et production, un Manutentionnaire Laborant (H/F).
 

Vous réalisez les missions suivantes : 
 
-Prendre des échantillons de bois à l'arrière des camions (sacs de 5 kg) 
-Transporter avec une brouette dans le local ou seront effectuées des analyses simples (formation prévue) 
 
Horaire : 07h45 12h 13h 16h21, du lundi au vendredi. 
 
Votre rémunération et vos avantages : 
-Taux horaire  avantages du client  10% de congés payés  10% d'Indemnités de Fin de Mission (IFM) 
-Vous pouvez épargner vos IFM en toute confiance sur un compte (ouvert par Manpower) à un taux d'intérêt à 8% bruts annuels 
- Vous avez accès à votre appli Mon Manpower pour gérer votre compte en 1 clic (acompte, e-coffre, e-contrat, avantages CE... ) 
-Bénéficiez des avantages offerts par le parrainage, c'est ici : 
https://www.manpower.fr/mon-manpower/espace-interimaires/mes-infos-et-avantages/mes-avantages/parrainage 
 
 

Vous êtes manutentionnaire, opérateur de production. Vous avez une expérience dans le secteur industrielle. 
Vous êtes reconnu pour votre rigueur et vous respectez les procédures d'hygiène et sécurité. 
Contactez nous !",2025-05-09T20:12:27.744Z,2025-05-09T20:12:27.988Z,"{'libelle': '40 - Tartas', 'latitude': 43.819645, 'longitude': -0.78896, 'codePostal': '40400', 'commune': '40313'}",N1105,Manutentionnaire,Manutentionnaire,"{'nom': 'MANPOWER FRANCE', 'description': 'Faites confiance à Manpower, votre partenaire emploi :\n- Des opportunités nombreuses et diversifiées\n- Une expertise RH et des conseils emploi\n- Une employabilité durable avec le programme MyPath® \n- Des démarches facilitées \n- Des avantages et des services', 'entrepriseAdaptee': False}",MIS,Intérim - 4 Mois,Contrat travail,D,Débutant accepté,,{'libelle': 'Horaire de 13.57 Euros sur 12.0 mois'},35H Travail en journée,Temps plein,False,"{'nom': 'MANPOWER FRANCE - Mme Sandrine GOICHON', 'coordonnees1': 'https://www.manpower.fr/offers/details/1101239275?partenaire=FRANCE_TRAVAIL', 'urlPostulation': 'https://www.manpower.fr/offers/details/1101239275?partenaire=FRANCE_TRAVAIL'}",{},1,False,,,2,Ouvrier spécialisé,78.20Z,78,Activités des agences de travail temporaire,,"{'origine': '1', 'urlOrigine': 'https://candidat.francetravail.fr/offres/recherche/detail/192FJQT'}",False,{'horaires': ['35H Travail en journée']},,,
192FJQS,Menuisier (H/F),"Manpower ST GEORGES DES COTEAUX BTP recherche pour son client, acteur du secteur de la construction, un Menuisier atelier H/F. 
Notre client, reconnu pour son savoir-faire dans le domaine du bois, est une entreprise en pleine expansion. Elle se démarque par son engagement envers la qualité et la satisfaction client. 
Cette mission d'intérim est une opportunité d'intégrer une équipe dynamique et de participer à des projets d'envergure.
 

Dans le cadre de vos fonctions, vous serez amené à : 
-Assister à la construction d'ossatures bois. 
-Assembler des fermettes et des planches en bois. 
-Travailler en hauteur en respectant les règles de sécurité. 
-Fabriquer des éléments en ossature bois en atelier. 
-Découper le bois selon les mesures requises. 
-Assembler les pièces de bois à l'aide d'outils spécifiques. 
-Utiliser des scies, des visseuses et des cloueurs pneumatiques. 
-Maintenir un environnement de travail propre et sécurisé. 
Votre rémunération et vos avantages : 
-Votre taux horaire sera compris entre 12 et 14,50 euros selon votre niveau / expérience 
- 10% de congés payés  10% d'Indemnités de Fin de Mission (IFM) 
-Vous pouvez placer en toute sécurité vos IFM sur un compte épargne rémunéré à un taux exceptionnel de 8% 
-Vous bénéficiez des paniers repas et des indemnités kilométriques selon la grille de rémunération de l'entreprise et les conditions d'attribution 
-Vous percevez 150 pour chaque candidat parrainé par vos soins (condition d'éligibilité : votre filleul doit travailler 150 heures dans les 3 mois suivant son inscription) 
-Vous bénéficiez des avantages du comité d'entreprise Manpower (cinéma à 4, chèques vacances, réduction sur les loisirs, réductions sur les abonnements sportifs, spectacles, cours gratuits en ligne.) 
 

 
 
 
 
-Expérience significative en menuiserie bois en atelier. 
-Maîtrise des techniques de découpe, d'assemblage et de finition. 
-Connaissance des matériaux et des outils utilisés en menuiserie. 
-Capacité à lire et interpréter des plans techniques. 
-Sens du détail et souci de la qualité dans l'exécution des tâches. 
-Autonomie, rigueur et capacité à travailler en équipe. 
 

Vous êtes motivé et volontaire, alors ce poste est fait pour vous ! 
N'hésitez plus, postulez avec un CV à jour !",2025-05-09T20:12:25.260Z,2025-05-09T20:12:25.495Z,"{'libelle': '17 - Saintes', 'latitude': 45.748804, 'longitude': -0.647217, 'codePostal': '17100', 'commune': '17415'}",H2206,Menuisier / Menuisière,Menuisier / Menuisière,"{'nom': 'MANPOWER FRANCE', 'description': 'Faites confiance à Manpower, votre partenaire emploi :\n- Des opportunités nombreuses et diversifiées\n- Une expertise RH et des conseils emploi\n- Une employabilité durable avec le programme MyPath® \n- Des démarches facilitées \n- Des avantages et des services', 'entrepriseAdaptee': False}",MIS,Intérim - 2 Mois,Contrat travail,E,4 An(s),,{'libelle': 'Horaire de 12.0 Euros à 14.0 Euros sur 12.0 mois'},35H Travail en journée,Temps plein,False,"{'nom': 'MANPOWER FRANCE - Mme Sylvie  Benard', 'coordonnees1': 'https://www.manpower.fr/offers/details/1101239272?partenaire=FRANCE_TRAVAIL', 'urlPostulation': 'https://www.manpower.fr/offers/details/1101239272?partenaire=FRANCE_TRAVAIL'}",{},1,False,,,2,Ouvrier spécialisé,78.20Z,78,Activités des agences de travail temporaire,,"{'origine': '1', 'urlOrigine': 'https://candidat.francetravail.fr/offres/recherche/detail/192FJQS'}",False,{'horaires': ['35H Travail en journée']},,,
192FJQR,Manoeuvre TP (H/F),"Entreprise spécialisée dans les travaux publics: Intervention sur réseaux secs et humides et travaux d'enrochement et de terrassement, en milieu rural et urbain, dans le secteur des 3 vallées, notre client, en partenariat avec votre agence Manpower, recrute des manœuvres TP H/F. 
Au sein des équipes de chantier, vous aurez pour rôle d'intervenir sur les chantiers de terrassement ou de canalisation. 
 
Départ des Allues tous les lundis avec possibilité de co-voiturage depuis Moutiers. 
Vous disposez d'une première expérience dans les travaux publics? 
 
Vous êtes disponible pour la saison d'été? 
 
Postulez et parlons-en ensemble! 
 
Le saviez-vous ? 
Devenir salarié(e) intérimaire chez Manpower vous permet de bénéficier de nombreux avantages spécifiques à votre statut en fonction du nombre d'heures de mission que vous avez effectuées. 
Les avantages se cumulent en fonction de votre ancienneté. (CE, CCE, chèques vacances, Compte épargne Temps à 8% et bien plus encore...",2025-05-09T20:12:22.882Z,2025-05-09T20:12:23.094Z,"{'libelle': '73 - Allues', 'latitude': 45.404686, 'longitude': 6.566652, 'codePostal': '73550', 'commune': '73015'}",F1704,Manœuvre bâtiment,Manœuvre de chantier,"{'nom': 'MANPOWER', 'description': 'Faites confiance à Manpower, votre partenaire emploi :\n- Des opportunités nombreuses et diversifiées\n- Une expertise RH et des conseils emploi\n- Une employabilité durable avec le programme MyPath® \n- Des démarches facilitées \n- Des avantages et des services', 'entrepriseAdaptee': False}",MIS,Intérim - 1 Mois,Contrat travail,D,Débutant accepté,,{'libelle': 'Horaire de 11.88 Euros à 13.0 Euros sur 12.0 mois'},35H Travail en journée,Temps plein,False,"{'nom': 'MANPOWER - Mme Responsable Agence', 'coordonnees1': 'https://www.manpower.fr/offers/details/1101239270?partenaire=FRANCE_TRAVAIL', 'urlPostulation': 'https://www.manpower.fr/offers/details/1101239270?partenaire=FRANCE_TRAVAIL'}",{},1,False,,,2,Ouvrier spécialisé,78.20Z,78,Activités des agences de travail temporaire,,"{'origine': '1', 'urlOrigine': 'https://candidat.francetravail.fr/offres/recherche/detail/192FJQR'}",False,{'horaires': ['35H Travail en journée']},,,
192FJQN,Plaquiste (H/F),"Manpower TOULON SECOND OEUVRE recherche pour son client, un acteur du secteur du BTP, 2 à 3 profils de Plaquiste (H/F) pour un chantier à Porquerolles. 
 

Vos missions missions principales seront les suivantes : 
 
-Préparation du chantier : Définir les matériaux nécessaires, préparer et sécuriser le chantier 
-Pose des cloisons et des plafonds : Installer les cloisons sèches, les faux plafonds et les sols, en suivant les plans établis 
-Isolation : Assurer l'isolation thermique et acoustique des murs et des cloisons 
-Finitions : Réaliser les joints, les enduits et les finitions, comme les moulures en plâtre 
-Collaboration : Travailler en étroite collaboration avec d'autres corps de métiers, tels que les électriciens et les plombiers 
 Vous devrez connaître les normes de sécurité, être rigoureux/se, et savoir lire et écrire. 
 
 

Vous travaillerez en binôme ou en trinôme sur l'ile de Porquerolles. 
Longue mission. 
 
Frais de transport bateau à votre charge. 
Indémnités de déplacement comprise dans le contrat.",2025-05-09T20:12:15.056Z,2025-05-09T20:12:15.304Z,"{'libelle': '83 - Hyères', 'latitude': 43.116731, 'longitude': 6.20255, 'codePostal': '83400', 'commune': '83069'}",F1604,Plaquiste,Plaquiste,"{'nom': 'MANPOWER', 'description': 'Faites confiance à Manpower, votre partenaire emploi :\n- Des opportunités nombreuses et diversifiées\n- Une expertise RH et des conseils emploi\n- Une employabilité durable avec le programme MyPath® \n- Des démarches facilitées \n- Des avantages et des services', 'entrepriseAdaptee': False}",MIS,Intérim - 2 Mois,Contrat travail,E,4 An(s),,{'libelle': 'Horaire de 13.02 Euros à 14.31 Euros sur 12.0 mois'},35H Travail en journée,Temps plein,False,"{'nom': 'MANPOWER - M. Toulon BTP Manpower ', 'coordonnees1': 'https://www.manpower.fr/offers/details/1101239264?partenaire=FRANCE_TRAVAIL', 'urlPostulation': 'https://www.manpower.fr/offers/details/1101239264?partenaire=FRANCE_TRAVAIL'}",{},1,False,,,2,Ouvrier spécialisé,78.20Z,78,Activités des agences de travail temporaire,,"{'origine': '1', 'urlOrigine': 'https://candidat.francetravail.fr/offres/recherche/detail/192FJQN'}",False,{'horaires': ['35H Travail en journée']},,,
192FJQK,Peintre (H/F),"Manpower TOULON BTP, recherche pour son client, un acteur majeur du BTP, un Peintre H/F pour faire de la peinture sur candélabres à Six Fours. 
 
-Proteger le mobilier et les sols avec des bâches. 
-Sécuriser le chantier avec des gardes de corps anti-chutes et des lignes de vie. 
-Préparer les supports (décaper les vieilles peintures, décoller l'ancien papier peint, colmater les fissures, enduire, poncer, etc.) pour obtenir une surface lisse ou rugueuse telle que désirée (boucher les trous éventuels). 
-Préparer des produits à appliquer : peinture, coloration, résines, etc. 
-Poser des revêtements (en assurant éventuellement l'imperméabilité des surfaces et leur isolation phonique). 
-Décapage ponceuse mécanique 
-Apprêt époxy 
-Finition Polyuréthane 
 
 
Vous disposez d'un CAP Peintre applicateur de revêtements ; 
Vous possédez le Permis B (déplacement sur la commune de Six Fours) ; 
Vous possédez des expériences significatives sur ce poste et êtes autonome ? 
 
Venez postulez auprès de nous !",2025-05-09T20:11:59.970Z,2025-05-09T20:12:00.231Z,"{'libelle': '83 - Six-Fours-les-Plages', 'latitude': 43.091706, 'longitude': 5.8176, 'codePostal': '83140', 'commune': '83129'}",F1606,Peintre en bâtiment,Peintre en bâtiment,"{'nom': 'MANPOWER', 'description': 'Faites confiance à Manpower, votre partenaire emploi :\n- Des opportunités nombreuses et diversifiées\n- Une expertise RH et des conseils emploi\n- Une employabilité durable avec le programme MyPath® \n- Des démarches facilitées \n- Des avantages et des services', 'entrepriseAdaptee': False}",MIS,Intérim - 21 Jour(s),Contrat travail,E,5 An(s),,{'libelle': 'Horaire de 13.0 Euros à 14.0 Euros sur 12.0 mois'},35H Travail en journée,Temps plein,False,"{'nom': 'MANPOWER - M. Toulon BTP Manpower ', 'coordonnees1': 'https://www.manpower.fr/offers/details/1101239256?partenaire=FRANCE_TRAVAIL', 'urlPostulation': 'https://www.manpower.fr/offers/details/1101239256?partenaire=FRANCE_TRAVAIL'}",{},1,False,,,2,Ouvrier spécialisé,78.20Z,78,Activités des agences de travail temporaire,,"{'origine': '1', 'urlOrigine': 'https://candidat.francetravail.fr/offres/recherche/detail/192FJQK'}",False,{'horaires': ['35H Travail en journée']},,,
192FJQH,Assistant qualité (H/F),"Manpower LA FERTE BERNARD recherche pour son client, un acteur du secteur de l'agroalimentaire, un Assistant qualité (H/F)
 En tant que assistant qualité H/F, vous serez amené à : 
-Contrôler la qualité des produits finis 
-Effectuer le suivi des indicateurs de qualité 
-Veiller au respect des règles de sécurité et d'hygiène 
-Réaliser des rapports de contrôle précis 
-Identifier et rapporter les non-conformités 
-Proposer des améliorations pour optimiser la qualité 
-Participer à des réunions d'équipe sur la qualité 
-Assurer la traçabilité des actions de contrôle 
 
Expérience requise en contrôle qualité. Connaissances en sécurité et hygiène. 
 
Vos avantages : 
-Mode de travail collaboratif, basé sur l'autonomie et la responsabilité 
-Opportunités de parcours professionnels adaptés à votre profil 
-Congés payés et RTT 
-Mutuelle d'entreprise et prévoyance santé 
-CET à 8 % 
-CSE, CSEC 
-FASTT (garde d'enfant, aide au logement, location de véhicule.) 
",2025-05-09T20:11:55.258Z,2025-05-09T20:11:55.483Z,"{'libelle': '72 - Vibraye', 'latitude': 48.051359, 'longitude': 0.738118, 'codePostal': '72320', 'commune': '72373'}",H1502,Responsable qualité en industrie,Assistant / Assistante qualité en industrie,"{'nom': 'MANPOWER FRANCE', 'description': 'Faites confiance à Manpower, votre partenaire emploi :\n- Des opportunités nombreuses et diversifiées\n- Une expertise RH et des conseils emploi\n- Une employabilité durable avec le programme MyPath® \n- Des démarches facilitées \n- Des avantages et des services', 'entrepriseAdaptee': False}",MIS,Intérim - 7 Jour(s),Contrat travail,D,Débutant accepté,,"{'commentaire': 'Autres', 'complement1': 'Autre'}",35H Travail en journée,Temps plein,False,"{'nom': 'MANPOWER FRANCE - Mme Florence MAHE', 'coordonnees1': 'https://www.manpower.fr/offers/details/1101239253?partenaire=FRANCE_TRAVAIL', 'urlPostulation': 'https://www.manpower.fr/offers/details/1101239253?partenaire=FRANCE_TRAVAIL'}",{},1,False,,,2,Ouvrier spécialisé,78.20Z,78,Activités des agences de travail temporaire,,"{'origine': '1', 'urlOrigine': 'https://candidat.francetravail.fr/offres/recherche/detail/192FJQH'}",False,{'horaires': ['35H Travail en journée']},,,
192FJQG,Charpentier bois (H/F),"Vous êtes Chef d'équipe en Charpente Bois ou Charpentier prêt à prendre des responsabilités ? 
 
 Vous souhaitez étoffer vos compétences en charpente en travaillant sur des projets différents, avec une vraie reconnaissance de la qualité de votre travail ? 
 
Notre client vous propose de travailler sur des projets en bois ambitieux, variés et de rejoindre leur équipe de charpentiers confirmés. 
 
Poste en CDI 
 
Basé à 10 minutes de Chauffailles (71) et 10 minutes de Cours la Ville (69)
Vous souhaitez intégrer une entreprise qui pourra vous apporter un nouvel élan dans votre carrière de Charpentier avec des chantiers innovants, et rejoindre une équipe reconnue pour la qualité de ses chantiers? C'est par ici !! 
 
En tant que Chef d'Équipe, vous jouerez un rôle essentiel au sein de l'entreprise. 
 
Vos principales responsabilités incluront : 
-Prendre en charge l'exécution des chantiers. 
-Encadrer une équipe de 2 à 3 personnes et développer les compétences des plus juniors. 
-Tailler et assembler les éléments de charpente/ossature selon les plans fournis. 
-Installer ces éléments chez les clients selon les règles de l'art. 
-Assister le conducteur de travaux et le gérant, notamment dans la relation avec les clients. 
-Monter et démonter les protections collectives nécessaires pour un travail en sécurité. 
-Installer les éléments de couverture (tuiles, ardoises, tavaillons, bac acier). 
-Être responsable des opérations de levage sur le chantier. 
-Proposer des idées pour améliorer l'organisation et l'efficacité des chantiers. 
-Représenter l'image de la société auprès des clients, maîtres d'œuvre, architectes et autres artisans. 
 
 
Rémunération attractive en fonction de votre autonomie 
Possibilité de travailler un vendredi sur 2 
Panier repas ... 
Vous vous projetez déjà ? Parlons de vous maintenant 
 
Profil recherché : 
-Expérience en tant que Chef d'Équipe ou 5 à 10 ans d'expérience en tant que Charpentier Bois avec une volonté de prendre des responsabilités. 
-le permis C serait un plus. 
-Bon relationnel, vous aimez travailler en équipe, vous assumez vos responsabilités. 
-Autonome, avec un goût pour les challenges. 
 Postulez et je vous recontacte rapidement pour vous décrire ce poste et cette entreprise qui me parait vraiment intéressante aussi bien au niveau des missions proposées que de leurs valeurs. 
 
A très vite. 
 
Liliane",2025-05-09T20:11:52.951Z,2025-05-09T20:11:53.199Z,"{'libelle': '71 - Chauffailles', 'latitude': 46.204626, 'longitude': 4.340862, 'codePostal': '71170', 'commune': '71120'}",F1501,Poseur / Poseuse de charpentes ou constructions bois,Charpentier bois poseur / Charpentière bois poseuse,"{'nom': 'MANPOWER FRANCE', 'description': 'Faites confiance à Manpower, votre partenaire emploi :\n- Des opportunités nombreuses et diversifiées\n- Une expertise RH et des conseils emploi\n- Une employabilité durable avec le programme MyPath® \n- Des démarches facilitées \n- Des avantages et des services', 'entrepriseAdaptee': False}",CDI,CDI,Contrat travail,E,2 An(s),,{'libelle': 'Annuel de 27000.0 Euros à 37000.0 Euros sur 12.0 mois'},35H Travail en journée,Temps plein,False,"{'nom': 'MANPOWER FRANCE - Mme VIRGINIE MATHON', 'coordonnees1': 'https://www.manpower.fr/offers/details/1101239248?partenaire=FRANCE_TRAVAIL', 'urlPostulation': 'https://www.manpower.fr/offers/details/1101239248?partenaire=FRANCE_TRAVAIL'}",{},1,False,,,2,Ouvrier spécialisé,78.20Z,78,Activités des agences de travail temporaire,,"{'origine': '1', 'urlOrigine': 'https://candidat.francetravail.fr/offres/recherche/detail/192FJQG'}",False,{'horaires': ['35H Travail en journée']},,,
192FJQF,Mécanicien automobile (H/F),"Manpower TARASCON recherche pour son client, un acteur du secteur de l'automobile, un Mécanicien automobile 13200 (H/F)
Dans le cadre de vos fonctions, vous serez amené à : 
-Diagnostiquer les dysfonctionnements du véhicule. 
-Effectuer les réparations nécessaires. 
-Réaliser les entretiens périodiques et les contrôles de routine. 
-Utiliser les équipements de diagnostic électronique. 
-Assurer la mise à jour des données techniques. 
-Respecter les normes de sécurité et environnementales de l'entreprise. 
-Conseiller la clientèle sur l'entretien de leur véhicule. 
-Maintenir un espace de travail propre et organisé. 
 
Expérience en mécanique automobile exigée, compétences en diagnostic et réparation, sens du service et rigueur. 
Vos avantages : 
-Rémunération de 12.24 euros brut de l'heure. 
-Mode de travail collaboratif, basé sur l'autonomie et la responsabilité. 
-Opportunités de parcours professionnels adaptés à votre profil. 
-Congés payés et RTT. 
-Mutuelle d'entreprise et prévoyance santé. 
-CET à 8 %. 
-CSE, CSEC. 
-FASTT (garde d'enfant, aide au logement, location de véhicule.). 
",2025-05-09T20:11:50.549Z,2025-05-09T20:11:50.804Z,"{'libelle': '13 - Arles', 'latitude': 43.608782, 'longitude': 4.610256, 'codePostal': '13104', 'commune': '13004'}",I1604,Mécanicien / Mécanicienne automobile,Mécanicien / Mécanicienne automobile,"{'nom': 'MANPOWER FRANCE', 'description': 'Faites confiance à Manpower, votre partenaire emploi :\n- Des opportunités nombreuses et diversifiées\n- Une expertise RH et des conseils emploi\n- Une employabilité durable avec le programme MyPath® \n- Des démarches facilitées \n- Des avantages et des services', 'entrepriseAdaptee': False}",MIS,Intérim - 15 Jour(s),Contrat travail,D,Débutant accepté,,{'libelle': 'Horaire de 12.24 Euros sur 12.0 mois'},35H Travail en journée,Temps plein,False,"{'nom': 'MANPOWER FRANCE - Mme Caroline MANPOWER', 'coordonnees1': 'https://www.manpower.fr/offers/details/1101239246?partenaire=FRANCE_TRAVAIL', 'urlPostulation': 'https://www.manpower.fr/offers/details/1101239246?partenaire=FRANCE_TRAVAIL'}",{},1,False,,,2,Ouvrier spécialisé,78.20Z,78,Activités des agences de travail temporaire,,"{'origine': '1', 'urlOrigine': 'https://candidat.francetravail.fr/offres/recherche/detail/192FJQF'}",False,{'horaires': ['35H Travail en journée']},,,
192FJQD,Technicien de maintenance (H/F),"Manpower COLMAR recherche pour son client, un Technicien de maintenance (H/F) ! 
 
 
-Effectuer des travaux de maintenance curative mécanique et pneumatique 
-Effectuer des révisions de sous-ensembles mécaniques 
-Participer au déploiement des systèmes/améliorations en production 
-Participation aux changement de séries sur ligne de production 
-Support aux mécaniciens en production 
 
 
-BTS en maintenance industrielle 
-Expérience en mécanique et pneumatique 
-Horaires en 2x7 (matin et journée) 
Vous vous reconnaissez ? Vous souhaitez obtenir ce poste ? Rejoignez-nous et postulez dès maintenant !",2025-05-09T20:11:48.160Z,2025-05-09T20:11:48.379Z,"{'libelle': '68 - Colmar', 'latitude': 48.081779, 'longitude': 7.352569, 'codePostal': '68000', 'commune': '68066'}",I1203,Agent / Agente d'entretien du bâtiment,Technicien polyvalent / Technicienne polyvalente du bâtiment,"{'nom': 'MANPOWER FRANCE', 'description': 'Faites confiance à Manpower, votre partenaire emploi :\n- Des opportunités nombreuses et diversifiées\n- Une expertise RH et des conseils emploi\n- Une employabilité durable avec le programme MyPath® \n- Des démarches facilitées \n- Des avantages et des services', 'entrepriseAdaptee': False}",MIS,Intérim - 3 Mois,Contrat travail,E,4 An(s),,"{'commentaire': 'Autres', 'complement1': 'Autre'}",35H Travail en journée,Temps plein,False,"{'nom': 'MANPOWER FRANCE - Mme AUDREY MANIGOLD', 'coordonnees1': 'https://www.manpower.fr/offers/details/1101239245?partenaire=FRANCE_TRAVAIL', 'urlPostulation': 'https://www.manpower.fr/offers/details/1101239245?partenaire=FRANCE_TRAVAIL'}",{},1,False,,,2,Ouvrier spécialisé,78.20Z,78,Activités des agences de travail temporaire,,"{'origine': '1', 'urlOrigine': 'https://candidat.francetravail.fr/offres/recherche/detail/192FJQD'}",False,{'horaires': ['35H Travail en journée']},,,
192FJQC,Opérateur de maintenance et travaux (H/F),"Manpower COLMAR recherche pour son client, un acteur du secteur ferroviaire, un Opérateur électrotechnique (H/F)
 
-Exécuter le câblage, la pose, le montage et la fixation de composants électriques sur différents supports destinés à la réalisation d'ensembles ou sous-ensembles électriques, électroniques ou électromécaniques, à partir de dossiers, de plans mécaniques ou schémas électriques. 
-Procéder à la connexion de fils, de câbles et d'éléments entrant dans la composition d'organes de commandes et d'équipements électromécaniques ou électriques. 
-Assurer des modifications de câblage, des essais et des réglages pour des travaux d'installation de mise en état du matériel. 
-Réaliser les mises en service (tests machines selon les spécificités fonctionnelles) 
-Contrôler le travail réalisé, détecte les dysfonctionnements, assure le diagnostic, remédie aux défauts constatés 
-Réaliser les remontées et améliorations auprès de son chef d'équipe 
-Participer à l'amélioration des modes opératoires avec le service méthode 
 
 
-Vous justifiez d'une expérience réussie. 
-Vous maitrisez la lecture de plans et de schémas. 
-Vous avez des connaissances en électrotechnique, en règles d'hygiène et de sécurité. 
Horaire : 07h00-11h45 et 12h30-16h45 du lundi au jeudi 
 
Vous vous reconnaissez ? Vous souhaitez obtenir ce poste ? Postulez dès maintenant !",2025-05-09T20:11:45.746Z,2025-05-09T20:11:45.976Z,"{'libelle': '68 - Colmar', 'latitude': 48.081779, 'longitude': 7.352569, 'codePostal': '68000', 'commune': '68066'}",I1203,Agent / Agente d'entretien du bâtiment,Agent / Agente de maintenance des bâtiments,"{'nom': 'MANPOWER FRANCE', 'description': 'Faites confiance à Manpower, votre partenaire emploi :\n- Des opportunités nombreuses et diversifiées\n- Une expertise RH et des conseils emploi\n- Une employabilité durable avec le programme MyPath® \n- Des démarches facilitées \n- Des avantages et des services', 'entrepriseAdaptee': False}",MIS,Intérim - 3 Mois,Contrat travail,D,Débutant accepté,,{'libelle': 'Horaire de 12.0 Euros à 13.0 Euros sur 12.0 mois'},35H Travail en journée,Temps plein,False,"{'nom': 'MANPOWER FRANCE - Mme AUDREY MANIGOLD', 'coordonnees1': 'https://www.manpower.fr/offers/details/1101239243?partenaire=FRANCE_TRAVAIL', 'urlPostulation': 'https://www.manpower.fr/offers/details/1101239243?partenaire=FRANCE_TRAVAIL'}",{},1,False,,,2,Ouvrier spécialisé,78.20Z,78,Activités des agences de travail temporaire,,"{'origine': '1', 'urlOrigine': 'https://candidat.francetravail.fr/offres/recherche/detail/192FJQC'}",False,{'horaires': ['35H Travail en journée']},,,
192FJQB,Electricien (H/F),"Manpower LE MANS BTP recherche pour son client, un Électricien N3P2 H/F pour une mission temporaire. Notre client est spécialisé dans l'installation d'équipements thermiques et de climatisation.
Dans le cadre de vos fonctions, vous serez amené à : 
-Réaliser les tirages de câbles 
-Effectuer des raccordements 
-Poser des appareillages 
-Conduire une nacelle 
-Procéder à divers travaux d'électricité 
-Respecter les normes de sécurité en vigueur sur le chantier 
-Collaborer avec les autres membres de l'équipe pour assurer l'avancement du projet 
 
Expérience en électricité de 5 ans minimum exigée. 
 
Le CACES nacelle et des habilitations électriques à jour sont impératif pour ce poste. 
 
Vous êtes reconnu(e) pour votre autonomie et vos compétences ? 
 
Alors ce poste est pour vous ! Transmettez-nous votre CV !",2025-05-09T20:11:43.265Z,2025-05-09T20:11:43.518Z,"{'libelle': '72 - Bazoge', 'latitude': 48.100298, 'longitude': 0.151685, 'codePostal': '72650', 'commune': '72024'}",H2602,Câbleur / Câbleuse d'armoires,Électricien / Électricienne d'équipements industriels,"{'nom': 'MANPOWER FRANCE', 'description': 'Faites confiance à Manpower, votre partenaire emploi :\n- Des opportunités nombreuses et diversifiées\n- Une expertise RH et des conseils emploi\n- Une employabilité durable avec le programme MyPath® \n- Des démarches facilitées \n- Des avantages et des services', 'entrepriseAdaptee': False}",MIS,Intérim - 7 Jour(s),Contrat travail,E,6 An(s),,{'libelle': 'Horaire de 14.51 Euros sur 12.0 mois'},35H Travail en journée,Temps plein,False,"{'nom': 'MANPOWER FRANCE - Mme Soline SEYCHELLES ', 'coordonnees1': 'https://www.manpower.fr/offers/details/1101239242?partenaire=FRANCE_TRAVAIL', 'urlPostulation': 'https://www.manpower.fr/offers/details/1101239242?partenaire=FRANCE_TRAVAIL'}",{},1,False,,,2,Ouvrier spécialisé,78.20Z,78,Activités des agences de travail temporaire,,"{'origine': '1', 'urlOrigine': 'https://candidat.francetravail.fr/offres/recherche/detail/192FJQB'}",False,{'horaires': ['35H Travail en journée']},,,
192FJPZ,Ingénieur études de prix (H/F),"

Manpower CABINET DE RECRUTEMENT DE LA ROCHELLE recherche pour son client, un acteur reconnu du secteur des Travaux Publics, un(e) Chargé(e) d'études de Prix (H/F). 
 
Si vous voulez intégrer une entreprise bien structurée et indépendante, qui travaille sur des projets locaux emblématiques, alors, ce poste peut vous intéresser ! 
 
Poste en CDI, à pourvoir dès que possible 
Statut ETAM ou CADRE 
Salaire : 2800  à 3500  brut /mois * 13.3 selon expérience. 
Secteur 17 - Charente Maritime 
 

Sous l'autorité du Responsable Etudes et du Chef de centre, vous serez suppléé par le Projeteur et travaillerez en collaboration avec les Chefs de Secteur. 
 
Le Chargé d'Etudes H/F : 
- réalise ou fait réaliser des projets (levés de terrain, études techniques, métrés, plans... ) et définit les conditions de réalisation du chantier : 
-élaboration du planning, 
-consultation (éventuellement engagement) des fournisseurs et sous-traitants, 
-évaluation des rendements, 
-évaluation des moyens à mettre en œuvre, 
-analyse des risques techniques et liés à la sécurité et à l'environnement, 
-proposition de variantes. 
 - évalue les prix de revient prévisionnels et détermine le prix de vente standard selon les procédures en vigueur de l'entreprise (pilote). Participe à la détermination du prix de vente et suit l'état d'avancement des prises de décision. Assure une veille technique : 
-recherche de nouveaux fournisseurs et sous-traitants, 
-connaissances de nouveaux produits, procédés et matériel, 
-analyse des rendements réalisés. 
 

- Participe activement à l'action commerciale de l'établissement. 
- Elabore les mémoires techniques, les SOPAQ et les plannings de réalisation pour la remise de prix, 
- Prend en compte les règles indispensables de sécurité (signalisation, blindage, etc. ... ) dès l'élaboration et le chiffrage de l'étude en cohérence avec le PGC si inclus dans le marché. 
- est en charge de la rédaction des SOGED /SOSED et SOPRE/SOPAE lorsque demandé, 
etc... 
 
#etudedeprix #route #VRD #CDI #LAROCHELLE 
 

Issu(e) d'une formation de BAC2 à BAC5 en génie civil ou travaux publics, vous justifiez d'une expérience similaire, idéalement acquise en travaux publics. 
Et si vous avez un passé de Chef de Chantier ou Conducteur de Travaux TP avec une expérience en bureau d'études : 
 Alors votre maîtrise technique nous intéresse et fera la différence ! 
 
Qualités requises : 
-Connaissance des outils informatiques Tableur  Word 
-Rigueur, dynamisme, polyvalence et bonne organisation 
-Conscience professionnelle 
-Bonne capacité relationnelle et communication 
-Capacité à développer un réseau de relations commerciales 
-Curiosité 
 

Avantages : 
- véhicule de service. 
- possibilité d'être basé à plusieurs endroits en Charente Maritime",2025-05-09T20:11:40.782Z,2025-05-09T20:11:41.076Z,"{'libelle': '17 - Rochelle', 'latitude': 46.157816, 'longitude': -1.170382, 'codePostal': '17000', 'commune': '17300'}",H1402,Ingénieur / Ingénieure méthodes et process,Ingénieur(e) d'études de devis en méthodes-industrialisation,"{'nom': 'MANPOWER', 'description': 'Faites confiance à Manpower, votre partenaire emploi :\n- Des opportunités nombreuses et diversifiées\n- Une expertise RH et des conseils emploi\n- Une employabilité durable avec le programme MyPath® \n- Des démarches facilitées \n- Des avantages et des services', 'entrepriseAdaptee': False}",CDI,CDI,Contrat travail,E,4 An(s),,{'libelle': 'Mensuel de 2800.0 Euros à 3500.0 Euros sur 12.0 mois'},35H Travail en journée,Temps plein,False,"{'nom': 'MANPOWER - Mme AUDREY FERRAND', 'coordonnees1': 'https://www.manpower.fr/offers/details/1101239240?partenaire=FRANCE_TRAVAIL', 'urlPostulation': 'https://www.manpower.fr/offers/details/1101239240?partenaire=FRANCE_TRAVAIL'}",{},1,False,,,2,Ouvrier spécialisé,78.20Z,78,Activités des agences de travail temporaire,,"{'origine': '1', 'urlOrigine': 'https://candidat.francetravail.fr/offres/recherche/detail/192FJPZ'}",False,{'horaires': ['35H Travail en journée']},,,
192FJPV,Plombier (H/F),"Vous êtes passionné(e) par votre métier et souhaitez évoluer dans un environnement où votre expertise est reconnue ? 
 
Manpower RENNES BTP recherche pour son client, un Plombier (H/F).
 

En tant que plombier confirmé, vous interviendrez sur des chantiers variés (habitat individuel, collectif et tertiaire) pour : Réaliser des installations sanitaires complètes en toute autonomie (pose, raccordement, mise en service) 
 
Effectuer des travaux de rénovation ou de neuf (alimentation, évacuation, équipements sanitaires) 
 
Lire et interpréter les plans et schémas d'installation 
 
Respecter scrupuleusement les consignes de sécurité sur les chantiers
Vous êtes plombier confirmé(e), autonome et passionné(e) par votre métier. 
 
Vous avez une expérience significative sur chantiers en habitat et en milieu tertiaire 
 
vous êtes rigoureux(se), organisé(e) et avez le goût du travail bien fait. 
 
Ce poste en fait pour vous alors postulez !!!! 
 
Rejoindre le groupe Manpower en tant qu'intérimaire vous permettra au-delà d'acquérir de l'expérience professionnelle, de bénéficier des avantages de notre groupe ! CSEC : chèques vacances, remboursement location vacances, voyages ... . CSE régional : chèques cadeaux rentrée scolaire, mariage, pacs, remboursement sport et culture, loisirs, billetterie, ... Primes d'ancienneté dès 5 ans! 
Manpower vous offre aussi la possibilité de placer vos primes à 8% d'intérêts sur un Compte Epargne Temps !",2025-05-09T20:11:31.558Z,2025-05-09T20:11:31.795Z,"{'libelle': '35 - Taillis', 'latitude': 48.184817, 'longitude': -1.235268, 'codePostal': '35500', 'commune': '35330'}",F1603,Plombier / Plombière,Plombier / Plombière,"{'nom': 'MANPOWER', 'description': 'Faites confiance à Manpower, votre partenaire emploi :\n- Des opportunités nombreuses et diversifiées\n- Une expertise RH et des conseils emploi\n- Une employabilité durable avec le programme MyPath® \n- Des démarches facilitées \n- Des avantages et des services', 'entrepriseAdaptee': False}",MIS,Intérim - 14 Jour(s),Contrat travail,E,6 An(s),,{'libelle': 'Horaire de 13.48 Euros à 15.0 Euros sur 12.0 mois'},35H Travail en journée,Temps plein,False,"{'nom': 'MANPOWER - Mme Manuela HUET', 'coordonnees1': 'https://www.manpower.fr/offers/details/1101239235?partenaire=FRANCE_TRAVAIL', 'urlPostulation': 'https://www.manpower.fr/offers/details/1101239235?partenaire=FRANCE_TRAVAIL'}",{},1,False,,,2,Ouvrier spécialisé,78.20Z,78,Activités des agences de travail temporaire,,"{'origine': '1', 'urlOrigine': 'https://candidat.francetravail.fr/offres/recherche/detail/192FJPV'}",False,{'horaires': ['35H Travail en journée']},,,
192FJPT,Chef de partie (H/F),"Manpower Cabinet de recrutement de Nice-Sophia Antipolis recherche pour son client, un acteur du secteur de la restauration gastronomique, un Chef de partie pâtisserie (H/F) sur Antibes.
Le chef de partie est un cuisinier ou un demi chef de partie confirmé, qui s'est spécialisé dans une discipline donnée et donc à une responsabilité précise au sein d'une cuisine pâtisserie pour le profil recherché. 
Le chef de partie pâtisserie s'occupe de tous les entremets de dessert, glaces (sauf s'il y a un glacier), de toutes les pâtes sucrées utilisées en cuiscine, de tous les pains en l'absence de boulanger ou de sius traitante à un boulanger externe. 
 
Sous la responsabilité du Chef de cuisine, vos missions seront les suivantes : 
-Préparer et réaliser les desserts et pâtisseries selon les standards de l'établissement. 
-Assister le Chef dans la création de nouvelles recettes et la mise en place. 
-Veiller au respect des normes d'hygiène et de sécurité alimentaire. 
-Superviser l'équipe pâtisserie, organiser leur travail et favoriser leur développement dans un environnement professionnel et humain de qualité, en collaboration avec le Chef. 
-Participer à la gestion des stocks et des commandes de produits. 
-Assurer la qualité et la présentation des desserts servis à la clientèle. 
-Assurer la conformité avec les normes de sécurité alimentaire et d'hygiène. 
-Collaborer avec les autres membres de l'équipe pour garantir un service fluide et efficace. 
 
 
-Expérience significative sur un poste similaire en restauration gastronimique, idéalement étoilée. 
-Maîtrise des techniques de préparation des aliments et de manipulation des aliments. 
-Sens aigu du service client et êtes capable d'interagir positivement avec la clientèle. 
-Rigueur dans le respect des normes de sécurité alimentaire. 
-Créativité et innovation dans les préparations. 
-Capable de gérer sa propre section. 
 
Si vous êtes passionné(e) par la pâtisserie et souhaitez évoluer dans un cadre prestigieux, postulez et venez rejoindre ce bel établissement pour faire briller votre talent !",2025-05-09T20:11:29.069Z,2025-05-09T20:11:29.330Z,"{'libelle': '06 - Antibes', 'latitude': 43.582206, 'longitude': 7.103245, 'codePostal': '06160', 'commune': '06004'}",G1609,Cuisinier / Cuisinière,Chef de partie,"{'nom': 'MANPOWER', 'description': 'Faites confiance à Manpower, votre partenaire emploi :\n- Des opportunités nombreuses et diversifiées\n- Une expertise RH et des conseils emploi\n- Une employabilité durable avec le programme MyPath® \n- Des démarches facilitées \n- Des avantages et des services', 'entrepriseAdaptee': False}",CDD,CDD - 5 Mois,Contrat travail,E,3 An(s),,{'libelle': 'Mensuel de 2500.0 Euros à 2800.0 Euros sur 12.0 mois'},35H Travail en journée,Temps plein,False,"{'nom': 'MANPOWER - Mme LAURIE JOB', 'coordonnees1': 'https://www.manpower.fr/offers/details/1101239234?partenaire=FRANCE_TRAVAIL', 'urlPostulation': 'https://www.manpower.fr/offers/details/1101239234?partenaire=FRANCE_TRAVAIL'}",{},1,False,,,2,Ouvrier spécialisé,78.20Z,78,Activités des agences de travail temporaire,,"{'origine': '1', 'urlOrigine': 'https://candidat.francetravail.fr/offres/recherche/detail/192FJPT'}",False,{'horaires': ['35H Travail en journée']},,,"[{'libelle': 'Anglais', 'exigence': 'S'}]"
192FJPS,Assistant administratif et commercial (H/F),"Manpower LE HAVRE recherche pour son client, un acteur du secteur des Industries chimique, pétrochimique et minière, un Assistant administratif et commercial (H/F)
 

En tant qu'Assistant Commercial Associés, vous jouerez un rôle clé dans la gestion des commandes et des délais, en assurant une communication fluide entre les différents départements et en garantissant la satisfaction de nos clients. 
 
Vos missions : 
-Répondre aux demandes de cotation et de délai. 
-Recevoir les commandes (vérification de la documentation export compliance, RFI, vérification des spécifications, vérification des stocks, vérification des délais avec la production si pas de stock), créer les commandes et accuser réception. 
-Analyser le portefeuille de commandes pour chaque associé afin de communiquer les délais (hebdomadaire). 
-Collaborer sur les délais. 
-Envoyer les proformas au département expéditions. 
-Demander l'accord des associés pour les produits à durée de vie inférieure à leur demande. 
-S'assurer de la couverture des stocks sur nos sites associés et créer des ordres de transfert en fonction des besoins. 
 
 

Nous recherchons un candidat avec : 
 
- Une formation BAC  2 en assistant commercial, transport et logistique. 
- Maîtrise de l'anglais obligatoire, tant à l'oral qu'à l'écrit. 
- Expérience en service client, serait un atout supplémentaire. 
- Compétences techniques, notamment la maîtrise des outils informatiques et des logiciels de gestion des commandes. 
- Nous valorisons les qualités personnelles telles que de bonnes capacités de communication, un sens de l'organisation, de la rigueur, et une capacité à travailler efficacement en équipe. 
 
Postulez dès maintenant ! 
 
Etre collaborateur intérimaire chez Manpower ? 
- C'est : bénéficier de son CSE (cinéma, chèque vacances ... ) 
 
- Vous pourrez également bénéficier de tous les services de votre compte personnel manpower.fr en téléchargeant notre application mobile 
 
- Enfin, devenir collaborateur intérimaire chez Manpower, vous permet de bénéficier du CET, placement à 8% 
 
 
",2025-05-09T20:11:26.478Z,2025-05-09T20:11:26.726Z,"{'libelle': ""76 - Gonfreville-l'Orcher"", 'latitude': 49.510805, 'longitude': 0.226063, 'codePostal': '76700', 'commune': '76305'}",M1607,Secrétaire,Assistant administratif / Assistante administrative,"{'nom': 'MANPOWER', 'description': 'Faites confiance à Manpower, votre partenaire emploi :\n- Des opportunités nombreuses et diversifiées\n- Une expertise RH et des conseils emploi\n- Une employabilité durable avec le programme MyPath® \n- Des démarches facilitées \n- Des avantages et des services', 'entrepriseAdaptee': False}",MIS,Intérim - 1 Mois,Contrat travail,E,2 An(s),,"{'commentaire': 'Autres', 'complement1': 'Autre'}",35H Travail en journée,Temps plein,False,"{'nom': 'MANPOWER - Mme Amelie Cavelier', 'coordonnees1': 'https://www.manpower.fr/offers/details/1101239232?partenaire=FRANCE_TRAVAIL', 'urlPostulation': 'https://www.manpower.fr/offers/details/1101239232?partenaire=FRANCE_TRAVAIL'}",{},1,False,,,2,Ouvrier spécialisé,78.20Z,78,Activités des agences de travail temporaire,,"{'origine': '1', 'urlOrigine': 'https://candidat.francetravail.fr/offres/recherche/detail/192FJPS'}",False,{'horaires': ['35H Travail en journée']},,,"[{'libelle': 'Anglais', 'exigence': 'S'}]"
192FJPR,Usineur (H/F),"Manpower RIOM recherche pour son client, un acteur du secteur des Industries manufacturières et production, un Usineur (H/F)
 
-Réaliser des opérations de soudure ou d'usinage selon les plans techniques fournis. 
-Participer à l'assemblage de pièces métalliques. 
-Effectuer la manutention et le positionnement des pièces. 
-Contrôler la qualité des pièces produites à l'aide d'outils de mesure. 
-Respecter les consignes de sécurité. 
-Utilisation d'équipements spécifiques à la soudure ou à l'usinage (formation assurée si besoin). 
  Horaires en 2x8 : 5h-13h ou 13h-21h.
 
-Aucune expérience exigée : débutants acceptés, une formation est prévue. 
-Un minimum de connaissances en procédés de fabrication est un plus. 
-Vous êtes motivé(e), rigoureux(se) et vous aimez le travail en équipe. 
  Mission d'intérim d'un mois, renouvelable. 
 
Merci de nous transmettre votre CV à jour pour que nous puissions étudier votre candidature. 
A bientôt ! 
Votre agence Manpower de Riom 
 
Devenir salarié(e) intérimaire chez Manpower vous permet de bénéficier de nombreux avantages spécifiques à votre statut en fonction du nombre d'heures de mission que vous avez effectuées. 
Les avantages se cumulent en fonction de votre ancienneté. (CE, CCE, chèques vacances et bien plus encore... )",2025-05-09T20:11:23.971Z,2025-05-09T20:11:24.239Z,"{'libelle': '63 - Riom', 'latitude': 45.891484, 'longitude': 3.114167, 'codePostal': '63200', 'commune': '63300'}",H2903,Tourneur-fraiseur / Tourneuse-fraiseuse,Usineur / Usineuse,"{'nom': 'MANPOWER FRANCE', 'description': 'Faites confiance à Manpower, votre partenaire emploi :\n- Des opportunités nombreuses et diversifiées\n- Une expertise RH et des conseils emploi\n- Une employabilité durable avec le programme MyPath® \n- Des démarches facilitées \n- Des avantages et des services', 'entrepriseAdaptee': False}",MIS,Intérim - 1 Mois,Contrat travail,D,Débutant accepté,,"{'commentaire': 'Autres', 'complement1': 'Autre'}",35H Travail en journée,Temps plein,False,"{'nom': 'MANPOWER FRANCE - Mme Marianne GARMY', 'coordonnees1': 'https://www.manpower.fr/offers/details/1101239231?partenaire=FRANCE_TRAVAIL', 'urlPostulation': 'https://www.manpower.fr/offers/details/1101239231?partenaire=FRANCE_TRAVAIL'}",{},3,False,,,2,Ouvrier spécialisé,78.20Z,78,Activités des agences de travail temporaire,,"{'origine': '1', 'urlOrigine': 'https://candidat.francetravail.fr/offres/recherche/detail/192FJPR'}",False,{'horaires': ['35H Travail en journée']},,,
192FJPL,Responsable (H/F),"Manpower COLMAR recherche pour son client, un Responsable de chantier (H/F) !
 
-Planifier l'activité du personnel et les affecter sur les postes 
-Renseigner les supports de suivi d'activité du chantier, analyser les données 
-Anticiper et transmettre les besoins 
-Gérer la planification 
-Rendre compte de l'état d'avancement et renseigner les supports de suivi d'intervention 
-Etre force de proposition sur des solutions alternatives innovantes 
-Coordonner les interventions des équipes 
-Animer et encadrer l'ensemble de ses équipes 
-Assurer un support technique dans la réalisation des travaux 
-Savoir réaliser ou déléguer toutes tâches opérationnelles/techniques sur chantier 
-Contrôler et réceptionner le matériel sur chantier 
-Suivre et contrôler l'avancement et la conformité des réalisations en fonction du plan d'exécution 
-Apporter un appui technique aux responsables de chantier d'équipe pour déterminer la mobilité et la formation 
-S'assurer de la bonne tenue du chantier au niveau sécurité et la gestion des déchets et de l'énergie 
 
 
-BAC PRO en équipements et installations électriques (ou équivalent dans le métier) 
-Lecture et interprétation schéma électrique 
-Connaissance et pratique des normes « ELEC » : à minima les standards du métier 
-Connaissance et respect des règles de SSE, EPI, 
-Connaissance des principes et techniques du management et la technologie des matériaux et les méthodes d'installation 
Habilitation électrique : 
-B1V BT à minima (voire BR selon profil) 
 L'habilitation au Travail en hauteur et le Permis CACES : PEMP selon R486 en cat A&B est un plus ! 
 
Vous vous reconnaissez ? Vous souhaitez obtenir ce poste ? Rejoignez-nous et postulez dès maintenant !",2025-05-09T20:11:11.961Z,2025-05-09T20:11:12.180Z,"{'libelle': '68 - Colmar', 'latitude': 48.081779, 'longitude': 7.352569, 'codePostal': '68000', 'commune': '68066'}",M1205,Directeur administratif et financier / Directrice administrative et financière -DAF-,Directeur(trice) administratif(ve) et financier(ère) -DAF-,"{'nom': 'MANPOWER FRANCE', 'description': 'Faites confiance à Manpower, votre partenaire emploi :\n- Des opportunités nombreuses et diversifiées\n- Une expertise RH et des conseils emploi\n- Une employabilité durable avec le programme MyPath® \n- Des démarches facilitées \n- Des avantages et des services', 'entrepriseAdaptee': False}",MIS,Intérim - 3 Mois,Contrat travail,E,3 An(s),,{'libelle': 'Horaire de 16.48 Euros à 19.23 Euros sur 12.0 mois'},35H Travail en journée,Temps plein,False,"{'nom': 'MANPOWER FRANCE - Mme AUDREY MANIGOLD', 'coordonnees1': 'https://www.manpower.fr/offers/details/1101239224?partenaire=FRANCE_TRAVAIL', 'urlPostulation': 'https://www.manpower.fr/offers/details/1101239224?partenaire=FRANCE_TRAVAIL'}",{},1,False,,,2,Ouvrier spécialisé,78.20Z,78,Activités des agences de travail temporaire,,"{'origine': '1', 'urlOrigine': 'https://candidat.francetravail.fr/offres/recherche/detail/192FJPL'}",False,{'horaires': ['35H Travail en journée']},,,
192FJPG,Mécanicien (H/F),"Manpower EPINAL recherche pour son client, un acteur du secteur de la papeterie, un Mécanicien process industriel (H/F)
Missions principales : 
-Maintenance : Assurer la maintenance préventive et corrective des équipements de production. 
-Modification : Adapter et modifier les équipements pour améliorer leur performance. 
-Réparation : Diagnostiquer et réparer les pannes des équipements et matériels. 
-Dépannage : Intervenir rapidement en cas de dysfonctionnement pour minimiser les arrêts de production. 
-Fiabilité : Garantir la fiabilité des installations de production. 
 
Profil recherché : 
-Expérience significative en maintenance industrielle. 
-Compétences en diagnostic et réparation de pannes. 
-Capacité à travailler de manière autonome et en équipe. 
-Rigueur et sens de l'organisation. 
 Vous vous reconnaissez dans cette annonce ? N'attendez plus et transmettez nous votre candidature ! 
 
**Manpower c'est aussi : des opportunités de parcours professionnels adaptés à votre profil, mutuelle d'entreprise et prévoyance santé, CET à 8 %, CSE, CSEC, FASTT (garde d'enfant, aide au logement, location de véhicule.)** 
 
 
",2025-05-09T20:11:04.871Z,2025-05-09T20:11:05.102Z,"{'libelle': '88 - Golbey', 'latitude': 48.196392, 'longitude': 6.428957, 'codePostal': '88190', 'commune': '88209'}",I1604,Mécanicien / Mécanicienne automobile,Mécanicien / Mécanicienne automobile,"{'nom': 'MANPOWER FRANCE', 'description': 'Faites confiance à Manpower, votre partenaire emploi :\n- Des opportunités nombreuses et diversifiées\n- Une expertise RH et des conseils emploi\n- Une employabilité durable avec le programme MyPath® \n- Des démarches facilitées \n- Des avantages et des services', 'entrepriseAdaptee': False}",MIS,Intérim - 18 Mois,Contrat travail,E,2 An(s),,"{'commentaire': 'Autres', 'complement1': 'Autre'}",35H Travail en journée,Temps plein,False,"{'nom': 'MANPOWER FRANCE - Mme industrie Manpower', 'coordonnees1': 'https://www.manpower.fr/offers/details/1101239220?partenaire=FRANCE_TRAVAIL', 'urlPostulation': 'https://www.manpower.fr/offers/details/1101239220?partenaire=FRANCE_TRAVAIL'}",{},1,False,,,2,Ouvrier spécialisé,78.20Z,78,Activités des agences de travail temporaire,,"{'origine': '1', 'urlOrigine': 'https://candidat.francetravail.fr/offres/recherche/detail/192FJPG'}",False,{'horaires': ['35H Travail en journée']},,,
192FJPF,Technicien eau et environnement (H/F),"Manpower Colmar recrute un Chercheur de fuites (H/F) pour sin client basé à Colmar. 
 
-Exploiter les données remontées par les capteurs fixes et mobiles 
-Réaliser les tournées de récupération et de pose des capteurs 
-Réaliser des opérations de sectorisation et quantification des fuites 
-Réaliser des corrélation et écoutes au sol afin de localiser des fuites 
-Dans le cadre de votre activité 
-Participer aux réunions techniques conduite pas la maitrise 
-Effectuer le reporting informatique des fuites localisées 
-Réaliser la mise à jour informatique de la pose et dépose des capteurs mobiles 
-Procéder à la pose et dépose de branchement provisoire 
-Procéder à l'entretien courant du matériel mis à votre disposition 
-Proposer l'amélioration des procédures et méthodes permettant d'améliorer la détection de fuites. 
 
 
Cette activité inclus également une notion d'astreinte durant laquelle divers travaux de fontainerie pourront vous être confiés. 
 
FORMATION et/ou EXPERIENCE PROFESSIONNELLE REQUISES 
BAC 2 dans les métiers de l'eau, idéalement un BTS GEMEAU. 
 
COMPETENCES ET CONNAISSANCES REQUISES 
Le candidat devra faire preuve d'autonomie dans la conduite des missions confiées et d'organisation ainsi que de rigueur dans son travail. Une aptitude à la rédaction de compte-rendu ainsi que de bonnes capacités de synthèse sont demandées. 
 
HORAIRE : 7H45-11H30 et 13H-17H 
",2025-05-09T20:11:02.414Z,2025-05-09T20:11:02.635Z,"{'libelle': '68 - Colmar', 'latitude': 48.081779, 'longitude': 7.352569, 'codePostal': '68000', 'commune': '68066'}",K2306,Responsable de site éco-industriel,Technicien / Technicienne en traitement des eaux,"{'nom': 'MANPOWER FRANCE', 'description': 'Faites confiance à Manpower, votre partenaire emploi :\n- Des opportunités nombreuses et diversifiées\n- Une expertise RH et des conseils emploi\n- Une employabilité durable avec le programme MyPath® \n- Des démarches facilitées \n- Des avantages et des services', 'entrepriseAdaptee': False}",MIS,Intérim - 3 Mois,Contrat travail,E,2 An(s),,{'libelle': 'Horaire de 12.0 Euros à 14.0 Euros sur 12.0 mois'},35H Travail en journée,Temps plein,False,"{'nom': 'MANPOWER FRANCE - Mme AUDREY MANIGOLD', 'coordonnees1': 'https://www.manpower.fr/offers/details/1101239219?partenaire=FRANCE_TRAVAIL', 'urlPostulation': 'https://www.manpower.fr/offers/details/1101239219?partenaire=FRANCE_TRAVAIL'}",{},1,False,,,2,Ouvrier spécialisé,78.20Z,78,Activités des agences de travail temporaire,,"{'origine': '1', 'urlOrigine': 'https://candidat.francetravail.fr/offres/recherche/detail/192FJPF'}",False,{'horaires': ['35H Travail en journée']},,,
192FJPC,Electricien (H/F),"Vous êtes expert en électricité ! 
 
Notre agence Manpower BTP recherche pour son client un Electricien bâtiment (H/F).
Vos missions seront les suivantes : 
-Passage et tirage de câbles 
-Raccordement 
-Pose d'appareillages 
-Suivi des plans de câblage 
 
Chantier sur le secteur de La Flèche.
 Vous êtes expérimenté(e) en électricité et possédez des habilitations électriques à jour ? 
 
Vous êtes reconnu(e) pour votre autonome, minutie et votre organisation ? 
 
N'hésitez plus et candidatez !",2025-05-09T20:10:57.358Z,2025-05-09T20:10:57.593Z,"{'libelle': '72 - Flèche', 'latitude': 47.69813, 'longitude': -0.065341, 'codePostal': '72200', 'commune': '72154'}",H2602,Câbleur / Câbleuse d'armoires,Électricien / Électricienne d'équipements industriels,"{'nom': 'MANPOWER FRANCE', 'description': 'Faites confiance à Manpower, votre partenaire emploi :\n- Des opportunités nombreuses et diversifiées\n- Une expertise RH et des conseils emploi\n- Une employabilité durable avec le programme MyPath® \n- Des démarches facilitées \n- Des avantages et des services', 'entrepriseAdaptee': False}",MIS,Intérim - 7 Jour(s),Contrat travail,E,6 An(s),,"{'commentaire': 'Autres', 'complement1': 'Autre'}",35H Travail en journée,Temps plein,False,"{'nom': 'MANPOWER FRANCE - Mme Soline SEYCHELLES ', 'coordonnees1': 'https://www.manpower.fr/offers/details/1101239216?partenaire=FRANCE_TRAVAIL', 'urlPostulation': 'https://www.manpower.fr/offers/details/1101239216?partenaire=FRANCE_TRAVAIL'}",{},1,False,,,2,Ouvrier spécialisé,78.20Z,78,Activités des agences de travail temporaire,,"{'origine': '1', 'urlOrigine': 'https://candidat.francetravail.fr/offres/recherche/detail/192FJPC'}",False,{'horaires': ['35H Travail en journée']},,,
192FJPB,Désosseur (H/F),"Manpower recherche pour son client, grand groupe du secteur agroalimentaire du sud ouest, spécialisé dans le conditionnement de produits volaillers à Condom, un Désosseur (H/F)
 

Vos missions : 
-Désosser avec précision toutes sortes de viandes. 
-Dégraisser les morceaux. 
-Maintenir un environnement de travail propre et sécurisé  
-Respecter les règles d'hygiène et de sécurité  
 
 
-Vous êtes titulaire d'un diplôme dans le domaine de la boucherie ou vous avez une expérience confirmée en désossage. 
-Maîtrise des outils de découpe. 
 

 
 Avantages : 
-CCE : chèques vacances, remboursement location vacances, voyages. 
-CE Régional : chèques cadeaux rentrée scolaire, mariage, pacs, remboursement sport et culture, loisirs, billetterie. 
-Mutuelle, prévoyance, location de véhicule, solution de logement etc. 
-CET à 8%. 
",2025-05-09T20:10:55.001Z,2025-05-09T20:10:55.252Z,"{'libelle': '32 - Condom', 'latitude': 43.967877, 'longitude': 0.378942, 'codePostal': '32100', 'commune': '32107'}",H2103,Opérateur / Opératrice de transformation des viandes,Désosseur / Désosseuse,"{'nom': 'MANPOWER', 'description': 'Faites confiance à Manpower, votre partenaire emploi :\n- Des opportunités nombreuses et diversifiées\n- Une expertise RH et des conseils emploi\n- Une employabilité durable avec le programme MyPath® \n- Des démarches facilitées \n- Des avantages et des services', 'entrepriseAdaptee': False}",MIS,Intérim - 2 Mois,Contrat travail,D,Débutant accepté,,{'libelle': 'Horaire de 11.88 Euros sur 12.0 mois'},35H Travail en journée,Temps plein,False,"{'nom': 'MANPOWER - Mme Coraline POUJADE', 'coordonnees1': 'https://www.manpower.fr/offers/details/1101239215?partenaire=FRANCE_TRAVAIL', 'urlPostulation': 'https://www.manpower.fr/offers/details/1101239215?partenaire=FRANCE_TRAVAIL'}",{},1,False,,,2,Ouvrier spécialisé,78.20Z,78,Activités des agences de travail temporaire,,"{'origine': '1', 'urlOrigine': 'https://candidat.francetravail.fr/offres/recherche/detail/192FJPB'}",False,{'horaires': ['35H Travail en journée']},,,
192FJNZ,Magasinier (H/F),"Manpower COLMAR recherche pour son client, un acteur du secteur de l'Industrie pharmaceutique, un Magasinier (H/F)
 

En tant que Magasinier, vos principales missions seront les suivantes : 
 
-Transporter les palettes de produits-finis 
-Gérer informatiquement la localisation des palettes (gestion des scans et des messages EDI) 
-Décharger, à l'aide du chariot élévateur, les matières premières, les produits d'emballages, les retours clients et autres colis 
-Décharger et transporter jusqu'au local produits dangereux les produits liquides (acide acétique, alcool, ... ) 
-Identifier les besoins en matériels d'emballages dans les stocks tampons internes 
-Approvisionner et mettre en place le matériel d'emballages 
 
 
-CACES Chariot élévateur 
-Connaître SAP 
-Savoir utiliser un PC 
 
-Vous êtes une personne organisée, autonome, rigoureuse 
Vous vous reconnaissez dans cette annonce ? Postulez dès à présent ! 
 
Faites confiance à Manpower votre partenaire emploi ! 
-CDI, CDD, CDI-intérimaire, intérim, alternance sur tous les secteurs d'activité 
-Avantages & bénéfices : mutuelle, prévoyance santé, avantages CSE attractifs 
-Programme MyPath : 45 000 Talents engagés bénéficient d'un parcours personnalisé vers les secteurs les plus porteurs 
-Démarches facilitées : une application mobile pour être alerté, postuler, et signer vos contrats. 
",2025-05-09T20:10:49.858Z,2025-05-09T20:10:50.083Z,"{'libelle': '68 - Colmar', 'latitude': 48.081779, 'longitude': 7.352569, 'codePostal': '68000', 'commune': '68066'}",N1110,Magasinier / Magasinière,Magasinier / Magasinière,"{'nom': 'MANPOWER FRANCE', 'description': 'Faites confiance à Manpower, votre partenaire emploi :\n- Des opportunités nombreuses et diversifiées\n- Une expertise RH et des conseils emploi\n- Une employabilité durable avec le programme MyPath® \n- Des démarches facilitées \n- Des avantages et des services', 'entrepriseAdaptee': False}",MIS,Intérim - 3 Mois,Contrat travail,E,2 An(s),,{'libelle': 'Horaire de 11.88 Euros à 12.55 Euros sur 12.0 mois'},35H Travail en journée,Temps plein,False,"{'nom': 'MANPOWER FRANCE - Mme AUDREY MANIGOLD', 'coordonnees1': 'https://www.manpower.fr/offers/details/1101239213?partenaire=FRANCE_TRAVAIL', 'urlPostulation': 'https://www.manpower.fr/offers/details/1101239213?partenaire=FRANCE_TRAVAIL'}",{},1,False,,,2,Ouvrier spécialisé,78.20Z,78,Activités des agences de travail temporaire,,"{'origine': '1', 'urlOrigine': 'https://candidat.francetravail.fr/offres/recherche/detail/192FJNZ'}",False,{'horaires': ['35H Travail en journée']},,,
192FJNY,Ingénieur conception mécanique (H/F),"Vous êtes passionné(e) par la conception ? Vous souhaitez contribuer au développement de produits, être polyvalent aussi bien en amélioration de produits qu'en prototypage ? 
 
Notre cabinet de recrutement Manpower recherche un(e) Ingénieur BE en Conception Mécanique pour notre client, PME spécialisée dans les matériels de traitement de surfaces, 
 
Poste basé à proximité de Chauffailles (71), à 30 minutes de Roanne (42).
 

Intéressé(e) pour rejoindre une petite équipe au sein d'un BE en tant qu' Ingénieur BE ? 
 
Vous êtes un ingénieur et avez envie de mettre à profit votre expérience et votre créativité en développant des produits ? 
 
Travailler dans un cadre de travail agréable, au ""vert"" vous plairait ? C'est par ici ! 
 
Sous la responsabilité du Responsable BE, vous exercerez les missions suivantes : 
-Prendre en charge des dossiers complets, de l'étude à l'industrialisation 
-Réaliser des Prototypes 
-Réaliser des essais 
-Gérer et suivre les devis auprès des fabricants / fournisseurs 
-Elaborer et suivre un budget 
-Améliorer des produits déjà sur le marché 
-Rédiger des documents techniques 
-Maîtriser les normes et les réglementations en vigueur au sein de son secteur d'activité 
 

 
 
Du lundi au vendredi : période de travail de 8 h en présentiel 39 H (ou 35H envisageable) 
 
Salaire en fonction de votre expérience, évolutif le temps d'être autonome. 
 

Ce poste vous intéresse ? Parlons de vous maintenant 
 
De niveau Ingénieur (ou Bac2/3) en conception mécanique avec une expérience en gestion de projets techniques 
 
Compétences nécessaires au poste : 
- Maîtrise des outils informatiques et leurs applicatifs (Excel, Word) 
- Maitrise des outils de CAO, en particulier SolidWorks, 
- Travail en atelier (meulage, montage.) 
- Connaissances en mécanique et pneumatique 
 
Qualités requises pour le poste : 
 - Organisation et rigueur 
 - Capacité d'anticipation 
 - Capacité d'analyse 
 - Capacité à travailler en équipe 
 - Travail manuel 
 - Créatif/ive 
 
 
Vous êtes attendu(e) ! Postulez et je vous recontacte rapidement. 
Ne manquez pas cette opportunité de travailler dans un cadre agréable en binôme avec le Responsable BE 
 
Liliane 
 
 
",2025-05-09T20:10:47.459Z,2025-05-09T20:10:47.707Z,"{'libelle': '71 - Chauffailles', 'latitude': 46.204626, 'longitude': 4.340862, 'codePostal': '71170', 'commune': '71120'}",H1206,Ingénieur / Ingénieure R&D en industrie,Ingénieur / Ingénieure d'études en industrie,"{'nom': 'MANPOWER FRANCE', 'description': 'Faites confiance à Manpower, votre partenaire emploi :\n- Des opportunités nombreuses et diversifiées\n- Une expertise RH et des conseils emploi\n- Une employabilité durable avec le programme MyPath® \n- Des démarches facilitées \n- Des avantages et des services', 'entrepriseAdaptee': False}",CDI,CDI,Contrat travail,E,3 An(s),,{'libelle': 'Annuel de 30000.0 Euros à 40000.0 Euros sur 12.0 mois'},35H Travail en journée,Temps plein,False,"{'nom': 'MANPOWER FRANCE - Mme VIRGINIE MATHON', 'coordonnees1': 'https://www.manpower.fr/offers/details/1101239212?partenaire=FRANCE_TRAVAIL', 'urlPostulation': 'https://www.manpower.fr/offers/details/1101239212?partenaire=FRANCE_TRAVAIL'}",{},1,False,,,2,Ouvrier spécialisé,78.20Z,78,Activités des agences de travail temporaire,,"{'origine': '1', 'urlOrigine': 'https://candidat.francetravail.fr/offres/recherche/detail/192FJNY'}",False,{'horaires': ['35H Travail en journée']},,,
192FJNS,Opérateur commande numérique (CN) (H/F),"Manpower CABINET DE RECRUTEMENT DE LA HAUTE-SAVOIE recherche pour son client un Opérateur commande numérique (CN) (H/F) 
 
L'entreprise est à taille humaine où entraide, solidarité et bienveillance sont les maitres mots. 
 
 

Au sein de l'atelier de production composé au total de 7/8 personnes, vous serez chargé(e) de : 
 
-Préparer, régler et conduire des machines à commande numérique (tournage/fraisage) selon les plans et consignes techniques. 
-Contrôler la conformité des pièces usinées à l'aide d'instruments de mesure. 
-Assurer la maintenance de premier niveau des équipements. 
-Veiller au respect des normes de qualité, de sécurité et de productivité. 
 
 

Vous justifiez d'une formation en usinage ou productique, et/ou d'une première expérience réussie en tant qu'opérateur CN, 
Vous savez lire un plan technique, 
Vous êtes rigoureux(se), autonome et respectueux(se) des consignes de sécurité, 
Une connaissance des langages de programmation CN est un plus. 
 
L'entreprise peut former en interne si nécéssaire ! 
 
Informations complémentaires : 
- Horaires sur 39h/hebdo 
- Horaires de journée avec plage flexible d'arrivée et de départ 
",2025-05-09T20:10:35.351Z,2025-05-09T20:10:35.586Z,"{'libelle': '74 - Thônes', 'latitude': 45.883413, 'longitude': 6.323024, 'codePostal': '74230', 'commune': '74280'}",H2903,Tourneur-fraiseur / Tourneuse-fraiseuse,Opérateur / Opératrice sur Commande Numérique -CN-,"{'nom': 'MANPOWER', 'description': 'Faites confiance à Manpower, votre partenaire emploi :\n- Des opportunités nombreuses et diversifiées\n- Une expertise RH et des conseils emploi\n- Une employabilité durable avec le programme MyPath® \n- Des démarches facilitées \n- Des avantages et des services', 'entrepriseAdaptee': False}",CDI,CDI,Contrat travail,E,2 An(s),,"{'commentaire': 'Autres', 'complement1': 'Autre'}",35H Travail en journée,Temps plein,False,"{'nom': 'MANPOWER - Mme Marie COMAS', 'coordonnees1': 'https://www.manpower.fr/offers/details/1101239205?partenaire=FRANCE_TRAVAIL', 'urlPostulation': 'https://www.manpower.fr/offers/details/1101239205?partenaire=FRANCE_TRAVAIL'}",{},1,False,,,2,Ouvrier spécialisé,78.20Z,78,Activités des agences de travail temporaire,,"{'origine': '1', 'urlOrigine': 'https://candidat.francetravail.fr/offres/recherche/detail/192FJNS'}",False,{'horaires': ['35H Travail en journée']},,,
192FJNQ,Second de cuisine (H/F),"Manpower CHALON SUR SAONE propose pour son client, spécialisé dans la restauration collective, un poste de Second de cuisine - H/F. 
L'entreprise est reconnue pour la qualité de ses services de restauration, offrant des repas sains et équilibrés pour diverses institutions. 
 
Dans ce rôle, vous serez amené à : 
-Préparer des repas pour environ 100 personnes. 
-Effectuer les travaux de nettoyage et de rangement du matériel. 
-Assurer la plonge et le lavage. 
-Respecter strictement les consignes d'hygiène et de sécurité. 
-Maintenir l'espace de travail organisé et propre. 
-Participer à la réception et au stockage des livraisons de nourriture. 
-Collaborer avec l'équipe de cuisine pour optimiser les processus. 
-S'assurer de la qualité des plats avant leur distribution. 
 
Expérience en cuisine requise, sens de l'organisation, rigueur et respect des normes d'hygiène. 
 
 
Processus de recrutement : 
-Un échange téléphonique préalable. 
-Un entretien avec l'un de nos Agents de Talents. 
-Si nécessaire, des évaluations ciblées types (technique, personnalité, .). 
-Un entretien avec le client. 
",2025-05-09T20:10:30.468Z,2025-05-09T20:10:30.707Z,"{'libelle': '71 - Saint-Marcel', 'latitude': 46.776029, 'longitude': 4.889757, 'codePostal': '71380', 'commune': '71445'}",G1609,Cuisinier / Cuisinière,Second / Seconde de cuisine,"{'nom': 'MANPOWER FRANCE', 'description': 'Faites confiance à Manpower, votre partenaire emploi :\n- Des opportunités nombreuses et diversifiées\n- Une expertise RH et des conseils emploi\n- Une employabilité durable avec le programme MyPath® \n- Des démarches facilitées \n- Des avantages et des services', 'entrepriseAdaptee': False}",MIS,Intérim - 14 Jour(s),Contrat travail,D,Débutant accepté,,{'libelle': 'Horaire de 12.07 Euros sur 12.0 mois'},35H Travail en journée,Temps plein,False,"{'nom': 'MANPOWER FRANCE - Mme aurelie lavigna', 'coordonnees1': 'https://www.manpower.fr/offers/details/1101239203?partenaire=FRANCE_TRAVAIL', 'urlPostulation': 'https://www.manpower.fr/offers/details/1101239203?partenaire=FRANCE_TRAVAIL'}",{},2,False,,,2,Ouvrier spécialisé,78.20Z,78,Activités des agences de travail temporaire,,"{'origine': '1', 'urlOrigine': 'https://candidat.francetravail.fr/offres/recherche/detail/192FJNQ'}",False,{'horaires': ['35H Travail en journée']},,,
192FJNP,Caissier vendeur (H/F),"Acteur renommé dans la distribution de produits surgelés, notre client, recrute, en partenariat avec votre agence Manpower Albertville, un vendeur caissier H/F. 
Intégré(e) au sein de l'équipe de vente, vous serez en charge d'accueillir, renseigner et encaisser les clients. 
 
Horaires à temps partiel: 20h / semaine du lundi au samedi. 
Vous avez un sens du contact hors pair et la satisfaction client est primordiale pour vous? 
Vous disposez d'une première expérience en caisse? 
 
Votre profil correspond ? Rejoignez-nous ! 
Contacter l'agence MANPOWER d'Albertville ou postulez directement en ligne 
 
Le saviez-vous ? 
Devenir salarié(e) intérimaire chez Manpower vous permet de bénéficier de nombreux avantages spécifiques à votre statut en fonction du nombre d'heures de mission que vous avez effectuées. 
Les avantages se cumulent en fonction de votre ancienneté. (CE, CCE, chèques vacances, Compte épargne Temps à 8% et bien plus encore... )",2025-05-09T20:10:27.832Z,2025-05-09T20:10:28.070Z,"{'libelle': '73 - Albertville', 'latitude': 45.671004, 'longitude': 6.396774, 'codePostal': '73200', 'commune': '73011'}",D1505,Caissier / Caissière,Caissier / Caissière,"{'nom': 'MANPOWER', 'description': 'Faites confiance à Manpower, votre partenaire emploi :\n- Des opportunités nombreuses et diversifiées\n- Une expertise RH et des conseils emploi\n- Une employabilité durable avec le programme MyPath® \n- Des démarches facilitées \n- Des avantages et des services', 'entrepriseAdaptee': False}",MIS,Intérim - 14 Jour(s),Contrat travail,D,Débutant accepté,,{'libelle': 'Horaire de 12.54 Euros sur 12.0 mois'},35H Travail en journée,Temps plein,False,"{'nom': 'MANPOWER - Mme Responsable Agence', 'coordonnees1': 'https://www.manpower.fr/offers/details/1101239202?partenaire=FRANCE_TRAVAIL', 'urlPostulation': 'https://www.manpower.fr/offers/details/1101239202?partenaire=FRANCE_TRAVAIL'}",{},1,False,,,2,Ouvrier spécialisé,78.20Z,78,Activités des agences de travail temporaire,,"{'origine': '1', 'urlOrigine': 'https://candidat.francetravail.fr/offres/recherche/detail/192FJNP'}",False,{'horaires': ['35H Travail en journée']},,,
192FJNM,Technicien méthodes (H/F),"

Dans le cadre de leur croissance, notre client revoit son organisation et vous propose de les rejoindre en tant que Responsable Méthodes en Mécano soudure 
 
Poste en CDI 
 
Notre client, PME à taille humaine est spécialisé en chaudronnerie industrielle, et intervient dans la fabrication de pièces et de structures mécano-soudées. 
 
Basé à moins de 10 min de Chauffailles (71), 15 minutes de Charlieu (42), 15 min de Cours la Ville (69) 
 

Rejoignez un environnement industriel à taille humaine propice à la prise d'initiatives et aux responsabilités 
 
Rattaché(e) au directeur, vous interviendrez sur tout le processus de fabrication. 
 
Pour chaque lancement, vos misisons seront de : 
-- Réaliser les dossiers techniques de fabrication (plans, OF) 
-- Faire les demandes de prix (appros matières, usinages, peintures.) 
-- Sélectionner et passer les commandes aux fournisseurs 
-- Gérer les aléas techniques en cours de production 
-- Définir et valider les contrôles avant livraison. 
 

 
Vous serez sous la responsabilité du directeur qui vous accompagnera et vous donnera les objectifs. 
Il faudra savoir capitaliser les expériences, trouver des axes d'amélioration, améliorer la productivité (outillages). 
 
À moyen terme, des missions complémentaires vous seront confiées : chiffrage, gestion logistique, suivi qualité. 
 
La polyvalence est un atout clé dans cette entreprise. 
 

Le poste vous intéresse ? Parfait, voyons ensemble ce qui fera de vous le candidat idéal pour ce poste ! 
-Formation technique : DUT GMP, BTS CRCI ou équivalent 
-Expérience minimum de 2 ans dans un environnement industriel, idéalement en chaudronnerie ou mécanique générale 
-Maîtrise d'un logiciel de CAO/DAO (idéalement SolidWorks) 
-Connaissance des outils de GPAO et des procédés de soudage MIG/TIG 
-Autonomie, rigueur, sens de l'initiative 
-Capacité à s'adapter à un travail en bureau d'études et à l'atelier 
 
Conditions 
-Poste basé à proximité de Chauffailles (71) 
- CDI - 35h/semaine (du lundi au vendredi midi) 
-Salaire : 30-35K brut/an sur 13 mois  Prime sur résultats 
 

 
 Intéressé(e) par un poste polyvalent au sein d'une PME industrielle solide et en plein essor ? Postulez et nous vous recontacterons rapidement. 
 
Liliane / Naima",2025-05-09T20:10:22.708Z,2025-05-09T20:10:22.939Z,"{'libelle': '71 - Chauffailles', 'latitude': 46.204626, 'longitude': 4.340862, 'codePostal': '71170', 'commune': '71120'}",H1404,Technicien / Technicienne méthodes,Technicien / Technicienne méthodes,"{'nom': 'MANPOWER FRANCE', 'description': 'Faites confiance à Manpower, votre partenaire emploi :\n- Des opportunités nombreuses et diversifiées\n- Une expertise RH et des conseils emploi\n- Une employabilité durable avec le programme MyPath® \n- Des démarches facilitées \n- Des avantages et des services', 'entrepriseAdaptee': False}",CDI,CDI,Contrat travail,E,2 An(s),,{'libelle': 'Annuel de 30000.0 Euros à 35000.0 Euros sur 12.0 mois'},35H Travail en journée,Temps plein,False,"{'nom': 'MANPOWER FRANCE - Mme VIRGINIE MATHON', 'coordonnees1': 'https://www.manpower.fr/offers/details/1101239200?partenaire=FRANCE_TRAVAIL', 'urlPostulation': 'https://www.manpower.fr/offers/details/1101239200?partenaire=FRANCE_TRAVAIL'}",{},1,False,,,2,Ouvrier spécialisé,78.20Z,78,Activités des agences de travail temporaire,,"{'origine': '1', 'urlOrigine': 'https://candidat.francetravail.fr/offres/recherche/detail/192FJNM'}",False,{'horaires': ['35H Travail en journée']},,,
192FJNL,Formateur (H/F),"

En plus de son activité en Formation Initiale, notre client propose de nombreuses Formations tant aux salariés en entreprise qu'aux demandeurs d'emploi dans des domaines variés, notamment dans la Logistique. 
 
Dans le cadre d'un accroissement d'activité, notre client recherche un Formateur Référent Logistique H/F, pour former des candidats au Titre Professionnel Logistique. 
 
CDD à temps plein de mi-mai à octobre 2025, à Périgny 17180. 
Salaire entre 2100 et 2300  brut / mois sur 13 mois 
 

Au sein du Centre de Formation, le Formateur Référent H/F au Titre Pro Logistique, pilote le dispositif de formation, développe les moyens pédagogiques, procède à l'organisation et à l'accompagnement de la qualification des personnes en formation. 
-Planification : Elaborer la planification de la session ; 
-Coordination : coordonner l'équipe pédagogique sur cette session ; 
-Conception : concevoir les supports pédagogiques innovants et adaptés ; 
-Animation : animer des sessions de formation ; 
-Suivi : assurer le suivi des stagiaires en centre et en entreprise. 
 
Avantages : 
-13ème mois 
-tickets restaurant 
-prime de transport 
-mutuelle d'entreprise (salarié  enfants à charge) 
 

 
Toutes les candidatures seront transmises au Centre de Formation pour étude. 
Merci de postuler en ligne directement sur le site de www.manpower.fr 
Vous serez directement contacté par le Centre de Formation qui définira avec vous les modalités selon vos disponibilités. 
 

Professionnel(le) expérimenté(e) dans la logistique ayant déjà exercé en qualité de formateur. 
Ayant une expérience professionnelle en qualité d'Agent Magasinier, Préparateur de Commandes et Caristes d'entrepôt, vous souhaitez transmettre votre savoir auprès d'un public d'adultes en reconversion. 
 
Pédagogue et passionné(e) par la transmission de savoirs, vous êtes capable d'expliquer des concepts techniques de manière claire et accessible à un public diversifié. 
 
Compétences requises : 
Techniques : 
-Maîtrise des concepts techniques liés à la logistique ; 
-Connaissance des normes de sécurité et environnementales. 
Pédagogiques : 
-Capacité à animer des formations dynamiques et adaptées ; 
-Évaluation des acquis, suivi et accompagnement personnalisé. 
Relationnelles et personnelles : 
-Aisance relationnelle et écoute active ; 
-Rigueur, curiosité et autonomie. 
 

 
Avec ou sans expérience pédagogique, votre profil nous intéresse ! POSTULEZ !",2025-05-09T20:10:20.185Z,2025-05-09T20:10:20.424Z,"{'libelle': '17 - Périgny', 'latitude': 46.161036, 'longitude': -1.099583, 'codePostal': '17180', 'commune': '17274'}",K2111,Formateur / Formatrice,Formateur / Formatrice,"{'nom': 'MANPOWER', 'description': 'Faites confiance à Manpower, votre partenaire emploi :\n- Des opportunités nombreuses et diversifiées\n- Une expertise RH et des conseils emploi\n- Une employabilité durable avec le programme MyPath® \n- Des démarches facilitées \n- Des avantages et des services', 'entrepriseAdaptee': False}",CDD,CDD - 5 Mois,Contrat travail,D,Débutant accepté,,{'libelle': 'Mensuel de 2100.0 Euros à 2300.0 Euros sur 12.0 mois'},35H Travail en journée,Temps plein,False,"{'nom': 'MANPOWER - Mme AUDREY FERRAND', 'coordonnees1': 'https://www.manpower.fr/offers/details/1101239199?partenaire=FRANCE_TRAVAIL', 'urlPostulation': 'https://www.manpower.fr/offers/details/1101239199?partenaire=FRANCE_TRAVAIL'}",{},1,False,,,2,Ouvrier spécialisé,78.20Z,78,Activités des agences de travail temporaire,,"{'origine': '1', 'urlOrigine': 'https://candidat.francetravail.fr/offres/recherche/detail/192FJNL'}",False,{'horaires': ['35H Travail en journée']},,,
192FJNH,Charpentier (H/F),"Charpentier H/F - Tu construis, tu protèges, tu transformes les toits de demain ! 
 
Si tu cherches un job où tu ne fais jamais la même chose, où tu bosses en hauteur, en plein air et sur des chantiers à la fois techniques et écolos : on a LE poste qu'il te faut ! 
 
 
L'équipe Manpower Le Puy-en-Velay recrute un Charpentier qualifié (H/F) pour une entreprise locale reconnue, spécialisée dans l'étanchéité et la végétalisation de toitures terrasses.
 

Ce que tu vas faire : 
-Intervenir sur des toitures terrasses inaccessibles ou techniques, et leur donner une seconde vie 
-Installer des structures bois qui serviront de support à l'étanchéité ou aux finitions (gravillons, voiles béton, etc.) 
-Participer à des chantiers où l'écologie et la performance énergétique sont au cœur du projet (toitures végétalisées, isolation haut niveau.) 
-Assurer entretien & réparations : parce qu'un bon charpentier, c'est aussi un expert du diagnostic et du détail 
-Travailler en lien avec des étancheurs, des couvreurs et des pros de la toiture 
 
 
 
 
Les conditions de travail: 
-Horaires fixes : 8h-12h / 13h-17h (du lundi au vendredi), 
-Chantiers autour du Puy 
-Rémunération attractive selon ton expérience  avantages Manpower (CET à 8 %, mutuelle, CE, etc.) 
 
 
 
 
Pourquoi ce job est différent ? 
Parce qu'il allie tradition & innovation, bois & végétal, technique & impact positif sur l'environnement. Tu ne poses pas juste une charpente, tu participes à créer des bâtiments durables. 
 
 

Ce qu'on attend de toi 
-De l'expérience en charpente bois, évidemment 
-Un bon niveau d'autonomie, un vrai sens du détail, et zéro compromis sur la qualité 
-Un esprit d'équipe, 
-Et le permis B, pour pouvoir rejoindre tes chantiers facilement 
 
 
Prêt(e) à t'élever vers de nouveaux projets ? 
 
 
Envoie-nous ton CV, montre-nous ton savoir-faire, et viens rejoindre une entreprise qui reconnaît ton métier à sa juste valeur. 
",2025-05-09T20:10:12.188Z,2025-05-09T20:10:12.463Z,"{'libelle': '43 - Puy-en-Velay', 'latitude': 45.030881, 'longitude': 3.899202, 'codePostal': '43000', 'commune': '43157'}",F1503,Charpentier / Charpentière,Charpentier / Charpentière,"{'nom': 'MANPOWER', 'description': 'Faites confiance à Manpower, votre partenaire emploi :\n- Des opportunités nombreuses et diversifiées\n- Une expertise RH et des conseils emploi\n- Une employabilité durable avec le programme MyPath® \n- Des démarches facilitées \n- Des avantages et des services', 'entrepriseAdaptee': False}",MIS,Intérim - 3 Mois,Contrat travail,D,Débutant accepté,,{'libelle': 'Horaire de 13.0 Euros à 14.0 Euros sur 12.0 mois'},35H Travail en journée,Temps plein,False,"{'nom': 'MANPOWER - Mme Amélie CHAIZE', 'coordonnees1': 'https://www.manpower.fr/offers/details/1101239195?partenaire=FRANCE_TRAVAIL', 'urlPostulation': 'https://www.manpower.fr/offers/details/1101239195?partenaire=FRANCE_TRAVAIL'}",{},1,False,,,2,Ouvrier spécialisé,78.20Z,78,Activités des agences de travail temporaire,,"{'origine': '1', 'urlOrigine': 'https://candidat.francetravail.fr/offres/recherche/detail/192FJNH'}",False,{'horaires': ['35H Travail en journée']},,,
192FJNG,Mécanicien agricole (H/F),"Notre agence Manpower REMIREMONT recherche pour son client, un acteur du secteur de l'agriculture, un Mécanicien agricole machinisme (H/F).
 

Votre travail consiste à diagnostiquer une panne, assurer la réparation du matériel à l'atelier ou chez le client. 
 
Vos missions sont les suivantes : 
-Assurer le diagnostic et la réparation des matériels agricoles. 
-Effectuer les diagnostics et réparations sur le terrain si nécessaire. 
-Assurer les réglages avant livraison sur les matériels neufs et réparés. 
-Assister les spécialistes techniques au besoin 
-Participer aux programmes de certification/formation relatifs à la maintenance, requis pour le développement des compétences et des connaissances. 
-Remplir tous les rapports et documents administratifs nécessaires aux interventions (fiche d'intervention, dossier DTAC, feuilles de temps, etc.) 
-Assurer la propreté du poste de travail, participer à l'organisation de l'atelier et à l'entretien des outils et véhicules. 
-Respecter les règles et réglementations de sécurité lors des interventions. 
 
 

Vous possédez un diplôme type BAC PRO et/ou BTS Agroéquipements ou Génie des Equipements Agricoles. 
Vous êtes capable d' assurer les réparations et la maintenance requise à l'aide d'outils et équipements spéciaux en appliquant les procédures du manuel technique. 
Vous possédez une connaissance approfondie des systèmes mécaniques, électriques et hydrauliques utilisés pour la réparation des matériels. 
Vous êtes rigoureux, réactif, possédez une grande qualité d'observation et d'analyse. 
Vous êtes habile, autonome et êtes force de proposition.",2025-05-09T20:10:09.798Z,2025-05-09T20:10:10.078Z,"{'libelle': '88 - Bellefontaine', 'latitude': 48.014825, 'longitude': 6.463091, 'codePostal': '88370', 'commune': '88048'}",I1603,Mécanicien-réparateur / Mécanicienne-réparatrice en matériels agricoles,Mécanicien / Mécanicienne de machines agricoles,"{'nom': 'MANPOWER FRANCE', 'description': 'Faites confiance à Manpower, votre partenaire emploi :\n- Des opportunités nombreuses et diversifiées\n- Une expertise RH et des conseils emploi\n- Une employabilité durable avec le programme MyPath® \n- Des démarches facilitées \n- Des avantages et des services', 'entrepriseAdaptee': False}",CDI,CDI,Contrat travail,E,2 An(s),,{'libelle': 'Mensuel de 1900.0 Euros à 2400.0 Euros sur 12.0 mois'},35H Travail en journée,Temps plein,False,"{'nom': 'MANPOWER FRANCE - Mme MYRIAM FIDALGO', 'coordonnees1': 'https://www.manpower.fr/offers/details/1101239194?partenaire=FRANCE_TRAVAIL', 'urlPostulation': 'https://www.manpower.fr/offers/details/1101239194?partenaire=FRANCE_TRAVAIL'}",{},1,False,,,2,Ouvrier spécialisé,78.20Z,78,Activités des agences de travail temporaire,,"{'origine': '1', 'urlOrigine': 'https://candidat.francetravail.fr/offres/recherche/detail/192FJNG'}",False,{'horaires': ['35H Travail en journée']},,,
192FJND,Chef de chantier (H/F),"

Vous êtes Chef de Chantier VRD H/F depuis au moins 2 ans ? 
Vous avez suivi une formation BTS Travaux Publics ou DUT Génie Civil ? 
Et vous souhaitez travailler sur des chantiers variés où la polyvalence est omniprésente ? 
Alors lisez ! 
 
Vous serez responsable de la gestion et de la coordination des chantiers de VRD, garantissant la qualité, la sécurité et le respect des délais. 
 
Poste en #CDI, basé à #Saintes 
Déplacements : 17/16/86  pas de découchers 
Salaire : 2600 à 3000  brut/mois selon expérience 
 

En tant que Chef(fe) de Chantier VRD, vos principales missions seront : 
-Respect des consignes QSE : Assurer l'application des consignes de sécurité, qualité et environnement sur le chantier, sensibiliser et animer les briefings quotidiens. 
-Préparation et gestion des chantiers : Réaliser les visites préalables, organiser l'installation des chantiers, gérer les approvisionnements et les matériaux et assurer leur conformité. 
-Coordination des équipes : Exploiter les documents de marché, élaborer le planning des travaux, répartir les ressources et assurer la coordination avec les intervenants externes. 
-Pilotage des travaux : Contrôler la réalisation des travaux, assurer la conformité des coffrages et du bétonnage, effectuer les tests de conformité. 
-Suivi de la qualité et des délais : Superviser l'avancement des travaux, ajuster les plannings en fonction des contraintes, garantir la conformité des travaux aux exigences contractuelles. 
-Gestion administrative et relations : Transmettre les rapports de chantier, analyser les informations remontées, participer aux réunions de chantier, assurer une bonne relation avec les partenaires et les clients. 
-Encadrement des équipes : Coordonner, encadrer et motiver les équipes, organiser la transmission des savoir-faire, veiller à la bonne ambiance de travail. Vous serez le pivot de l'information et instaurerez un climat de bonne ambiance. 
Les  
-Véhicule de service 
-Primes diverses : intéressement, participation, vacances, fin d'année, 
-RTT 
-CET 
-CSE 
 
 
-Nous recherchons un(e) candidat(e) avec une expérience en gestion de chantiers VRD : multi-métiers, 
-BTS Travaux Publics ou Génie Civil  2 ans minimum d'expérience 
 
Qualités : 
-Vous devez maîtriser les outils et techniques spécifiques au métier, avoir des compétences en gestion de projet et en coordination d'équipes. 
-Une connaissance approfondie des consignes de sécurité, qualité et environnement est essentielle. 
-Vous devez également être capable de lire des plans et des implantations, et être à l'aise avec les outils informatiques. 
-Des déplacements fréquents et des horaires variables sont à prévoir. 
-Les certifications AIPR encadrement, H3B3 et CACES Nacelle sont un plus. 
-Vous êtes rigoureux(se), organisé(e), et avez un excellent relationnel. 
-Vous savez motiver et encadrer vos équipes tout en assurant la cohésion et la coopération. 
 
 

Alors, qu'en pensez-vous ? 
POSTULEZ ! 
Et participez au développement de cette structure qui valorise la bienveillance au quotidien. 
(Statut ETAM E ou F) 
 
#BTP",2025-05-09T20:10:04.898Z,2025-05-09T20:10:05.178Z,"{'libelle': '17 - Saintes', 'latitude': 45.748804, 'longitude': -0.647217, 'codePostal': '17100', 'commune': '17415'}",F1202,Chef / Cheffe de chantier,Chef / Cheffe de chantier,"{'nom': 'MANPOWER', 'description': 'Faites confiance à Manpower, votre partenaire emploi :\n- Des opportunités nombreuses et diversifiées\n- Une expertise RH et des conseils emploi\n- Une employabilité durable avec le programme MyPath® \n- Des démarches facilitées \n- Des avantages et des services', 'entrepriseAdaptee': False}",CDI,CDI,Contrat travail,E,2 An(s),,{'libelle': 'Mensuel de 2600.0 Euros à 3000.0 Euros sur 12.0 mois'},35H Travail en journée,Temps plein,False,"{'nom': 'MANPOWER - Mme AUDREY FERRAND', 'coordonnees1': 'https://www.manpower.fr/offers/details/1101239189?partenaire=FRANCE_TRAVAIL', 'urlPostulation': 'https://www.manpower.fr/offers/details/1101239189?partenaire=FRANCE_TRAVAIL'}",{},1,False,,,2,Ouvrier spécialisé,78.20Z,78,Activités des agences de travail temporaire,,"{'origine': '1', 'urlOrigine': 'https://candidat.francetravail.fr/offres/recherche/detail/192FJND'}",False,{'horaires': ['35H Travail en journée']},,,
192FJMY,Cariste magasinier (H/F),"Manpower TOURNON recherche pour son client, un acteur du secteur des Industries manufacturières et production, un Cariste Magasinier à Pont de l'Isère (H/F)
 
-Chargement et déchargement de camions 
-Picking dans les stocks 
-Utilisation de l'outils informatique 
-Gestion de stocks 
-Vérifications de l'état du matériel 
-Conduite de chariot 1.3 
 Vous travaillerez en horaire de journée 8h/16h30 (avec 1h de coupure repas) 
 
indemnité KM  tickets restaurants (voir conditions d'ancienneté) 
 
Accès à la salle de sport
Vous êtes un professionnel de la logistique ? CACES 1 ET 3 en poche ? 
Vous avez des capacités d'adaptation et êtes organisé(e) ? 
 
Le port de charges ne vous fait pas peur? 
 
Passez le message autour de vous et n'oubliez pas avec Manpower vous bénéficiez de nombreux avantages",2025-05-09T20:09:53.854Z,2025-05-09T20:09:54.135Z,"{'libelle': ""26 - Tain-l'Hermitage"", 'latitude': 45.068397, 'longitude': 4.84867, 'codePostal': '26600', 'commune': '26347'}",N1110,Magasinier / Magasinière,Magasinier / Magasinière cariste,"{'nom': 'MANPOWER FRANCE', 'description': 'Faites confiance à Manpower, votre partenaire emploi :\n- Des opportunités nombreuses et diversifiées\n- Une expertise RH et des conseils emploi\n- Une employabilité durable avec le programme MyPath® \n- Des démarches facilitées \n- Des avantages et des services', 'entrepriseAdaptee': False}",MIS,Intérim - 18 Mois,Contrat travail,E,2 An(s),,{'libelle': 'Horaire de 11.88 Euros à 12.21 Euros sur 12.0 mois'},35H Travail en journée,Temps plein,False,"{'nom': 'MANPOWER FRANCE - Mme ALEXANDRA PEYRET', 'coordonnees1': 'https://www.manpower.fr/offers/details/1101239184?partenaire=FRANCE_TRAVAIL', 'urlPostulation': 'https://www.manpower.fr/offers/details/1101239184?partenaire=FRANCE_TRAVAIL'}",{},1,False,,,2,Ouvrier spécialisé,78.20Z,78,Activités des agences de travail temporaire,,"{'origine': '1', 'urlOrigine': 'https://candidat.francetravail.fr/offres/recherche/detail/192FJMY'}",False,{'horaires': ['35H Travail en journée']},,,
192FJMX,Dessinateur d'exécution (H/F),"

Fort d'une expérience acquise en Logement Collectif et Tertiaire de plus de 40 ans, notre client est un spécialiste reconnu dans les domaines de l'électricité, la plomberie et le CVC. 
 
Pour renforcer son équipe de La Rochelle, nous recherchons un(e) Dessinateur Bureau d'Etudes H/F spécialisé(e) en CVC pour travailler sur des chantiers en Logements Collectifs et Tertiaire. 
 
Poste à pourvoir en CDI dès que possible. 
Agence proche de La Rochelle. 
Statut ETAM 
Salaire de 29 à 34K/an selon profil 
 

Au sein d'une agence d'environ 25 collaborateurs, vous interviendrez en collaboration avec un Chargés d'Affaires et le Responsable d'Agence. 
 
Depuis le dossier de chiffrage, vous : 
-Réalisez les plans de réservation et plans d'exécutions nécessaires à la réalisation du chantier, 
-Préparation des Appels d'Offres, 
-Demande de prix fournisseur, 
-Assurez le suivi de l'opération sous le contrôle du chargé d'affaires, jusqu'aux plans DOE/DIUO, 
-Résolvez les problèmes ayant une relation avec la conception, 
-Donnez des avis techniques. 
 
Vos Missions : être le soutien du Chargé d'Affaires CVC : 
-Gère les plans du projet 
-Réalise les plans de réservation selon les plans de cheminement 
-Réalise les plans d'implantation selon CCTP, devis et pièces marché 
-Effectue des relevés et métrés précis 
-Transmet les éléments nécessaires au chiffrage 
-Réalise l'analyse fonctionnelle de l'installation et en crée les synoptiques 
-Constitue les carnets d'échantillons 
-Fait valider les plans au chargé d'affaire 
-Organise le suivi des plans 
-Constitue le dossier et le transmet au responsable de chantier 
-Adapte ses plans RESA et EXE en fonctions des impératifs chantiers, de TS et TMA 
-Réalise les notes de calculs de dimensionnement (réseaux-colonne-éclairement) 
-Propose les solutions techniques les plus économiques 
-Elabore les nomenclatures et quantitatifs 
-Etablit du dossier après-vente 
 
 

Vous justifiez d'un BTS Assistant Technique Ingénieur ou BTS CPI Conception de Produits Industriels, ou équivalent formation de Technicien Bureau d'Etudes en CVC/ Dessinateur Projeteur. 
Génie Climatique. 
Poste évolutif Assistant Chargé d'Affaires. 
 
Vous justifiez d'une expérience réussie sur ce poste, sur des Chantiers de Logements Collectifs et Tertiaire. 
 
36h/semaine du lundi au vendredi midi 
 
Compétences : Connaissance des normes en vigueur - Respect des procédures de l'entreprise - Veille technologique - Gestion de la documentation technique - Maitrise du logiciel Autocad. 
 
Qualités requises : 
-Collaborer avec différents interlocuteurs afin de mener à bien un projet. 
-Capacité d'analyse, gestion des priorités 
-Travailler avec rigueur et méthode. 
-Savoir travailler en équipe et de façon transverse. 
-Savoir travailler avec réactivité 
 

Un accompagnement sur le poste est prévu à l'intégration.",2025-05-09T20:09:51.361Z,2025-05-09T20:09:51.620Z,"{'libelle': '17 - Rochelle', 'latitude': 46.157816, 'longitude': -1.170382, 'codePostal': '17000', 'commune': '17300'}",E1205,Graphiste,Designer / Designeuse graphique,"{'nom': 'MANPOWER', 'description': 'Faites confiance à Manpower, votre partenaire emploi :\n- Des opportunités nombreuses et diversifiées\n- Une expertise RH et des conseils emploi\n- Une employabilité durable avec le programme MyPath® \n- Des démarches facilitées \n- Des avantages et des services', 'entrepriseAdaptee': False}",CDI,CDI,Contrat travail,E,5 An(s),,{'libelle': 'Annuel de 29000.0 Euros à 34000.0 Euros sur 12.0 mois'},35H Travail en journée,Temps plein,False,"{'nom': 'MANPOWER - Mme AUDREY FERRAND', 'coordonnees1': 'https://www.manpower.fr/offers/details/1101239183?partenaire=FRANCE_TRAVAIL', 'urlPostulation': 'https://www.manpower.fr/offers/details/1101239183?partenaire=FRANCE_TRAVAIL'}",{},1,False,,,2,Ouvrier spécialisé,78.20Z,78,Activités des agences de travail temporaire,,"{'origine': '1', 'urlOrigine': 'https://candidat.francetravail.fr/offres/recherche/detail/192FJMX'}",False,{'horaires': ['35H Travail en journée']},,,
192FJMR,Assistant logistique (H/F),"Votre agence Manpower de BREST TERTIAIRE, recherche activement un Assistant Evénementiel (H/F) pour son client IFREMER. 
 
Disponible dès le 19 mai 2025 ? Pour une durée de 2 mois ? 
 
Postulez dès maintenant pour devenir futur(e) Talent Manpower 
Dans le cadre de la préparation de la 3ème Conférence des Nations unies sur l'Océan (UNOC3) et du congrès One Ocean Science, vous serez le pivot des relations avec l'université de Xiamen dans le cadre de l'accueil d'une délégation chinoise. Cela implique : 
-Gérer les échanges par mail ou téléphone avec l'université du Xiemen 
-Saisir environ 70 ordres de mission pour toutes les personnes accueillies 
-Organiser l'accueil logistique en France d'une délégation étrangère 
-Être le contact privilégié de cette délégation lors du congrès OOS 
-Gérer la liquidation des états de frais de cette délégation 
-Assurer un appui opérationnel du cabinet dans la gestion des invitations et réponses aux évènements organisés pendant l'OOSC : mailing  gestion des réponses 
 
TYPE DE CONTRAT : 
 
Contrat d'intérim, 35H hebdomadaire 
 
CONDITIONS DE TRAVAIL : 
 
Mobilité entre Brest et Nice 
 
AVANTAGES ET RÉMUNÉRATION : 
-Prime de fin de mission 
-Congés payés 
-Mutuelle et prévoyance santé 
-Transport pris en charge à hauteur 50% 
-Compte Épargne Temps rémunéré à 8% 
-Comité d'Entreprise (Participation aux remboursements de vos vacances, loisirs, sport, bon d'achats rentrée des classes, mariage, naissance, voyages, chèques vacances.) 
-FASTT (Garde d'enfant, aide au logement, location de véhicule... ) 
 
Vous êtes expérimenté(e) en coordination logistique et administrative et vous avez déjà collaboré sur des projets internationaux. 
 
Vous êtes organisé(e), méthodique et professionnel(le) ? 
 
Vous êtes force de proposition, vous parlez couramment l'anglais et idéalement le mandarin ? 
 
Cette mission vous intéresse, déposez votre candidature dès maintenant !",2025-05-09T20:09:38.960Z,2025-05-09T20:09:39.200Z,"{'libelle': '29 - Plouzané', 'latitude': 48.371873, 'longitude': -4.590113, 'codePostal': '29280', 'commune': '29212'}",N1303,Approvisionneur / Approvisionneuse logistique,Assistant / Assistante logistique,"{'nom': 'MANPOWER FRANCE', 'description': 'Faites confiance à Manpower, votre partenaire emploi :\n- Des opportunités nombreuses et diversifiées\n- Une expertise RH et des conseils emploi\n- Une employabilité durable avec le programme MyPath® \n- Des démarches facilitées \n- Des avantages et des services', 'entrepriseAdaptee': False}",MIS,Intérim - 2 Mois,Contrat travail,E,5 An(s),,"{'commentaire': 'Autres', 'complement1': 'Autre'}",35H Travail en journée,Temps plein,False,"{'nom': 'MANPOWER FRANCE - Mme Margaux LE REST', 'coordonnees1': 'https://www.manpower.fr/offers/details/1101239176?partenaire=FRANCE_TRAVAIL', 'urlPostulation': 'https://www.manpower.fr/offers/details/1101239176?partenaire=FRANCE_TRAVAIL'}",{},1,False,,,2,Ouvrier spécialisé,78.20Z,78,Activités des agences de travail temporaire,,"{'origine': '1', 'urlOrigine': 'https://candidat.francetravail.fr/offres/recherche/detail/192FJMR'}",False,{'horaires': ['35H Travail en journée']},,,"[{'libelle': 'Anglais', 'exigence': 'S'}]"
192FJMP,Couturier (H/F),"Manpower Dagneux recrute : Couturier Industriel (H/F) - Béligneux 
 
Vous êtes passionné(e) par la couture industrielle et aimez travailler avec des matériaux techniques ? Vous recherchez un poste stable dans une entreprise reconnue ? Cette opportunité est faite pour vous !
En tant que Couturier Industriel, vous jouerez un rôle clé dans la production et la fabrication de pièces techniques. Vos missions principales seront : 
-Montage et assemblage : Préparation et assemblage des pièces avant montage. 
-Réglages techniques : Paramétrage des machines et outils nécessaires à la production. 
-Contrôle qualité : Vérification de la conformité des pièces et réalisation des opérations de finition. 
-Manipulation de matériaux divers : Travail sur des matériaux techniques (Kevlar, PVC, tissu de verre, etc.), avec des pièces allant de 100g à 30kg. 
Machines utilisées : 
-Machine à coudre canon 
-Machine à coudre plate (double ou triple entraînement, 1 ou 2 aiguilles) 
-Surjeteuse 5 fils 
-Machine à coudre bras déporté 
 
Votre rythme de travail : 
-Horaires fixes : 8h - 16h 
Rémunération et avantages : 
-Salaire : 11,88/h 
-Tickets restaurant 
 
 
-Vous êtes minutieux(se), organisé(e) et aimez travailler en équipe. 
-Vous possédez un CAP/BAC Pro en couture ou une formation équivalente. 
-Une expérience sur un poste similaire est un atout. 
 
Prêt(e) à relever ce défi ? 
Postulez dès maintenant et intégrez une équipe dynamique dans un secteur en pleine évolution ! 
 
Rejoindre la communauté Manpower c'est aussi: 
-Profitez d'un CET rémunéré à 8% 
-Profitez des offres d'un CSE attractif et avec pleins de bons plans! 
",2025-05-09T20:09:34.178Z,2025-05-09T20:09:34.433Z,"{'libelle': '01 - Béligneux', 'latitude': 45.858405, 'longitude': 5.136971, 'codePostal': '01360', 'commune': '01032'}",B1803,Couturier / Couturière,Couturier / Couturière,"{'nom': 'MANPOWER', 'description': 'Faites confiance à Manpower, votre partenaire emploi :\n- Des opportunités nombreuses et diversifiées\n- Une expertise RH et des conseils emploi\n- Une employabilité durable avec le programme MyPath® \n- Des démarches facilitées \n- Des avantages et des services', 'entrepriseAdaptee': False}",MIS,Intérim - 18 Mois,Contrat travail,D,Débutant accepté,,{'libelle': 'Horaire de 11.88 Euros à 12.0 Euros sur 12.0 mois'},35H Travail en journée,Temps plein,False,"{'nom': 'MANPOWER - Mme Océane  HERNANDEZ', 'coordonnees1': 'https://www.manpower.fr/offers/details/1101239174?partenaire=FRANCE_TRAVAIL', 'urlPostulation': 'https://www.manpower.fr/offers/details/1101239174?partenaire=FRANCE_TRAVAIL'}",{},1,False,,,2,Ouvrier spécialisé,78.20Z,78,Activités des agences de travail temporaire,,"{'origine': '1', 'urlOrigine': 'https://candidat.francetravail.fr/offres/recherche/detail/192FJMP'}",False,{'horaires': ['35H Travail en journée']},,,
192FJMN,Electromécanicien (H/F),"

Manpower LYON BATIMENT SECOND OEUVRE recherche pour son client, un acteur du secteur de la maintenance industrielle, un Electromécanicien (H/F) 
 

 Sous l'autorité du chef d'atelier, vous aurez pour mission l'assemblage d'équipements mécaniques et d'installations à la pointe de la technique : 
 
- Préparation de pièces, lecture et interprétation de plans, montage et mise au point des sous-ensembles mécaniques et pneumatiques, ajustements mécaniques si nécessaire, câblage électrique 
- Validation du bon assemblage final, et support ou assistance technique SAV, feront partie de vos activités principales. 
 

Issue d'une formation dans ce domaine, vous justifiez d'une expérience réussie et significative sur ces fonctions. 
Polyvalent et réactif, vous disposez de solides connaissances en mécanique et maîtrisez les techniques inhérentes au métier. Vous connaissez et respectez rigoureusement les règles de sécurité en vigueur 
 
-De formation Bac à Bac2 en électromécanique ou Bac pro Maintenance des équipements industriels ou Bac pro électrotechnique 
 

 
Cette offre vous intéresse ? Postulez dès à présent",2025-05-09T20:09:31.848Z,2025-05-09T20:09:32.068Z,"{'libelle': '69 - Lyon 3e Arrondissement', 'latitude': 45.751578, 'longitude': 4.869577, 'codePostal': '69003', 'commune': '69383'}",I1304,Technicien / Technicienne de maintenance industrielle,Électromécanicien(ne) d'équipements industriels,"{'nom': 'MANPOWER FRANCE', 'description': 'Faites confiance à Manpower, votre partenaire emploi :\n- Des opportunités nombreuses et diversifiées\n- Une expertise RH et des conseils emploi\n- Une employabilité durable avec le programme MyPath® \n- Des démarches facilitées \n- Des avantages et des services', 'entrepriseAdaptee': False}",MIS,Intérim - 3 Mois,Contrat travail,E,4 An(s),,{'libelle': 'Horaire de 14.0 Euros sur 12.0 mois'},35H Travail en journée,Temps plein,False,"{'nom': 'MANPOWER FRANCE - Mme Valérie Dufossez', 'coordonnees1': 'https://www.manpower.fr/offers/details/1101239173?partenaire=FRANCE_TRAVAIL', 'urlPostulation': 'https://www.manpower.fr/offers/details/1101239173?partenaire=FRANCE_TRAVAIL'}",{},2,False,,,2,Ouvrier spécialisé,78.20Z,78,Activités des agences de travail temporaire,,"{'origine': '1', 'urlOrigine': 'https://candidat.francetravail.fr/offres/recherche/detail/192FJMN'}",False,{'horaires': ['35H Travail en journée']},,,
192FJMJ,Automaticien (H/F),"

Manpower CABINET DE RECRUTEMENT DE LA ROCHELLE recherche pour son client, un acteur du secteur du BTP, un Automaticien (H/F). 
 
Poste à pourvoir en CDI 
Salaire selon profil et expérience entre 40 et 50 K 
Statut Selon profil DUT avec expérience ou BAC  5 
Zone d'intervention : la Charente Maritime 17  département alentours  Les Landes parfois 
 
-Rédiger des analyses fonctionnelle et analyses organiques, 
-Réaliser des programmes pour les automates de type Schneider (PL7 Pro, Unity Pro, SoMachine), Siemens (STEP7, Tia Portal,.), Rockwell,. 
-Réaliser des supervisions (Intouch, Topkapi, Vijeo Designer, Vijeo Citect, PcVue) 
-Tester les armoires électriques 
-Mettre en service et fiabiliser les installations 
-Contrôler le bon fonctionnement des installations 
-Rédiger les documents nécessaires (Manuel opérateur, ... ) 
-Etre en relation avec le client 
 

 
Organisation : 
80 % au bureau - 20 % sur le terrain pour les mises en service 
Vous pourrez aussi intervenir sur des projets en Electricité Industrielle. 
 

De formation ingénieur en électrotechnique, électronique, automatique, informatique industrielle ou similaire. 
 
Vous justifiez de 2 ans d'expérience minimum dans les équipements industriels et/ou machines spéciales (optionnel) 
 
Qualités recherchées : 
-Vous êtes autonome et réactif, vous posséder le sens de l'anticipation, de l'organisation et de la rigueur. 
-Vous êtes force de proposition. 
-Votre goût pour la relation client et votre ponctualité seront des atouts nécessaires pour réussir. 
",2025-05-09T20:09:21.970Z,2025-05-09T20:09:22.227Z,"{'libelle': '17 - Rochefort', 'latitude': 45.94403, 'longitude': -0.967748, 'codePostal': '17300', 'commune': '17299'}",I1302,Technicien / Technicienne de maintenance d'installations automatisées,Automaticien / Automaticienne d'installation,"{'nom': 'MANPOWER', 'description': 'Faites confiance à Manpower, votre partenaire emploi :\n- Des opportunités nombreuses et diversifiées\n- Une expertise RH et des conseils emploi\n- Une employabilité durable avec le programme MyPath® \n- Des démarches facilitées \n- Des avantages et des services', 'entrepriseAdaptee': False}",CDI,CDI,Contrat travail,E,2 An(s),,{'libelle': 'Annuel de 40000.0 Euros à 50000.0 Euros sur 12.0 mois'},35H Travail en journée,Temps plein,False,"{'nom': 'MANPOWER - Mme AUDREY FERRAND', 'coordonnees1': 'https://www.manpower.fr/offers/details/1101239168?partenaire=FRANCE_TRAVAIL', 'urlPostulation': 'https://www.manpower.fr/offers/details/1101239168?partenaire=FRANCE_TRAVAIL'}",{},1,False,,,2,Ouvrier spécialisé,78.20Z,78,Activités des agences de travail temporaire,,"{'origine': '1', 'urlOrigine': 'https://candidat.francetravail.fr/offres/recherche/detail/192FJMJ'}",False,{'horaires': ['35H Travail en journée']},,,
192FJMG,Technicien en radioprotection (H/F),"Manpower GIEN recherche pour son client, un acteur du secteur de la logistique, un Technicien en radioprotection Nucléaire (H/F).
 

Vos missions : 
-Garantir l'adéquation des matériels avec les mesures, les estimations dosimétriques en rédigeant des modes opératoires pour bien préparer les interventions 
-Identifier, grâce à votre bonne capacité d'analyse, les risques radiologiques sur les chantiers et installations en réalisant les controles necessaires. 
-Assurer une protection continue des équipes, des installations et de l'environnement par un suivi radiologique rigoureux adapté aux opérations particulières, dans le respect des règles de sécurité et RP. 
-Rédiger les comptes rendus d'intervention 
-Fédérer et sensibiliser les équipes opérationnelles sur l'interet et l'importance des règles de sécurité et de RP. 
 
 

Etre titulaire des habilitations suivantes en cours de validité : 
-SCN2 
-RP2 
-CSQ 
-Star 4, 5.1 et 5.2 
 

Vous etes respectueux des consignes de sécurité et des réglementations d'ailleurs vous partagez la vigilance partagée quotidiennement ! 
Vous avez le sens de l'organisation, aimez le travail en équipe, vous êtes dynamique, sérieux, rigoureux et précis. Postulez dès maintenant ! 
 
Rejoindre le groupe Manpower vous permettra au delà d'acquérir de l'expérience professionnelle, de bénéficier des avantages de notre groupe, en fonction du nombre d'heures acquises. 
 
N'attendez plus et échanger avec nos équipes, en cliquant sur « POSTULER » ! 
",2025-05-09T20:09:17.060Z,2025-05-09T20:09:17.323Z,"{'libelle': '45 - Dampierre-en-Burly', 'latitude': 47.754897, 'longitude': 2.51653, 'codePostal': '45570', 'commune': '45122'}",H1309,Technicien / Technicienne en radioprotection,Technicien / Technicienne en radioprotection,"{'nom': 'MANPOWER', 'description': 'Faites confiance à Manpower, votre partenaire emploi :\n- Des opportunités nombreuses et diversifiées\n- Une expertise RH et des conseils emploi\n- Une employabilité durable avec le programme MyPath® \n- Des démarches facilitées \n- Des avantages et des services', 'entrepriseAdaptee': False}",MIS,Intérim - 2 Mois,Contrat travail,E,2 An(s),,{'libelle': 'Horaire de 12.0 Euros sur 12.0 mois'},35H Travail en journée,Temps plein,False,"{'nom': 'MANPOWER - Mme Celine ROCHE', 'coordonnees1': 'https://www.manpower.fr/offers/details/1101239162?partenaire=FRANCE_TRAVAIL', 'urlPostulation': 'https://www.manpower.fr/offers/details/1101239162?partenaire=FRANCE_TRAVAIL'}",{},1,False,,,2,Ouvrier spécialisé,78.20Z,78,Activités des agences de travail temporaire,,"{'origine': '1', 'urlOrigine': 'https://candidat.francetravail.fr/offres/recherche/detail/192FJMG'}",False,{'horaires': ['35H Travail en journée']},,,
192FJMC,Chef d'équipe (H/F),"Vous êtes passionné par la création paysagère et avez une expertise en végétaux et matériaux ? 
 
Vous êtes prêt à manager une équipe talentueuse ? Cette opportunité est faite pour vous ! 
 
Nous recherchons pour un de nos clients un Chef d'équipe paysagiste en création (H/F).
 

Vous intervenez principalement sur l'Ille et Vilaine et devez 
 
Superviser les travaux, incluant la préparation du sol, la plantation, la création de chemins, la pose de clôtures et autres aménagements.. 
 
Analyser les plans et organiser les tâches selon les compétences de votre équipe. 
 
Gérer les équipements et vérifier les fournitures et les végétaux. 
 
Contribuer à la planification et à la préparation des projets paysagers. 
 

De formation BAC PRO, BTS en aménagements paysagers avec une expérience d'au moins 5 ans sur un poste similaire. 
 
Le permis B est nécessaire afin de vous rendre sur les différents sites. 
 
Le caces TP catégorie 1 est nécessaire et le permis EB serait un plus. 
 
Ce poste vous intéresse, alors postulez!!!",2025-05-09T20:09:09.249Z,2025-05-09T20:09:09.506Z,"{'libelle': '35 - Rheu', 'latitude': 48.097885, 'longitude': -1.790031, 'codePostal': '35650', 'commune': '35240'}",N4201,Responsable d'agence transport routier de marchandises,Directeur(trice) d'exploitation transp routier marchandises,"{'nom': 'MANPOWER', 'description': 'Faites confiance à Manpower, votre partenaire emploi :\n- Des opportunités nombreuses et diversifiées\n- Une expertise RH et des conseils emploi\n- Une employabilité durable avec le programme MyPath® \n- Des démarches facilitées \n- Des avantages et des services', 'entrepriseAdaptee': False}",CDI,CDI,Contrat travail,E,6 An(s),,"{'commentaire': 'Autres', 'complement1': 'Autre'}",35H Travail en journée,Temps plein,False,"{'nom': 'MANPOWER - Mme Manuela HUET', 'coordonnees1': 'https://www.manpower.fr/offers/details/1101239158?partenaire=FRANCE_TRAVAIL', 'urlPostulation': 'https://www.manpower.fr/offers/details/1101239158?partenaire=FRANCE_TRAVAIL'}",{},1,False,,,2,Ouvrier spécialisé,78.20Z,78,Activités des agences de travail temporaire,,"{'origine': '1', 'urlOrigine': 'https://candidat.francetravail.fr/offres/recherche/detail/192FJMC'}",False,{'horaires': ['35H Travail en journée']},,,
192FJLZ,Agent de maintenance (H/F),"Manpower COLMAR recherche pour son client, un acteur du secteur du bois, du papier et de l'imprimerie, un Agent de maintenance mécanique (H/F)
 

Vos principales missions seront les suivantes : 
 
-Réaliser des remontées en termes de sécurité (risques détectés) 
-Respecter et appliquer les standards de sécurité du site 
-Assurer que ses travaux sont réalisés en toute sécurité 
-Réaliser les opérations de maintenance mécanique 
-Réparer des pièces défectueuses à l'atelier 
-Réaliser l'usinage de pièces mécaniques 
 
 
-BTS/ BAC PRO en mécanique générale ou en maintenance industrielle (accepte les jeunes diplômés) 
-Avoir des connaissances en pneumatique et hydraulique. 
-Expérience en usinage et soudure 
-5 ans minimum d'expérience dans l'industrie exigée 
 

 
Vous vous reconnaissez dans cette annonce ? Postulez dès à présent !",2025-05-09T20:09:06.663Z,2025-05-09T20:09:06.896Z,"{'libelle': '68 - Kunheim', 'latitude': 48.075568, 'longitude': 7.540856, 'codePostal': '68320', 'commune': '68172'}",I1203,Agent / Agente d'entretien du bâtiment,Agent(e) entretien maintenance polyvalent(e) en collectivité,"{'nom': 'MANPOWER FRANCE', 'description': 'Faites confiance à Manpower, votre partenaire emploi :\n- Des opportunités nombreuses et diversifiées\n- Une expertise RH et des conseils emploi\n- Une employabilité durable avec le programme MyPath® \n- Des démarches facilitées \n- Des avantages et des services', 'entrepriseAdaptee': False}",MIS,Intérim - 3 Mois,Contrat travail,E,5 An(s),,{'libelle': 'Horaire de 11.88 Euros à 14.0 Euros sur 12.0 mois'},35H Travail en journée,Temps plein,False,"{'nom': 'MANPOWER FRANCE - Mme AUDREY MANIGOLD', 'coordonnees1': 'https://www.manpower.fr/offers/details/1101239156?partenaire=FRANCE_TRAVAIL', 'urlPostulation': 'https://www.manpower.fr/offers/details/1101239156?partenaire=FRANCE_TRAVAIL'}",{},2,False,,,2,Ouvrier spécialisé,78.20Z,78,Activités des agences de travail temporaire,,"{'origine': '1', 'urlOrigine': 'https://candidat.francetravail.fr/offres/recherche/detail/192FJLZ'}",False,{'horaires': ['35H Travail en journée']},,,
192FJLS,Manutentionnaire papeterie (H/F),"Bonjour, 
 
 Vous êtes disponible sur des courtes périodes, vous acceptez les missions ponctuelles ? 
 
Nous recrutons régulièrement des Manutentionnaires H/F 
Pour notre client à Saint Just la Pendue, imprimerie familiale 
 
Ça vous intéresse ? Lisez la suite.. 
 
Vous acceptez les missions à la journée et vous êtes disponible rapidement dans un très court délai ! 
 
Si c'est votre cas, vous postulez et dès que notre client nous confirme un besoin de personnel, nous vous appelons 
-Vous aidez l'équipe production sur des missions de manutention et d'aide aux premières opérations de production sur machines ou manuellement, 
-Vous approvisionnez l'entrée des machines en matière premières et vous alimentez le stock 
-Vous récupérer manuellement les produits en sortie de lignes, contrôle et palettisation 
-Vous pouvez être amené à effectuer diverses opérations manuelles de pliage, pose stickers, emballage, finition, mise sous film.. 
 
Vos conditions : 
Contrat à la journée ou à la semaine, date de démarrage en fonction du besoin de notre client 
Vous travaillez en horaires 2x7 6h13h ou 13h20h 
Votre salaire est le smic
 Vous êtes disponibles et acceptez des missions ponctuelles à la journée ou à la semaine, 
 
 Vous avez le sens du travail et vous êtes rigoureux dans la compréhension et l'exécution des consignes qui vous sont données, 
 
 Vous avez en plus un bon état d'esprit pour travailler en équipe, aider et accepter d'effectuer des tâches annexes à votre poste. 
Car pour mener à bien son projet, notre client est attaché avant tout à votre savoir-être et votre facilité à être polyvalent et adaptable 
 
Ça vous intéresse toujours ? Postulez et c'est l'agence qui vous contacte dès qu'il y a un poste disponible ! 
 
 
Rejoindre MANPOWER, c'est aussi bénéficier d'un Comité d'Entreprise attractif et d'un placement rémunéré à 8% de vos Indemnités de Fin de Mission 
 
Rejoindre Manpower c'est bénéficier dès la 1ère heure de notre opération MYCOOPT  parrainez un(e) ami(e) et recevez 150  bruts* (voir conditions en agence) 
",2025-05-09T20:08:47.357Z,2025-05-09T20:08:47.609Z,"{'libelle': '42 - Saint-Just-la-Pendue', 'latitude': 45.887425, 'longitude': 4.244976, 'codePostal': '42540', 'commune': '42249'}",N1105,Manutentionnaire,Manutentionnaire,"{'nom': 'MANPOWER', 'description': 'Faites confiance à Manpower, votre partenaire emploi :\n- Des opportunités nombreuses et diversifiées\n- Une expertise RH et des conseils emploi\n- Une employabilité durable avec le programme MyPath® \n- Des démarches facilitées \n- Des avantages et des services', 'entrepriseAdaptee': False}",MIS,Intérim - 1 Jour(s),Contrat travail,E,2 An(s),,{'libelle': 'Horaire de 11.88 Euros sur 12.0 mois'},35H Travail en journée,Temps plein,False,"{'nom': 'MANPOWER - Mme VANESSA NOTIN', 'coordonnees1': 'https://www.manpower.fr/offers/details/1101239144?partenaire=FRANCE_TRAVAIL', 'urlPostulation': 'https://www.manpower.fr/offers/details/1101239144?partenaire=FRANCE_TRAVAIL'}",{},1,False,,,2,Ouvrier spécialisé,78.20Z,78,Activités des agences de travail temporaire,,"{'origine': '1', 'urlOrigine': 'https://candidat.francetravail.fr/offres/recherche/detail/192FJLS'}",False,{'horaires': ['35H Travail en journée']},,,
192FJLR,Cariste (H/F),"Manpower DAGNEUX recherche pour son client, un acteur du secteur des Industries manufacturières et production, un Cariste caces 3 et 5 (H/F)
 

Vos missions seront les suivantes : 
-Conduite de chariot élévateur avec caces 3 et 5 
-Préparation des commandes pour les clients 
-Réalisation des bons de livraison Clients 
-Utilisation de l'informatique 
-Rangement du magasin 
-Manutentions diverses 
-Port de charges 
 

Vous travaillerez en horaires d'équipe 2X8 du lundi au vendredi 
Salaire : 11,88/h  Panier  prime d'équipe  prime habillage 
 

Vous avez une première expérience en tant que cariste - préparateur de commandes ? Vous recherchez une mission sur plusieurs mois ? Vous êtes à l'aise sur l'informatique et faite preuve d'une grande rigueur. 
 
Vous avez obligatoirement les caces 3 et 5 
 
Venez tenter l'expérience! 
 
Postulez en ligne et une conseillère vous rappellera ! 
 
Rejoindre Manpower c'est aussi: 
-être suivi et accompagner tout au long de votre carrière chez nous 
-Profiter des avantages du FASTT ( garde d'enfants, accès au logement, dépannage voiture, etc.) 
-profitez d'un CET à un taux d'intérêt à 8% 
-des avantages sociaux culturels du CSE Manpower 
",2025-05-09T20:08:44.873Z,2025-05-09T20:08:45.232Z,"{'libelle': '01 - Boisse', 'latitude': 45.844289, 'longitude': 5.035815, 'codePostal': '01120', 'commune': '01049'}",N1101,Cariste,Cariste,"{'nom': 'MANPOWER', 'description': 'Faites confiance à Manpower, votre partenaire emploi :\n- Des opportunités nombreuses et diversifiées\n- Une expertise RH et des conseils emploi\n- Une employabilité durable avec le programme MyPath® \n- Des démarches facilitées \n- Des avantages et des services', 'entrepriseAdaptee': False}",MIS,Intérim - 18 Mois,Contrat travail,D,Débutant accepté,,{'libelle': 'Horaire de 11.88 Euros sur 12.0 mois'},35H Travail en journée,Temps plein,False,"{'nom': 'MANPOWER - Mme Océane  HERNANDEZ', 'coordonnees1': 'https://www.manpower.fr/offers/details/1101239143?partenaire=FRANCE_TRAVAIL', 'urlPostulation': 'https://www.manpower.fr/offers/details/1101239143?partenaire=FRANCE_TRAVAIL'}",{},1,False,,,2,Ouvrier spécialisé,78.20Z,78,Activités des agences de travail temporaire,,"{'origine': '1', 'urlOrigine': 'https://candidat.francetravail.fr/offres/recherche/detail/192FJLR'}",False,{'horaires': ['35H Travail en journée']},,,
192FJLL,Technicien de maintenance (H/F),"

Manpower LYON BATIMENT SECOND OEUVRE recherche pour son client un Technicien maintenance chaudières (H/F) 
 

Vous intervenez chez une clientèle de particuliers et dans le collectif pour assurer la maintenance, le dépannage et l'entretien de chaudières murales gaz et fioul. 
 

Vous êtes issu d'une formation en maintenance de chaudières. 
Vous connaissez les différentes marques. 
Professionnel, avec un très bon sens du service, vous aurez un rôle de conseil auprès des clients chez qui vous interviendrez. 
Utilisation d'un véhicule de service",2025-05-09T20:08:32.562Z,2025-05-09T20:08:32.775Z,"{'libelle': '69 - Lyon 3e Arrondissement', 'latitude': 45.751578, 'longitude': 4.869577, 'codePostal': '69003', 'commune': '69383'}",I1203,Agent / Agente d'entretien du bâtiment,Technicien polyvalent / Technicienne polyvalente du bâtiment,"{'nom': 'MANPOWER FRANCE', 'description': 'Faites confiance à Manpower, votre partenaire emploi :\n- Des opportunités nombreuses et diversifiées\n- Une expertise RH et des conseils emploi\n- Une employabilité durable avec le programme MyPath® \n- Des démarches facilitées \n- Des avantages et des services', 'entrepriseAdaptee': False}",MIS,Intérim - 3 Mois,Contrat travail,E,3 An(s),,{'libelle': 'Horaire de 14.0 Euros sur 12.0 mois'},35H Travail en journée,Temps plein,False,"{'nom': 'MANPOWER FRANCE - Mme Valérie Dufossez', 'coordonnees1': 'https://www.manpower.fr/offers/details/1101239136?partenaire=FRANCE_TRAVAIL', 'urlPostulation': 'https://www.manpower.fr/offers/details/1101239136?partenaire=FRANCE_TRAVAIL'}",{},1,False,,,2,Ouvrier spécialisé,78.20Z,78,Activités des agences de travail temporaire,,"{'origine': '1', 'urlOrigine': 'https://candidat.francetravail.fr/offres/recherche/detail/192FJLL'}",False,{'horaires': ['35H Travail en journée']},,,
192FJLK,Femme de chambre/Valet (H/F),"Manpower CHAUNY recherche pour son client, un acteur du secteur de l'hôtellerie, un Femme de chambre/Valet (H/F)
Dans le cadre de vos fonctions, vous serez amené à : 
-Préparer le petit déjeuner pour les clients de l'auberge. 
-Assurer la lessive des textiles de l'établissement. 
-Effectuer le repassage des linges propres. 
-Nettoyer les chambres après le départ des clients. 
-Maintenir la propreté des espaces communs et du restaurant. 
-Réapprovisionner les consommables dans les chambres et les salles de bain. 
-Veiller à la bonne présentation de chaque chambre. 
-Rapporter toute anomalie ou besoin de réparation dans les chambres ou les autres locaux. 
 
 
-Sens de l'initiative 
-Rigueur et souci du détail 
-Organisation 
-Polyvalence 
-Règle d'hygiène 
 Mode de travail collaboratif, basé sur l'autonomie et la responsabilité 
Opportunités de parcours professionnels adaptés à votre profil 
Congés payés et RTT 
Mutuelle d'entreprise et prévoyance santé 
CET à 8 % 
CSE, CSEC 
FASTT (garde d'enfant, aide au logement, location de véhicule.)",2025-05-09T20:08:28.698Z,2025-05-09T20:08:28.954Z,"{'libelle': '02 - Villequier-Aumont', 'latitude': 49.655146, 'longitude': 3.198039, 'codePostal': '02300', 'commune': '02807'}",G1501,Employé / Employée d'étage,Valet / Femme de chambre,"{'nom': 'MANPOWER', 'description': 'Faites confiance à Manpower, votre partenaire emploi :\n- Des opportunités nombreuses et diversifiées\n- Une expertise RH et des conseils emploi\n- Une employabilité durable avec le programme MyPath® \n- Des démarches facilitées \n- Des avantages et des services', 'entrepriseAdaptee': False}",MIS,Intérim - 2 Mois,Contrat travail,D,Débutant accepté,,{'libelle': 'Horaire de 11.88 Euros sur 12.0 mois'},35H Travail en journée,Temps plein,False,"{'nom': 'MANPOWER - Mme LEGRAND Domityl', 'coordonnees1': 'https://www.manpower.fr/offers/details/1101239135?partenaire=FRANCE_TRAVAIL', 'urlPostulation': 'https://www.manpower.fr/offers/details/1101239135?partenaire=FRANCE_TRAVAIL'}",{},1,False,,,2,Ouvrier spécialisé,78.20Z,78,Activités des agences de travail temporaire,,"{'origine': '1', 'urlOrigine': 'https://candidat.francetravail.fr/offres/recherche/detail/192FJLK'}",False,{'horaires': ['35H Travail en journée']},,,
192FJLJ,Electricien bâtiment/TP/VRD (H/F),"

Manpower BORDEAUX BTP recherche pour son client, un acteur du secteur du BTP, un Electricien bâtiment/TP/VRD CDI INTERIMAIRE (H/F) 
 

En tant que salarié(e) en CDI Intérimaire, vous bénéficierez de missions chez nos clients sur le bassin d'emploi de l'agglomération bordelaise et dans ses alentours. 
 
Nouveau ! Devenir salarié(e) en CDI Intérimaire chez Manpower, c'est opter pour une forme de travail flexible et sécurisée avec la garantie d'une fréquence et d'une régularité de vos missions comme de vos revenus. 
 
Vos missions principales: 
 
Vous êtes positionné sur 3 métiers 
 
Vous pouvez travailler sur un rayons de 50 km autour de chez vous 
 
La période d'essais est de 2 mois 
 
-Selon compétence et spécialités sur chantiers tertiaires ou logements collectifs neufs 
-Incorporations gros œuvre banches et pose de pieuvres 
-suivi des plaquistes 
-Raccordements et pose d'appareillages, raccordements au tableau. 
-Lectures de plans et schémas électriques 
Venez profiter de nos nombreux avantages ! 
-Une agence de professionnels à votre écoute. 
-Comité d'établissement et Comité Central d'Entreprise (chèques vacances, places de cinéma) 
 
 

Si vous êtes ... : 
-Professionnel dans le domaine de l'installation électrique, tertiaire ou bâtiment. 
-Expérimenté en tant que électricien avec minimum 2 ans d'expérience souhaitées. 
-Un niveau d'études CAP à BTS, dans le secteur de l'électricité vous recherchez une activité qui s'inscrit dans la durée tout en ayant l'opportunité de diversifier vos expériences. 
-Vous êtes mobile sur le bassin d'emploi et pourrez être amené à travailler sur des horaires variés selon les entreprises qui vous accueilleront en mission. 
",2025-05-09T20:08:26.003Z,2025-05-09T20:08:26.244Z,"{'libelle': '33 - Bordeaux', 'latitude': 44.851895, 'longitude': -0.587877, 'codePostal': '33000', 'commune': '33063'}",F1602,Électricien / Électricienne du bâtiment,Électricien / Électricienne du bâtiment,"{'nom': 'MANPOWER', 'description': 'Faites confiance à Manpower, votre partenaire emploi :\n- Des opportunités nombreuses et diversifiées\n- Une expertise RH et des conseils emploi\n- Une employabilité durable avec le programme MyPath® \n- Des démarches facilitées \n- Des avantages et des services', 'entrepriseAdaptee': False}",DIN,CDI Intérimaire,Contrat travail,E,3 An(s),,"{'commentaire': 'Autres', 'complement1': 'Autre'}",35H Travail en journée,Temps plein,False,"{'nom': 'MANPOWER - M. martin jobert', 'coordonnees1': 'https://www.manpower.fr/offers/details/1101239134?partenaire=FRANCE_TRAVAIL', 'urlPostulation': 'https://www.manpower.fr/offers/details/1101239134?partenaire=FRANCE_TRAVAIL'}",{},1,False,,,2,Ouvrier spécialisé,78.20Z,78,Activités des agences de travail temporaire,,"{'origine': '1', 'urlOrigine': 'https://candidat.francetravail.fr/offres/recherche/detail/192FJLJ'}",False,{'horaires': ['35H Travail en journée']},,,
192FJLH,Comptable (H/F),"Manpower GRENOBLE TERTIAIRE recherche pour son client, un acteur du secteur de l'Electricité et du Gaz, un(e) Comptable clients à Sassenage.
En tant que Comptable Clients, vous serez en charge de : 
-Facturation clients : Établir et envoyer les factures aux clients. 
-Recouvrement : Suivre les paiements et relancer les clients en cas de retard. 
-Reporting groupe : Préparer et présenter les rapports financiers au groupe. 
-Lettrage : Assurer le lettrage des comptes clients. 
-Garanties bancaires : Établir et suivre les garanties bancaires. 
-Lettres de crédit : Suivre et envoyer les lettres de crédit aux clients. 
 
Nous recherchons un(e) candidat(e) avec : 
-Formation : BAC3 minimum en Commerce International ou Comptabilité. 
-Expérience : Une première expérience en comptabilité clients est souhaitée. 
-Compétences : Maîtrise des outils de facturation et de recouvrement, capacité à établir des garanties bancaires et des lettres de crédit. 
-Qualités : Rigueur, organisation, et bon relationnel. 
Horaires : de journée 
Rémunération : base de 30k brut annuel variable selon expérience 
 
Si vous êtes intéressé(e) par ce poste et que vous correspondez au profil recherché, n'hésitez pas à postuler dès maintenant !",2025-05-09T20:08:23.578Z,2025-05-09T20:08:23.827Z,"{'libelle': '38 - Sassenage', 'latitude': 45.214137, 'longitude': 5.661988, 'codePostal': '38360', 'commune': '38474'}",M1203,Comptable,Comptable,"{'nom': 'MANPOWER FRANCE', 'description': 'Faites confiance à Manpower, votre partenaire emploi :\n- Des opportunités nombreuses et diversifiées\n- Une expertise RH et des conseils emploi\n- Une employabilité durable avec le programme MyPath® \n- Des démarches facilitées \n- Des avantages et des services', 'entrepriseAdaptee': False}",MIS,Intérim - 3 Mois,Contrat travail,D,Débutant accepté,,{'libelle': 'Annuel de 30000.0 Euros sur 12.0 mois'},35H Travail en journée,Temps plein,False,"{'nom': 'MANPOWER FRANCE - Mme Véronique PERROT', 'coordonnees1': 'https://www.manpower.fr/offers/details/1101239133?partenaire=FRANCE_TRAVAIL', 'urlPostulation': 'https://www.manpower.fr/offers/details/1101239133?partenaire=FRANCE_TRAVAIL'}",{},1,False,,,2,Ouvrier spécialisé,78.20Z,78,Activités des agences de travail temporaire,,"{'origine': '1', 'urlOrigine': 'https://candidat.francetravail.fr/offres/recherche/detail/192FJLH'}",False,{'horaires': ['35H Travail en journée']},,,
192FJLG,Employé de libre-service (H/F),"Manpower COSNE SUR LOIRE recherche pour son client, un acteur du secteur de la grande distribution, un Employé de libre-service (H/F)
 

ans le cadre de vos fonctions, vous serez amené à : 
-Mettre en rayon des produits alimentaires et non alimentaires 
-Respecter les consignes de sécurité 
-Faire l'inventaire 
 
Horaires : 5h30/13h30 
Salaire : SMIC
 

Recherche personne volontaire, dynamique, ayant le sens du service et une capacité à suivre des processus établis. 
 
Vous correspondez au profil, N'hésitez plus, transmettez votre CV actualisé en répondant directement à cette offre. 
 
 Travailler pour Manpower, c'est bénéficier d'Avantages et de Services utiles au quotidien dès la 1ère heure travaillée : 
- Compte Epargne Temps 
- Mutuelle et prévoyance 
- Aide au logement 
- Prêts bancaires 
- Formations et carrières 
- L'application mobile ""Mon Manpower """,2025-05-09T20:08:18.822Z,2025-05-09T20:08:19.041Z,"{'libelle': '58 - Cosne-Cours-sur-Loire', 'latitude': 47.407726, 'longitude': 2.93582, 'codePostal': '58200', 'commune': '58086'}",D1507,Employé / Employée de libre-service,Employé / Employée de libre-service,"{'nom': 'MANPOWER', 'description': 'Faites confiance à Manpower, votre partenaire emploi :\n- Des opportunités nombreuses et diversifiées\n- Une expertise RH et des conseils emploi\n- Une employabilité durable avec le programme MyPath® \n- Des démarches facilitées \n- Des avantages et des services', 'entrepriseAdaptee': False}",MIS,Intérim - 7 Jour(s),Contrat travail,D,Débutant accepté,,{'libelle': 'Horaire de 11.88 Euros sur 12.0 mois'},35H Travail en journée,Temps plein,False,"{'nom': 'MANPOWER - Mme SABRINA VRILLAUX', 'coordonnees1': 'https://www.manpower.fr/offers/details/1101239130?partenaire=FRANCE_TRAVAIL', 'urlPostulation': 'https://www.manpower.fr/offers/details/1101239130?partenaire=FRANCE_TRAVAIL'}",{},3,False,,,2,Ouvrier spécialisé,78.20Z,78,Activités des agences de travail temporaire,,"{'origine': '1', 'urlOrigine': 'https://candidat.francetravail.fr/offres/recherche/detail/192FJLG'}",False,{'horaires': ['35H Travail en journée']},,,
192FJLF,Technicien de maintenance (H/F),"

Manpower LYON BATIMENT SECOND OEUVRE recherche pour son client, un acteur du secteur du BTP, un Technicien de maintenance instrumentation (H/F) 
 

Sous la responsabilité du responsable de contrat, vous assurerez la réalisation de travaux de maintenance en instrumentation sur le site TotalEnergies, Feyzin (69) : 
 
Vous aurez pour missions : 
-Assurer des interventions de maintenance curative (dépannage) et préventive dans le domaine de l'instrumentation (Sonde de T, capteur de pression, de niveau, débitmètre, vannes de régulation.), 
-Suivre et respecter les plannings de maintenance préventive (tests de sécurité, .) 
-Rédiger les comptes rendus techniques d'interventions 
-Mettre à jour des documentations techniques 
-Proposer des améliorations visant à fiabiliser et pérenniser le fonctionnement des installations et à augmenter l'efficacité de nos interventions 
-Suivre et respecter les procédures d'interventions et consignes de sécurité spécifiques au site 
 
 

Vous êtes issu(e) d'une formation en instrumentation ou similaire. 
  
Expérience : 
Vous justifiez d'une expérience significative dans le domaine de la maintenance en instrumentation industriel d'1 an minimum. 
  
Compétences : 
Maintenance d'équipement et d'appareil d'instrumentation sur unité industrielle et laboratoires. 
La connaissance des industries chimiques, de ses processus et de ses contraintes de sécurité est un plus. 
Nécessité d'avoir un comportement rigoureux, 
Disposer d'une bonne culture sécurité. 
 
Rémunération/Avantages: 
13ème mois / Prime intéressement / Participation (placement en actionnariat possible) - 50% des frais de transports en commun pris en charge - Centre de formation interne diplômant et certifié - Poste ouvert à évolution professionnelle - Comité d'Entreprise avantageux (exemple : Parcs d'attractions, cinéma, vacances.)",2025-05-09T20:08:16.378Z,2025-05-09T20:08:16.647Z,"{'libelle': '69 - Saint-Fons', 'latitude': 45.701914, 'longitude': 4.855418, 'codePostal': '69190', 'commune': '69199'}",I1203,Agent / Agente d'entretien du bâtiment,Technicien polyvalent / Technicienne polyvalente du bâtiment,"{'nom': 'MANPOWER FRANCE', 'description': 'Faites confiance à Manpower, votre partenaire emploi :\n- Des opportunités nombreuses et diversifiées\n- Une expertise RH et des conseils emploi\n- Une employabilité durable avec le programme MyPath® \n- Des démarches facilitées \n- Des avantages et des services', 'entrepriseAdaptee': False}",MIS,Intérim - 3 Mois,Contrat travail,E,3 An(s),,{'libelle': 'Horaire de 13.0 Euros à 14.5 Euros sur 12.0 mois'},35H Travail en journée,Temps plein,False,"{'nom': 'MANPOWER FRANCE - Mme Valérie Dufossez', 'coordonnees1': 'https://www.manpower.fr/offers/details/1101239128?partenaire=FRANCE_TRAVAIL', 'urlPostulation': 'https://www.manpower.fr/offers/details/1101239128?partenaire=FRANCE_TRAVAIL'}",{},2,False,,,2,Ouvrier spécialisé,78.20Z,78,Activités des agences de travail temporaire,,"{'origine': '1', 'urlOrigine': 'https://candidat.francetravail.fr/offres/recherche/detail/192FJLF'}",False,{'horaires': ['35H Travail en journée']},,,
192FJLC,Vendeur (H/F),"Manpower CABINET DE RECRUTEMENT recherche pour son client, un acteur du secteur de la distribution de détail et spécialisée, un Vendeur (H/F) en CDI. Poste basé à Thoiry (01).
 
-Accueillir et conseiller les client(e)s vers une offre adaptée à leur besoin 
-Guider les client(s)s dans leur choix grâce à vos connaissances 
-Encaisser, suivre les ventes et fidéliser la clientèle 
-Maintenir une bonne tenue et animer le point de vente 
-Contribuer à la gestion des stocks 
-Veiller à la satisfaction client 
 
 

 
-Un excellent relationnel et un sens du service développé 
-Être volontaire, souriant(e) et dynamique 
-Une connaissance du monde de la vape serait un plus 
 

 
Type d'emploi : CDI, temps plein (35h00 hebdomadaire) 
 
Avantages : Diverses primes, titres restaurant, intéressement, participation, mutuelle prise en charge à 100%, CSE (chèques vacances, cartes cadeaux, tarifs réduits... ), possibilité de prise en charge du titre de transport selon les conditions en vigueur, etc. 
 
",2025-05-09T20:08:11.264Z,2025-05-09T20:08:11.494Z,"{'libelle': '01 - Thoiry', 'latitude': 46.237938, 'longitude': 5.981478, 'codePostal': '01710', 'commune': '01419'}",D1407,Technico-commercial / Technico-commerciale,Technico-commercial / Technico-commerciale,"{'nom': 'MANPOWER', 'description': 'Faites confiance à Manpower, votre partenaire emploi :\n- Des opportunités nombreuses et diversifiées\n- Une expertise RH et des conseils emploi\n- Une employabilité durable avec le programme MyPath® \n- Des démarches facilitées \n- Des avantages et des services', 'entrepriseAdaptee': False}",CDI,CDI,Contrat travail,D,Débutant accepté,,{'libelle': 'Mensuel de 1801.8 Euros à 2200.0 Euros sur 12.0 mois'},35H Travail en journée,Temps plein,False,"{'nom': 'MANPOWER - Mme Marie COMAS', 'coordonnees1': 'https://www.manpower.fr/offers/details/1101239126?partenaire=FRANCE_TRAVAIL', 'urlPostulation': 'https://www.manpower.fr/offers/details/1101239126?partenaire=FRANCE_TRAVAIL'}",{},1,False,,,2,Ouvrier spécialisé,78.20Z,78,Activités des agences de travail temporaire,,"{'origine': '1', 'urlOrigine': 'https://candidat.francetravail.fr/offres/recherche/detail/192FJLC'}",False,{'horaires': ['35H Travail en journée']},,,
192FJKY,Mécanicien automobile (H/F),"Manpower CABINET RECRUTEMENT BORDEAUX recherche pour son client, un acteur du secteur de l'automobile, un Mécanicien automobile (H/F)
 

En tant que mécanicien automobile H/F, vous serez responsable de l'entretien et de la réparation des véhicules. 
Vos principales missions seront : 
-Réaliser les diagnostics des pannes (électriques, électroniques et mécaniques). 
-Effectuer les réparations nécessaires : remplacement de pièces défectueuses, réglages, etc. 
-Assurer l'entretien courant des véhicules : vidanges, révisions, contrôles divers. 
-Utiliser les outils de diagnostic et de réparation spécifiques. 
-Rédiger les fiches techniques d'intervention et assurer le suivi des travaux réalisés. 
 
 

Nous recherchons un(e) candidat(e) avec une formation technique et une expérience significative en mécanique automobile. Les compétences et qualités suivantes sont essentielles : 
-Formation : CAP, BEP, Bac Pro en mécanique automobile ou équivalent. 
-Expérience : Minimum 1 an d'expérience dans un poste similaire. 
-Compétences techniques : Connaissances en mécanique, électricité et électronique automobile. 
-Qualités personnelles : Rigueur, sens du service, capacité à travailler en équipe et autonomie. 
 

Conditions de travail : Capacité à travailler dans un environnement dynamique et à respecter les normes de sécurité en vigueur.",2025-05-09T20:08:03.666Z,2025-05-09T20:08:03.915Z,"{'libelle': '33 - Bordeaux', 'latitude': 44.851895, 'longitude': -0.587877, 'codePostal': '33000', 'commune': '33063'}",I1604,Mécanicien / Mécanicienne automobile,Mécanicien / Mécanicienne automobile,"{'nom': 'MANPOWER FRANCE', 'description': 'Faites confiance à Manpower, votre partenaire emploi :\n- Des opportunités nombreuses et diversifiées\n- Une expertise RH et des conseils emploi\n- Une employabilité durable avec le programme MyPath® \n- Des démarches facilitées \n- Des avantages et des services', 'entrepriseAdaptee': False}",CDI,CDI,Contrat travail,E,2 An(s),,"{'commentaire': 'Autres', 'complement1': 'Autre'}",35H Travail en journée,Temps plein,False,"{'nom': 'MANPOWER FRANCE - Mme Christelle HESLOUIS', 'coordonnees1': 'https://www.manpower.fr/offers/details/1101239117?partenaire=FRANCE_TRAVAIL', 'urlPostulation': 'https://www.manpower.fr/offers/details/1101239117?partenaire=FRANCE_TRAVAIL'}",{},1,False,,,2,Ouvrier spécialisé,78.20Z,78,Activités des agences de travail temporaire,,"{'origine': '1', 'urlOrigine': 'https://candidat.francetravail.fr/offres/recherche/detail/192FJKY'}",False,{'horaires': ['35H Travail en journée']},,,
192FJKX,Coffreur bancheur (H/F),"Manpower BREST BTP recherche pour son client, un acteur du secteur du BTP, un Coffreur bancheur CDII (H/F)
 Combinez les avantages d'un CDI classique avec ceux de l'intérim : 
-Un employeur unique (Manpower) avec toujours des missions dans différentes entreprises afin de pouvoir développer vos compétences et votre employabilité. 
-Un salaire minimum garanti 
-Une stabilité dans l'emploi 
Avantages : 
-Compte Epargne Temps à 8% : plus d'informations sur le site Manpower.fr 
-Prime anniversaire 
-Congés payés et prévoyance santé 
-Comité d'entreprise régional et France (Participation aux remboursements de vos vacances, loisirs, sport, bon d'achats rentrée des classes, mariage, naissance, voyages, chèques vacances... ) 
-Parrainage (prime de 150  brut en parrainant vos amis) 
-Transport pris en charge à hauteur de 50% 
-FASTT (Garde d'enfant, aide au logement, location de véhicule... ) 
 
Vous avez une première expérience en tant que coffreur- bancheur sur les chantiers. 
 
Vous êtes attentif au respect de la sécurité au travail. 
 
Votre rigueur, votre organisation et votre polyvalence seront les clés de la réussite. 
 
Ce poste vous intéresse, déposez votre candidature dès maintenant ! 
",2025-05-09T20:08:01.176Z,2025-05-09T20:08:01.393Z,"{'libelle': '29 - Brest', 'latitude': 48.406435, 'longitude': -4.497736, 'codePostal': '29200', 'commune': '29019'}",F1701,Coffreur / Coffreuse,Coffreur bancheur / Coffreuse bancheuse,"{'nom': 'MANPOWER FRANCE', 'description': 'Faites confiance à Manpower, votre partenaire emploi :\n- Des opportunités nombreuses et diversifiées\n- Une expertise RH et des conseils emploi\n- Une employabilité durable avec le programme MyPath® \n- Des démarches facilitées \n- Des avantages et des services', 'entrepriseAdaptee': False}",DIN,CDI Intérimaire,Contrat travail,D,Débutant accepté,,{'libelle': 'Horaire de 12.0 Euros à 15.0 Euros sur 12.0 mois'},35H Travail en journée,Temps plein,False,"{'nom': 'MANPOWER FRANCE - Mme Margaux  LE REST', 'coordonnees1': 'https://www.manpower.fr/offers/details/1101239116?partenaire=FRANCE_TRAVAIL', 'urlPostulation': 'https://www.manpower.fr/offers/details/1101239116?partenaire=FRANCE_TRAVAIL'}",{},1,False,,,2,Ouvrier spécialisé,78.20Z,78,Activités des agences de travail temporaire,,"{'origine': '1', 'urlOrigine': 'https://candidat.francetravail.fr/offres/recherche/detail/192FJKX'}",False,{'horaires': ['35H Travail en journée']},,,
192FJKW,Opérateur de montage (H/F),"Bonjour 
 
Je m'appelle Vanessa, je suis votre interlocutrice à l'agence de Feurs pour cet emploi, 
 
Je vous propose le poste de Opérateur finition H/F pour mon client, 
 
C'est une entreprise familiale, son activité est spécialisée dans la conception et fabrication de camions et remorques magasins personnalisés ou spéciaux 
 
Vous êtes touche-à-tout, bricoleur, manuel mais sans qualification précise ? Cette offre va vous intéresser ? 
-En fin de chaîne de montage véhicules, vous intervenez pour les opérations de finitions et montages des accessoires et divers équipements : tiroirs, étagères, vitrines.. 
 
-Vous posez également les installations de plomberie (arrivée d'eau), 
 - Vous avez des connaissances en tôlerie et soudure TIG pour être autonome sur le poste 
 
- Vous utilisez les instruments portatifs et vous travaillez à partir de plans 
 
- Vous travaillez dans le respect des consignes de sécurité avec les équipements de protection individuels 
 
Vos rémunérations et conditions : 
Le contrat intérim de départ est de 12, négociable si compétences qualifiées 
Les horaires sont en journée, base 35 heures hebdo sur 4 jours 
 
Vous travaillez dans les métiers manuels et techniques (plomberie, métallurgie, menuiserie..) 
 
Votre souci de faire un travail de qualité et votre esprit d'équipe sont les atouts que recherche notre client 
 
Vous êtes disponible ? Participez à l'évolution d'une entreprise familiale renommée et POSTULEZ ! 
 
Rejoindre MANPOWER, c'est aussi bénéficier d'un Comité d'Entreprise attractif et d'un placement rémunéré à 8% de vos Indemnités de Fin de Mission 
 
Vous pourriez être intéressé(e) par un CDI Intérimaire ? Manpower étudie votre candidature pour vous proposer un contrat en CDI Intérimaire, optez pour une forme de travail flexible et sécurisée avec la garantie d'une fréquence et d'une régularité de vos missions comme de vos revenus 
 
 
Dans le cadre de sa politique diversité, Manpower étudie, à compétences égales, toutes candidatures dont celles de personnes en situation de handicap. 
",2025-05-09T20:07:58.729Z,2025-05-09T20:07:58.960Z,"{'libelle': '42 - Panissières', 'latitude': 45.789124, 'longitude': 4.341876, 'codePostal': '42360', 'commune': '42165'}",H2909,Assembleur monteur / Assembleuse monteuse,Opérateur(trice) de montage en montage-assemblage mécanique,"{'nom': 'MANPOWER', 'description': 'Faites confiance à Manpower, votre partenaire emploi :\n- Des opportunités nombreuses et diversifiées\n- Une expertise RH et des conseils emploi\n- Une employabilité durable avec le programme MyPath® \n- Des démarches facilitées \n- Des avantages et des services', 'entrepriseAdaptee': False}",MIS,Intérim - 3 Mois,Contrat travail,E,2 An(s),,{'libelle': 'Horaire de 12.0 Euros à 12.5 Euros sur 12.0 mois'},35H Travail en journée,Temps plein,False,"{'nom': 'MANPOWER - Mme VANESSA NOTIN', 'coordonnees1': 'https://www.manpower.fr/offers/details/1101239113?partenaire=FRANCE_TRAVAIL', 'urlPostulation': 'https://www.manpower.fr/offers/details/1101239113?partenaire=FRANCE_TRAVAIL'}",{},1,False,,,2,Ouvrier spécialisé,78.20Z,78,Activités des agences de travail temporaire,,"{'origine': '1', 'urlOrigine': 'https://candidat.francetravail.fr/offres/recherche/detail/192FJKW'}",False,{'horaires': ['35H Travail en journée']},,,
192FJKV,Animateur / Animatrice de vente,"La société PRODIF SODIGROS, spécialisée dans l'import-distribution de produits de marque de grande consommation dans les circuits de petite, moyenne et grande distribution recherche un(e) Animateur/animatrice de vente.

 Le poste consiste à faire des animations dans les magasins dans le cadre de campagne de mise en avant.",2025-05-09T20:07:57.703Z,2025-05-09T20:07:58.027Z,"{'libelle': '972 - LE LAMENTIN', 'latitude': 14.636808, 'longitude': -60.991071, 'codePostal': '97232', 'commune': '97213'}",D1501,Animateur / Animatrice des ventes,Animateur / Animatrice de vente,"{'nom': 'PRODIF-SODIGROS', 'entrepriseAdaptee': False}",CDD,CDD - 12 Mois,Contrat travail,E,6 Mois,"[{'code': '100381', 'libelle': 'Argumentation commerciale', 'exigence': 'S'}, {'code': '100340', 'libelle': 'Techniques de vente et de promotion', 'exigence': 'S'}, {'code': '300374', 'libelle': 'Présenter et valoriser un produit ou un service', 'exigence': 'S'}]",{'libelle': 'Horaire de 11.88 Euros sur 0.0 mois'},temps partiel - 8H Travail en journée,Temps partiel,False,{},{},1,False,,,5,Employé non qualifié,46.49Z,46,Commerce de gros (commerce interentreprises) d'autres biens domestiques,,"{'origine': '1', 'urlOrigine': 'https://candidat.francetravail.fr/offres/recherche/detail/192FJKV'}",False,{'horaires': ['temps partiel - 8H Travail en journée']},,"[{'libelle': 'B - Véhicule léger', 'exigence': 'S'}]",
192FJKT,Dessinateur électrotechnicien (H/F),"Notre client leader international dans le domaine des moteurs marins, basé à La Teste-de-Buch sur le Bassin d'Arcachon, recherche son Electrical Designer H/F pour rejoindre son BE. Forte d'une expertise centenaire, l'entreprise se distingue par son esprit avant-gardiste et son engagement envers le développement durable. Rejoignez une équipe innovante et passionnée, dédiée à offrir des solutions performantes et durables pour une navigation sereine et confortable
 

Vous participerez à la réalisation de faisceaux électriques 2D/3D et des nomenclatures associées, ainsi qu'à l'élaboration d'études de faisabilité et à la définition des composants des faisceaux électriques. 
 
Vos responsabilités : 
-Dessins de faisceaux électriques 2D/3D et nomenclatures associées. 
-Relecture active de la documentation d'entrée (spécifications et schémas électriques). 
-Définition des différents composants des faisceaux électriques (connecteurs, boîtiers, appareillage électrique, type de câble, etc.). 
-Connaissance des normes électriques et de sécurité. 
-Interface avec les fabricants de faisceaux, suivi de la réalisation et de la réception des faisceaux. 
-Montage proto/série, mécanique et faisceaux électriques. 
 

Poste en BE, avec du travail terrain de montage et de câblage 
 

Votre profil : 
 
 Compétences requises : 
-Rigueur, travail en équipe, adaptabilité, pro-activité, motivation. 
-Maîtrise idéalement des logiciels : Nanocad, Creo Parametric (dont le module câblage pour designer les faisceaux), 
-Maitrise de la Suite Office, AUTOCAD 
Pourquoi rejoindre notre client ? 
-Un environnement de travail dynamique 
-Un savoir-faire reconnu dans le domaine industriel 
-Une équipe passionnée et engagée 
",2025-05-09T20:07:56.270Z,2025-05-09T20:07:56.499Z,"{'libelle': '33 - Teste-de-Buch', 'latitude': 44.616272, 'longitude': -1.157052, 'codePostal': '33115', 'commune': '33529'}",H1202,Dessinateur / Dessinatrice en électricité-électronique,Dessinateur / Dessinatrice en électricité-électronique,"{'nom': 'MANPOWER FRANCE', 'description': 'Faites confiance à Manpower, votre partenaire emploi :\n- Des opportunités nombreuses et diversifiées\n- Une expertise RH et des conseils emploi\n- Une employabilité durable avec le programme MyPath® \n- Des démarches facilitées \n- Des avantages et des services', 'entrepriseAdaptee': False}",CDI,CDI,Contrat travail,E,2 An(s),,"{'commentaire': 'Autres', 'complement1': 'Autre'}",35H Travail en journée,Temps plein,False,"{'nom': 'MANPOWER FRANCE - Mme Christelle HESLOUIS', 'coordonnees1': 'https://www.manpower.fr/offers/details/1101239112?partenaire=FRANCE_TRAVAIL', 'urlPostulation': 'https://www.manpower.fr/offers/details/1101239112?partenaire=FRANCE_TRAVAIL'}",{},1,False,,,2,Ouvrier spécialisé,78.20Z,78,Activités des agences de travail temporaire,,"{'origine': '1', 'urlOrigine': 'https://candidat.francetravail.fr/offres/recherche/detail/192FJKT'}",False,{'horaires': ['35H Travail en journée']},,,
192FJKR,Magasinier (H/F),"Manpower LA TOUR DU PIN recherche pour son client, un acteur du secteur des Industries manufacturières et production, un Magasinier CACES 3 à Ste Blandine (38110) (H/F)
 
-Réceptionner, stocker et expédier les marchandises avec rigueur. 
-Manipuler les produits à l'aide du chariot élévateur (CACES 3 requis). 
-Gérer les inventaires et optimiser le rangement des stocks. 
-Préparer les commandes en respectant les délais et les procédures. 
-Veiller à la sécurité des produits et à la bonne organisation de l'espace de stockage 
 
 
-Titulaire du CACES 3, avec maîtrise de la conduite du chariot élévateur. 
-Expérience en logistique ou gestion de stock appréciée. 
-Rigueur, organisation et autonomie dans le travail. 
-Esprit d'équipe et adaptabilité dans un environnement dynamique 
 
Rejoindre MANPOWER c'est également pleins d'avantages : CET à 8%, comité d'entreprise (chèques vacances, culture, bon rentrée scolaire... ) 
 
Nous avons hâte de faire votre rencontre par téléphone ou en agence ! 
 
Votre équipe MANPOWER la Tour du Pin.",2025-05-09T20:07:49.153Z,2025-05-09T20:07:49.385Z,"{'libelle': '38 - Sainte-Blandine', 'latitude': 45.544962, 'longitude': 5.435499, 'codePostal': '38110', 'commune': '38369'}",N1110,Magasinier / Magasinière,Magasinier / Magasinière,"{'nom': 'MANPOWER', 'description': 'Faites confiance à Manpower, votre partenaire emploi :\n- Des opportunités nombreuses et diversifiées\n- Une expertise RH et des conseils emploi\n- Une employabilité durable avec le programme MyPath® \n- Des démarches facilitées \n- Des avantages et des services', 'entrepriseAdaptee': False}",MIS,Intérim - 18 Mois,Contrat travail,D,Débutant accepté,,"{'commentaire': 'Autres', 'complement1': 'Autre'}",35H Travail en journée,Temps plein,False,"{'nom': 'MANPOWER - Mme Laurence Brochenin', 'coordonnees1': 'https://www.manpower.fr/offers/details/1101239109?partenaire=FRANCE_TRAVAIL', 'urlPostulation': 'https://www.manpower.fr/offers/details/1101239109?partenaire=FRANCE_TRAVAIL'}",{},1,False,,,2,Ouvrier spécialisé,78.20Z,78,Activités des agences de travail temporaire,,"{'origine': '1', 'urlOrigine': 'https://candidat.francetravail.fr/offres/recherche/detail/192FJKR'}",False,{'horaires': ['35H Travail en journée']},,,
192FJKN,Electricien (H/F),"

Manpower LYON BATIMENT SECOND OEUVRE recherche pour son client, un acteur du secteur du BTP, un Electricien instrumentiste (H/F) 
 

Electricité 
 
- Effectuer des interventions de dépannage en Electricité BT (Basse Tension). 
- Effectuer les opérations de consignations/ déconsignation quotidienne pour permettre les interventions de maintenance générale. 
- Assurer la maintenance préventive et le contrôle périodique des appareils dont il a la charge (Test et remplacement des batteries, Thermographie des départs électriques, .). 
 
Instrumentation 
 
- Effectuer des interventions de dépannage sur les postes instrumentaux. 
- Effectuer des opérations de consignations/déconsignation des sécurités instrumentales 
- Contrôler périodiquement l'état des locaux techniques. 
- Assurer les contrôles spécifiques demandés par le fabricant. 
 
Autres missions 
 
- Effectuer les interventions de dépannage de 1er niveau sur l'infrastructure de réseau 4G privé. 
- Maintenir à niveau les documents techniques, fiches de postes, les historiques et bases de données techniques. 
- Accompagner les contrôleurs en charge de veiller à la conformité réglementaire des installations. 
- Réaliser les différentes tâches de fond relatives aux métiers cités ci-dessus. 
 

 -BAC 2 en BTS CIRA 
- Le rythme posté vous attire et vous faites preuve d'autonomie, de rigueur et d'un bon relationnel. 
- Accepter les grands déplacements sur la France entière. 
 
Si vous êtes intéressé, merci de joindre votre CV",2025-05-09T20:07:41.985Z,2025-05-09T20:07:42.223Z,"{'libelle': '69 - Vénissieux', 'latitude': 45.707095, 'longitude': 4.881379, 'codePostal': '69200', 'commune': '69259'}",H2602,Câbleur / Câbleuse d'armoires,Électricien / Électricienne d'équipements industriels,"{'nom': 'MANPOWER FRANCE', 'description': 'Faites confiance à Manpower, votre partenaire emploi :\n- Des opportunités nombreuses et diversifiées\n- Une expertise RH et des conseils emploi\n- Une employabilité durable avec le programme MyPath® \n- Des démarches facilitées \n- Des avantages et des services', 'entrepriseAdaptee': False}",MIS,Intérim - 3 Mois,Contrat travail,E,4 An(s),,{'libelle': 'Horaire de 14.0 Euros à 15.0 Euros sur 12.0 mois'},35H Travail en journée,Temps plein,False,"{'nom': 'MANPOWER FRANCE - Mme Valérie Dufossez', 'coordonnees1': 'https://www.manpower.fr/offers/details/1101239104?partenaire=FRANCE_TRAVAIL', 'urlPostulation': 'https://www.manpower.fr/offers/details/1101239104?partenaire=FRANCE_TRAVAIL'}",{},3,False,,,2,Ouvrier spécialisé,78.20Z,78,Activités des agences de travail temporaire,,"{'origine': '1', 'urlOrigine': 'https://candidat.francetravail.fr/offres/recherche/detail/192FJKN'}",False,{'horaires': ['35H Travail en journée']},,,
192FJKM,Peintre industriel au pistolet (H/F),"Notre client, leader dans la fabrication et la maintenance de moteurs marins, implanté à La Teste-de-Buch (33260) est reconnu pour son expertise et son engagement envers la qualité et l'innovation. 
Nous recrutons un(e) Peintre Industriel spécialisé(e) dans l'application de peinture en cabine et au pistolet. 
Poste en cdi 
 

Vos missions : 
-Préparer les surfaces avant application (dégraissage, ponçage, masquage) 
-Appliquer la peinture au pistolet en cabine selon les normes qualité 
-Assurer les finitions et retouches nécessaires 
- Respecter les consignes de sécurité et les procédures internes 
 

Poste en journée du lundi au vendredi 
Lundi au jeudi 8H 17H30 Vendredi 8H30 12H15 13H45 16H30 
 

 Votre profil : 
-Expérience en peinture industrielle ou carrosserie appréciée 
-Maîtrise de l'application au pistolet 
-Rigueur, précision et souci du détail 
- Esprit d'équipe et autonomie 
 
Pourquoi rejoindre notre client ? 
-Un environnement de travail dynamique 
-Un savoir-faire reconnu dans le domaine industriel 
- Une équipe passionnée et engagée 
 

 
Vous êtes intéressé(e) ? Postulez dès maintenant !",2025-05-09T20:07:39.360Z,2025-05-09T20:07:39.631Z,"{'libelle': '33 - Teste-de-Buch', 'latitude': 44.616272, 'longitude': -1.157052, 'codePostal': '33115', 'commune': '33529'}",H3404,Peintre industriel / Peintre industrielle,Peintre industriel / Peintre industrielle au pistolet,"{'nom': 'MANPOWER FRANCE', 'description': 'Faites confiance à Manpower, votre partenaire emploi :\n- Des opportunités nombreuses et diversifiées\n- Une expertise RH et des conseils emploi\n- Une employabilité durable avec le programme MyPath® \n- Des démarches facilitées \n- Des avantages et des services', 'entrepriseAdaptee': False}",CDI,CDI,Contrat travail,D,Débutant accepté,,"{'commentaire': 'Autres', 'complement1': 'Autre'}",35H Travail en journée,Temps plein,False,"{'nom': 'MANPOWER FRANCE - Mme Christelle HESLOUIS', 'coordonnees1': 'https://www.manpower.fr/offers/details/1101239097?partenaire=FRANCE_TRAVAIL', 'urlPostulation': 'https://www.manpower.fr/offers/details/1101239097?partenaire=FRANCE_TRAVAIL'}",{},1,False,,,2,Ouvrier spécialisé,78.20Z,78,Activités des agences de travail temporaire,,"{'origine': '1', 'urlOrigine': 'https://candidat.francetravail.fr/offres/recherche/detail/192FJKM'}",False,{'horaires': ['35H Travail en journée']},,,
192FJKK,Technicien de maintenance chauffage et climatisation (H/F),"Manpower ST GEORGES DES COTEAUX BTP recherche pour son client, un Technicien de maintenance CVC (H/F). Notre client est spécialisé dans l'installation d'équipements thermiques et de climatisation. 
L'entreprise se distingue par son engagement envers la qualité et l'innovation dans le domaine des solutions de chauffage, ventilation et climatisation. Elle est reconnue pour son expertise technique et son approche orientée client.
 
-Installer et mettre en service les systèmes de chauffage, de ventilation et de climatisation. 
-Réaliser des petits travaux de maintenance pour assurer le bon fonctionnement des installations. 
-Diagnostiquer les pannes et apporter des solutions efficaces. 
-Garantir la sécurité des interventions en respectant les règles de sécurité. 
-Posséder de bonnes notions en électricité pour compléter les compétences techniques requises. 
Votre rémunération et vos avantages : 
-Votre taux horaire sera compris entre 11,88 et 14,14 euros selon votre niveau / expérience 
- 10% de congés payés  10% d'Indemnités de Fin de Mission (IFM) 
-Vous pouvez placer en toute sécurité vos IFM sur un compte épargne rémunéré à un taux exceptionnel de 8% 
-Vous bénéficiez des paniers repas et des indemnités kilométriques selon la grille de rémunération de l'entreprise et les conditions d'attribution 
 
Diplôme en génie climatique, réfrigération, ou domaine connexe. 
Expérience en tant que Technicien chauffagiste, compétences en installation et maintenance de systèmes CVC, sens des responsabilités et autonomie. 
 
-Congés payés et RTT 
-Mutuelle d'entreprise et prévoyance santé 
-CET à 8 % 
-CSE, CSEC 
-FASTT (garde d'enfant, aide au logement, location de véhicule.) 
 Si votre candidature a retenu notre attention pour ce poste, voici les étapes du processus de recrutement : 
-Un échange téléphonique préalable 
-Un entretien avec l'un de nos Agents de Talents 
-Si nécessaire, des évaluations ciblées types (technique, personnalité, .) 
-Un entretien avec le client 
",2025-05-09T20:07:34.280Z,2025-05-09T20:07:34.551Z,"{'libelle': '17 - Saintes', 'latitude': 45.748804, 'longitude': -0.647217, 'codePostal': '17100', 'commune': '17415'}",I1308,Technicien / Technicienne chauffagiste,Technicien / Technicienne de maintenance en chauffage,"{'nom': 'MANPOWER FRANCE', 'description': 'Faites confiance à Manpower, votre partenaire emploi :\n- Des opportunités nombreuses et diversifiées\n- Une expertise RH et des conseils emploi\n- Une employabilité durable avec le programme MyPath® \n- Des démarches facilitées \n- Des avantages et des services', 'entrepriseAdaptee': False}",MIS,Intérim - 2 Mois,Contrat travail,E,4 An(s),,{'libelle': 'Horaire de 12.0 Euros à 14.0 Euros sur 12.0 mois'},35H Travail en journée,Temps plein,False,"{'nom': 'MANPOWER FRANCE - Mme Sylvie  Benard', 'coordonnees1': 'https://www.manpower.fr/offers/details/1101239095?partenaire=FRANCE_TRAVAIL', 'urlPostulation': 'https://www.manpower.fr/offers/details/1101239095?partenaire=FRANCE_TRAVAIL'}",{},1,False,,,2,Ouvrier spécialisé,78.20Z,78,Activités des agences de travail temporaire,,"{'origine': '1', 'urlOrigine': 'https://candidat.francetravail.fr/offres/recherche/detail/192FJKK'}",False,{'horaires': ['35H Travail en journée']},,,
192FJKJ,Ouvrier agroalimentaire (H/F),"Manpower ANGLET propose pour son client, un acteur du secteur de la transformation et conservation de la viande de boucherie, un poste d'Ouvrier IAA viandes H/F. Ce poste est basé à Anglet (64600). 
L'entreprise compte 20 employés et se spécialise dans la transformation des viandes, assurant un produit de qualité tout en respectant les normes strictes de sécurité alimentaire. 
Il s'agit d'une mission d'intérim débutant le plus rapidement possible, possible jusqu'à la fin de la saison.
 

Au sein de l'équipe de production, vous serez amené à : 
-Effectuer la mise en barquettes des produits élaborés. 
-Assurer diverses manutentions liées à la production. 
-Respecter scrupuleusement les consignes de sécurité. 
-Porter les Équipements de Protection Individuelle (EPI) obligatoires. 
-Maintenir la propreté et l'ordre sur le lieu de travail. 
-Participer à l'optimisation des processus de production. 
-Contrôler la qualité des produits en cours de fabrication. 
-Rapporter toute anomalie au superviseur immédiat. 
 
 

Expérience en agroalimentaire souhaitée, rigueur et respect des normes de sécurité. 
Vos avantages : 
-Rémunération de 11.88 euro brut de l'heure 
-Mode de travail collaboratif, basé sur l'autonomie et la responsabilité 
-Opportunités de parcours professionnels adaptés à votre profil 
-Congés payés et RTT 
-Mutuelle d'entreprise et prévoyance santé 
-CET à 8 % 
-CSE, CSEC 
-FASTT (garde d'enfant, aide au logement, location de véhicule.) 
 
Processus de recrutement : 
-Un échange téléphonique préalable 
-Un entretien avec l'un de nos Agents de Talents 
 

Nous assurons le pilotage de votre mission pour un parcours réussi : Formation, sensibilisation Sécurité, gestion administrative, .",2025-05-09T20:07:31.548Z,2025-05-09T20:07:31.789Z,"{'libelle': '64 - Anglet', 'latitude': 43.488004, 'longitude': -1.518997, 'codePostal': '64600', 'commune': '64024'}",H2102,Conducteur / Conductrice de ligne en industrie alimentaire,Ouvrier(ère) de fabrication des industries alimentaires,"{'nom': 'MANPOWER FRANCE', 'description': 'Faites confiance à Manpower, votre partenaire emploi :\n- Des opportunités nombreuses et diversifiées\n- Une expertise RH et des conseils emploi\n- Une employabilité durable avec le programme MyPath® \n- Des démarches facilitées \n- Des avantages et des services', 'entrepriseAdaptee': False}",MIS,Intérim - 7 Jour(s),Contrat travail,D,Débutant accepté,,{'libelle': 'Horaire de 11.88 Euros sur 12.0 mois'},35H Travail en journée,Temps plein,False,"{'nom': 'MANPOWER FRANCE - M. lionel sallaberry', 'coordonnees1': 'https://www.manpower.fr/offers/details/1101239094?partenaire=FRANCE_TRAVAIL', 'urlPostulation': 'https://www.manpower.fr/offers/details/1101239094?partenaire=FRANCE_TRAVAIL'}",{},1,False,,,2,Ouvrier spécialisé,78.20Z,78,Activités des agences de travail temporaire,,"{'origine': '1', 'urlOrigine': 'https://candidat.francetravail.fr/offres/recherche/detail/192FJKJ'}",False,{'horaires': ['35H Travail en journée']},,,
192FJKH,Monteur (H/F),"

Manpower LYON BATIMENT SECOND OEUVRE recherche pour son client, un acteur du secteur du BTP, un Monteur éclairage public (H/F) 
 

Au sein des activités Eclairage Public, et sous la responsabilité du Responsable de chantier, vous intervenez sur le réseau de distribution électrique tant en travaux neufs qu'en maintenance. 
 
Vous intervenez essentiellement en extérieur sur les missions suivantes : 
- Création, extension / renforcement de lignes électriques existantes ou nouvelles, aériennes ou souterraines 
- Maintenance et dépannage de lignes de distribution publique 
- Création ou maintenance d'éclairages publics 
- Travaux de raccordement sur coffrets et postes de transformation 
- Travaux en hauteur et travaux sous tension en BT 
- Possible conduite d'engins de chantier type Nacelle 
 

Vous êtes titulaire d'un CAP/BEP Electricité ou Electrotechnique 
Vous justifiez d'une expérience confirmée dans l'Eclairage Public et vous possédez de solides connaissances des domaines et équipes EP/SLT 
Qualités recherchées : Autonomie, Polyvalence, rigueur, esprit d'équipe",2025-05-09T20:07:29.035Z,2025-05-09T20:07:29.254Z,"{'libelle': '69 - Vénissieux', 'latitude': 45.707095, 'longitude': 4.881379, 'codePostal': '69200', 'commune': '69259'}",H2901,Ajusteur-monteur / Ajusteuse-monteuse,Ajusteur-monteur / Ajusteuse-monteuse de fabrication,"{'nom': 'MANPOWER FRANCE', 'description': 'Faites confiance à Manpower, votre partenaire emploi :\n- Des opportunités nombreuses et diversifiées\n- Une expertise RH et des conseils emploi\n- Une employabilité durable avec le programme MyPath® \n- Des démarches facilitées \n- Des avantages et des services', 'entrepriseAdaptee': False}",MIS,Intérim - 3 Mois,Contrat travail,E,3 An(s),,{'libelle': 'Horaire de 12.5 Euros à 13.0 Euros sur 12.0 mois'},35H Travail en journée,Temps plein,False,"{'nom': 'MANPOWER FRANCE - Mme Valérie Dufossez', 'coordonnees1': 'https://www.manpower.fr/offers/details/1101239093?partenaire=FRANCE_TRAVAIL', 'urlPostulation': 'https://www.manpower.fr/offers/details/1101239093?partenaire=FRANCE_TRAVAIL'}",{},3,False,,,2,Ouvrier spécialisé,78.20Z,78,Activités des agences de travail temporaire,,"{'origine': '1', 'urlOrigine': 'https://candidat.francetravail.fr/offres/recherche/detail/192FJKH'}",False,{'horaires': ['35H Travail en journée']},,,
192FJKG,Chargé d'affaires (H/F),"Et si vous vous lanciez dans un nouveau projet professionnel au sein d'une entreprise à taille humaine et en pleine croissance ? 
 
Située au nord de Rennes, tout proche de l'A84, notre client est spécialisé dans la robotique industrielle pour les solutions de fin de ligne de conditionnement, et plus particulièrement pour l'industrie agroalimentaire, pharmaceutique, cosmétique.
Vous évoluerez au sein d'une équipe de 4 collaborateurs encadrés par un responsable projet service client. Vos missions seront : 
 
Réceptionner les données clients, analyser, déterminer et chiffrer la solution correspondant au besoin du client dans le délai souhaité. 
 
Négocier, présenter et défendre la solution, soumise à validation du responsable hiérarchique, au client. 
Suivre les études mécaniques. 
 
Réaliser les lancements d'affaires et effectuer le suivi des approvisionnements en lien avec le service supply chain. 
 
S'assurer de la disponibilité des intervenants internes et/ou externes, assurer le suivi technique et organisationnel pour garantir le bon déroulé des interventions. 
 
S'assurer du bon règlement des échéances, suivre le bilan d'affaire et alerter le responsable projets en cas de dérives. 
 
Être l'interlocuteur principal des techniciens service clients pour les accompagner sur les projets. 
 
Vous êtes issu(e) d'une formation de type Bac2 à Bac5 en conception mécanique, vous disposez d'une expérience dans une fonction similaire, idéalement en industrie et communiquez en anglais. 
 
Nous recherchons une personne rigoureuse, dotée d'une bonne capacité d'organisation. Vous avez l'esprit d'équipe et êtes reconnu(e) pour votre relationnel. 
 
Pourquoi rejoindre cette entreprise ? 
 
Avantages : Forfait jours, salaire suivant profil avec minimum 2860 euros brut par mois  primes d'intéressement  primes annuelles d'objectif. 
 
Si vous êtes prêt(e) à relever ce défi et à contribuer activement au succès de cette entreprise, nous serions ravis de vous accueillir dans l'équipe ! 
 
A bientôt 
Sabrina Larguier 
",2025-05-09T20:07:26.752Z,2025-05-09T20:07:27.010Z,"{'libelle': '35 - Saint-Aubin-du-Cormier', 'latitude': 48.243203, 'longitude': -1.399248, 'codePostal': '35140', 'commune': '35253'}",M1705,Responsable marketing,Chargé / Chargée d'affaires marketing,"{'nom': 'MANPOWER FRANCE', 'description': 'Faites confiance à Manpower, votre partenaire emploi :\n- Des opportunités nombreuses et diversifiées\n- Une expertise RH et des conseils emploi\n- Une employabilité durable avec le programme MyPath® \n- Des démarches facilitées \n- Des avantages et des services', 'entrepriseAdaptee': False}",CDI,CDI,Contrat travail,E,3 An(s),,{'libelle': 'Mensuel de 2860.0 Euros sur 12.0 mois'},35H Travail en journée,Temps plein,False,"{'nom': 'MANPOWER FRANCE - Mme BERNADETTE PINCEMIN', 'coordonnees1': 'https://www.manpower.fr/offers/details/1101239091?partenaire=FRANCE_TRAVAIL', 'urlPostulation': 'https://www.manpower.fr/offers/details/1101239091?partenaire=FRANCE_TRAVAIL'}",{},1,False,,,9,Cadre,78.20Z,78,Activités des agences de travail temporaire,,"{'origine': '1', 'urlOrigine': 'https://candidat.francetravail.fr/offres/recherche/detail/192FJKG'}",False,{'horaires': ['35H Travail en journée']},,,"[{'libelle': 'Anglais', 'exigence': 'S'}]"
192FJKD,Mécanicien (H/F),"

Manpower ROMANS SUR ISERE recherche pour son client, un acteur du secteur de l'automobile, un Mécanicien (H/F) 
 
Vous êtes passionné(e) par la mécanique automobile et avez de l'expérience en mécanique rapide ? 
Rejoignez notre équipe pour un poste situé à Saint-Paul-lès-Romans ! 
 

Vous aurez pour missions principales : 
-Remplacement et réparation des pneus (montage, équilibrage, etc.) 
-Entretien et réparation des systèmes de freinage. 
-Remplacement d'amortisseurs et autres éléments de suspension. 
-Réalisation de vidanges et maintenance rapide des véhicules. 
-Diagnostic de pannes et interventions techniques de base. 
-Respect des normes de sécurité et des procédures internes. 
 
 
-Vous avez une expérience en mécanique automobile, notamment en mécanique rapide. 
-Vous êtes rigoureux(se), autonome et savez travailler en équipe. 
-Vous avez une formation en mécanique (CAP, BEP ou équivalent) et une expérience confirmée. 
-Vous êtes à l'aise avec les outils de diagnostic et d'entretien courant des véhicules. 
 

Horaires en journée du lundi au vendredi. 
 
Si vous êtes à la recherche d'une opportunité dans un environnement dynamique et professionnel, n'attendez plus pour postuler ! Envoyer nous votre CV !",2025-05-09T20:07:22.054Z,2025-05-09T20:07:22.293Z,"{'libelle': '26 - Saint-Paul-lès-Romans', 'latitude': 45.052797, 'longitude': 5.127688, 'codePostal': '26750', 'commune': '26323'}",I1604,Mécanicien / Mécanicienne automobile,Mécanicien / Mécanicienne automobile,"{'nom': 'MANPOWER', 'description': 'Faites confiance à Manpower, votre partenaire emploi :\n- Des opportunités nombreuses et diversifiées\n- Une expertise RH et des conseils emploi\n- Une employabilité durable avec le programme MyPath® \n- Des démarches facilitées \n- Des avantages et des services', 'entrepriseAdaptee': False}",MIS,Intérim - 1 Mois,Contrat travail,D,Débutant accepté,,{'libelle': 'Horaire de 13.0 Euros sur 12.0 mois'},35H Travail en journée,Temps plein,False,"{'nom': 'MANPOWER - M. JEAN LOUIS ALLEMAND', 'coordonnees1': 'https://www.manpower.fr/offers/details/1101239088?partenaire=FRANCE_TRAVAIL', 'urlPostulation': 'https://www.manpower.fr/offers/details/1101239088?partenaire=FRANCE_TRAVAIL'}",{},1,False,,,2,Ouvrier spécialisé,78.20Z,78,Activités des agences de travail temporaire,,"{'origine': '1', 'urlOrigine': 'https://candidat.francetravail.fr/offres/recherche/detail/192FJKD'}",False,{'horaires': ['35H Travail en journée']},,,
192FJJZ,Standardiste accueil secrétariat (H/F),"Manpower NICE TERTIAIRE recherche pour son client, un acteur du secteur juridique et fiscal, un Standardiste accueil secrétariat (H/F) 
 
Mission de remplacement à démarrer dès le 2 juin pour 3 mois de mission renouvelable selon la durée de l'absence. 
 
Poste en 39h semaine du lundi au vendredi de 9h à 12h30 et de 14h à 18h. 
 
Basé à Cagnes sur Mer (accessible en transport en commun).
Vos missions seront les suivantes : 
-Gestion du standard à 10 lignes 
-Gestion accueil physique 
-Réception et dispatch du courrier 
-Traitement des mails 
 
Vous avez dans l'idéal une première expérience en tant que standardiste au sein d'une étude notariale. 
Vous avez déjà géré un standard avec plusieurs lignes. 
 
Rémunération : 2228 brut mensuel (soit 2057 pour 39h  13e mois) 
10% de CP 
10% d'IFM",2025-05-09T20:07:12.565Z,2025-05-09T20:07:12.820Z,"{'libelle': '06 - Cagnes-sur-Mer', 'latitude': 43.675413, 'longitude': 7.150354, 'codePostal': '06800', 'commune': '06027'}",M1614,Standardiste,Standardiste,"{'nom': 'MANPOWER FRANCE', 'description': 'Faites confiance à Manpower, votre partenaire emploi :\n- Des opportunités nombreuses et diversifiées\n- Une expertise RH et des conseils emploi\n- Une employabilité durable avec le programme MyPath® \n- Des démarches facilitées \n- Des avantages et des services', 'entrepriseAdaptee': False}",MIS,Intérim - 3 Mois,Contrat travail,D,Débutant accepté,,{'libelle': 'Mensuel de 1801.8 Euros à 2228.0 Euros sur 12.0 mois'},35H Travail en journée,Temps plein,False,"{'nom': 'MANPOWER FRANCE - Mme alicia soler', 'coordonnees1': 'https://www.manpower.fr/offers/details/1101239083?partenaire=FRANCE_TRAVAIL', 'urlPostulation': 'https://www.manpower.fr/offers/details/1101239083?partenaire=FRANCE_TRAVAIL'}",{},1,False,,,2,Ouvrier spécialisé,78.20Z,78,Activités des agences de travail temporaire,,"{'origine': '1', 'urlOrigine': 'https://candidat.francetravail.fr/offres/recherche/detail/192FJJZ'}",False,{'horaires': ['35H Travail en journée']},,,
192FJJW,Monteur (H/F),"

Manpower LYON BATIMENT SECOND OEUVRE recherche pour son client, un acteur du secteur du BTP, un Monteur sprinkler 69680 (H/F) 
 

Le monteur sprinkler aura pour mission d'effectuer des petits travaux dans les départements du Rhône, 42 et 38. 
 
Le candidat idéal sera en charge de l'installation, du dépannage et de la maintenance des systèmes de sprinklers dans divers environnements tels que les magasins, les sites chimiques et les centres commerciaux. 
 
Responsabilités : 
-Installation et maintenance des systèmes de sprinklers. 
-Dépannage selon les besoins et le planning. 
-Intervention sur différents types de sites (magasins, sites chimiques, centres commerciaux). 
-Travail en autonomie après une période de formation. 
 
 
-Utilisation d'un véhicule de service 
-Formation RC1. 
-Possession d'un CACES PEMP A et B.apprécié 
-Formation travail en hauteur. 
",2025-05-09T20:07:04.075Z,2025-05-09T20:07:04.302Z,"{'libelle': '69 - Chassieu', 'latitude': 45.73584, 'longitude': 4.958712, 'codePostal': '69680', 'commune': '69271'}",H2901,Ajusteur-monteur / Ajusteuse-monteuse,Ajusteur-monteur / Ajusteuse-monteuse de fabrication,"{'nom': 'MANPOWER FRANCE', 'description': 'Faites confiance à Manpower, votre partenaire emploi :\n- Des opportunités nombreuses et diversifiées\n- Une expertise RH et des conseils emploi\n- Une employabilité durable avec le programme MyPath® \n- Des démarches facilitées \n- Des avantages et des services', 'entrepriseAdaptee': False}",MIS,Intérim - 3 Mois,Contrat travail,E,5 An(s),,{'libelle': 'Horaire de 14.0 Euros sur 12.0 mois'},35H Travail en journée,Temps plein,False,"{'nom': 'MANPOWER FRANCE - Mme Valérie Dufossez', 'coordonnees1': 'https://www.manpower.fr/offers/details/1101239079?partenaire=FRANCE_TRAVAIL', 'urlPostulation': 'https://www.manpower.fr/offers/details/1101239079?partenaire=FRANCE_TRAVAIL'}",{},1,False,,,2,Ouvrier spécialisé,78.20Z,78,Activités des agences de travail temporaire,,"{'origine': '1', 'urlOrigine': 'https://candidat.francetravail.fr/offres/recherche/detail/192FJJW'}",False,{'horaires': ['35H Travail en journée']},,,
192FJJT,Superviseur de production (H/F),"Manpower MULHOUSE TERTIAIRE recherche pour son client, un acteur du secteur des Industries manufacturières et production, un planificateur de production (H/F) 
 
Salaire à partir de 39k à 44K, selon profil et expérience 
Mission de 6 mois, coupure d'activités à compter de mi-juillet jusqu'à la dernière semaine du mois d'août 
Formation de 2 semaines au début de la mission pour une bonne prise en charge de celle-ci 

Assurer l'approvisionnement en composants (matières premières & emballages) pour l'usine ainsi que la planification détaillée (horizon 1-2 semaines) et la conversion de ce plan en ordres de fabrication pour les ateliers. 
-Contrôle et validation du plan d'approvisionnement pour l'usine 
-Planification détaillée (horizon 1 à 2 semaines) validation de ce plan détaillé et conversion de celui-ci en ordres journaliers de fabrication 
-Contrôle de la disponibilité des emballages & matières premières afin de garantir que le plan issue d'IBP (Integrated Business Planning) est réalisable en fonction des temps d'approvisionnement indiqués par les fournisseurs. 
-Contrôle de la réalisation du plan en suivant quotidiennement les productions réalisées par rapport aux attentes du plan et en proposant des actions ciblées afin de déviations constatées court ou moyen terme (changements d'horaires, reséquençage des productions en fonction des priorités, modification des taux de production (incluant temps de nettoyage). 
-Contrôle des saisies de production et clôture des ordres de fabrication afin de garantir une traçabilité optimale des productions et une gestion des composants (picking & retour composants) correspondant à la réalité physique du flux de production. 
 
 
 
 
-Bac2 / 3 : BTS en industrialisation des produits mécaniques ou DUT en logistique, licence professionnelle en gestion de production industrielle ""génie industriel ou en gestion de la chaîne d'approvisionnement"". 
 
-Connaissances de base de la planification 
-Parfaite maîtrise des outils informatiques et en particulier de SAP 4/HANA & Excel 
-Aptitudes à analyser et résoudre les problèmes. 
-Aptitudes à travailler en équipe, à communiquer, exemplarité. 
-Esprit d'initiative et force de proposition. 
-Anglais courant 
",2025-05-09T20:06:59.071Z,2025-05-09T20:06:59.316Z,"{'libelle': '68 - Uffholtz', 'latitude': 47.818688, 'longitude': 7.184354, 'codePostal': '68700', 'commune': '68342'}",H2204,Contremaître / Contremaîtresse en menuiserie,Contremaître(sse) de fabrication en industrie du bois,"{'nom': 'MANPOWER MULHOUSE BTP-TERTIAIRE', 'description': 'Faites confiance à Manpower, votre partenaire emploi :\n- Des opportunités nombreuses et diversifiées\n- Une expertise RH et des conseils emploi\n- Une employabilité durable avec le programme MyPath® \n- Des démarches facilitées \n- Des avantages et des services', 'entrepriseAdaptee': False}",MIS,Intérim - 6 Mois,Contrat travail,E,2 An(s),,{'libelle': 'Annuel de 39000.0 Euros à 44000.0 Euros sur 12.0 mois'},35H Travail en journée,Temps plein,False,"{'nom': 'MANPOWER MULHOUSE BTP-TERTIAIRE - Mme Tertiaire et Cadres Agence Manpower Mulhouse', 'coordonnees1': 'https://www.manpower.fr/offers/details/1101239075?partenaire=FRANCE_TRAVAIL', 'urlPostulation': 'https://www.manpower.fr/offers/details/1101239075?partenaire=FRANCE_TRAVAIL'}",{},1,False,,,2,Ouvrier spécialisé,78.20Z,78,Activités des agences de travail temporaire,,"{'origine': '1', 'urlOrigine': 'https://candidat.francetravail.fr/offres/recherche/detail/192FJJT'}",False,{'horaires': ['35H Travail en journée']},,,"[{'libelle': 'Anglais', 'exigence': 'S'}]"
192FJJR,Responsable Commercial(e) Transit (H/F),"Notre client, société de transit appartenant à un groupe présent en France comme à l'international, recherche un/une Responsable Commercial(e) pour consolider son équipe au sein de l'agence de Rémire-Montjoly en Guyane Française.

En collaboration avec la Direction, vous serez responsable de concevoir et déployer la stratégie commerciale de la société, de développer le portefeuille clients et de piloter les activités du service commercial tout en assurant la satisfaction des clients existants. 
 
 Missions principales :

- Élaborer et mettre en œuvre la stratégie commerciale de la société.
- Identifier et prospecter de nouveaux clients.
- Identifier et répondre aux appels d'offre.
- Fidéliser et développer les comptes clients existants.
- Négocier les contrats et assurer un suivi des prestations.
- Coordonner l'équipe en interne pour garantir la qualité du service.
- Analyser les besoins des clients et proposer des solutions adaptées.
- Mettre en place de nouveaux partenariats.
- Assurer un reporting régulier à la direction et suivre les indicateurs de performance.

Profil recherché :

- Expérience significative en tant que Commercial(e), idéalement dans le secteur du transit, de la logistique ou du transport.
- Forte capacité à nouer des relations commerciales et à négocier.
- Autonomie, dynamisme et sens du service client.
- Excellentes compétences en communication orale et écrite.
- La connaissance du marché guyanais et de ses spécificités serait un plus.

Pour postuler, merci d'envoyer votre candidature avec la référence RC25",2025-05-09T20:06:56.591Z,2025-05-09T20:06:56.972Z,"{'libelle': '973 - Remire-Montjoly', 'latitude': 4.892384, 'longitude': -52.278153, 'codePostal': '97354', 'commune': '97309'}",M1707,Responsable Commercial / Commerciale,Responsable Commercial / Commerciale,"{'nom': 'KALEI RH', 'entrepriseAdaptee': False}",CDI,CDI,Contrat travail,E,3 An(s),"[{'code': '115028', 'libelle': ""Données d'activité de la structure, du service"", 'exigence': 'S'}, {'code': '300067', 'libelle': 'Analyser, exploiter, structurer des données', 'exigence': 'S'}, {'code': '121364', 'libelle': ""Déterminer le potentiel d'un client ou prospect"", 'exigence': 'S'}, {'code': '300384', 'libelle': 'Élaborer une stratégie commerciale', 'exigence': 'S'}, {'code': '122534', 'libelle': 'Mettre en oeuvre une stratégie commerciale', 'exigence': 'S'}]","{'libelle': 'Mensuel de 3500.0 Euros à 4000.0 Euros sur 13.0 mois', 'complement1': 'Primes', 'complement2': 'Véhicule'}",35H Travail en journée,Temps plein,False,"{'nom': 'KALEI RH - Mme Marie DESPLANQUES', 'coordonnees1': 'Pour postuler, utiliser le lien suivant : https://candidat.francetravail.fr/offres/recherche/detail/192FJJR', 'courriel': 'Pour postuler, utiliser le lien suivant : https://candidat.francetravail.fr/offres/recherche/detail/192FJJR'}",{},1,False,3,Fréquents Zone départementale,9,Cadre,70.22Z,70,Conseil pour les affaires et autres conseils de gestion,"[{'libelle': 'Organiser son travail selon les priorités et les objectifs', 'description': 'Capacité à planifier, prioriser, anticiper des actions, en tenant compte des moyens, des ressources, des objectifs et du calendrier pour les réaliser.'}, {'libelle': 'Prendre des initiatives et être force de proposition', 'description': 'Capacité à initier, imaginer des propositions nouvelles pour résoudre les problèmes identifiés ou améliorer une situation. Être proactif.'}, {'libelle': 'Faire preuve de leadership', 'description': ""Capacité à mobiliser une équipe/des interlocuteurs et à les entraîner dans la poursuite d'un objectif partagé.""}]","{'origine': '1', 'urlOrigine': 'https://candidat.francetravail.fr/offres/recherche/detail/192FJJR'}",False,{'horaires': ['35H Travail en journée']},,"[{'libelle': 'B - Véhicule léger', 'exigence': 'S'}]",
192FJJP,Chef de chantier (H/F),"

Reconnu expert dans les domaines suivants : Génie Electrique, Génie Climatique, Plomberie et Energies Renouvelables, notre client intervient sur des chantiers locaux et nationaux de moyenne et grande envergure. 
 
Nous recherchons pour l'agence La Rochelle implantée depuis 30 ans en Charente maritime et forte de 44 salaries : 1 Chef de Chantier en Electricité H/F pour intervenir sur des chantiers de Logements Collectifs. 
 

Vous aurez les responsabilités suivantes pour le chantier dont vous avez la charge : 
- Organisation travail des équipes chantiers, 
- Contrôle production, 
- Contrôle qualité, 
- Contrôle sécurité, 
- Planification appros et moyens humains sous l'autorité conducteur de travaux. 
 
Vous serez amené à manager une équipe chantier de 3 à 4 personnes. 
Vous pouvez également être en contact avec les clients pour des problèmes techniques ou de planification et ce sous l'autorité d'un conducteur de travaux. 
 
Type de chantier réalisé : 
- Logement collectif neuf ou rénovation EXPERIENCE IMPERATIVE  75 % de l'activité 
 
Poste basé à La Rochelle 
 
Zone de déplacement : Charente-Maritime 
Type de contrat : CDI - Temps plein 
Rémunération suivant expérience : 2800  BRUT / mois sur 12 mois pour 35h 
Avantages : Véhicule de service, téléphone, mutuelle/prévoyance, prime de congés payés qui équivaut à ½ mois de salaire (CAISSE DE CONGES DU BTP) 
Astreinte (avec prime) 
 

De formation technique (idéalement BAC ou BTS) associée à une expérience de 5 ans sur chantier, vous devrez maîtriser les compétences techniques courants forts et faibles permettant de réaliser des chantiers de logements collectifs à savoir : 
 
- Maîtrise des incorporations béton banches et planchers, 
- Maîtrise incorporations cloisons, 
- Maîtrise pose chemins de câbles, 
- Maîtrise câblage et raccordement, 
- Maîtrise raccordement armoire, 
- Maîtrise essais et mise en service courants forts, 
- Maîtrise installations courants faibles (détection incendie, contrôle d'accès, vidéo, pré câblage info, téléphone, appel malade, interphonie)",2025-05-09T20:06:53.959Z,2025-05-09T20:06:54.195Z,"{'libelle': '17 - Rochelle', 'latitude': 46.157816, 'longitude': -1.170382, 'codePostal': '17000', 'commune': '17300'}",F1202,Chef / Cheffe de chantier,Chef / Cheffe de chantier,"{'nom': 'MANPOWER', 'description': 'Faites confiance à Manpower, votre partenaire emploi :\n- Des opportunités nombreuses et diversifiées\n- Une expertise RH et des conseils emploi\n- Une employabilité durable avec le programme MyPath® \n- Des démarches facilitées \n- Des avantages et des services', 'entrepriseAdaptee': False}",CDI,CDI,Contrat travail,E,4 An(s),,{'libelle': 'Mensuel de 2800.0 Euros sur 12.0 mois'},35H Travail en journée,Temps plein,False,"{'nom': 'MANPOWER - Mme AUDREY FERRAND', 'coordonnees1': 'https://www.manpower.fr/offers/details/1101239072?partenaire=FRANCE_TRAVAIL', 'urlPostulation': 'https://www.manpower.fr/offers/details/1101239072?partenaire=FRANCE_TRAVAIL'}",{},1,False,,,2,Ouvrier spécialisé,78.20Z,78,Activités des agences de travail temporaire,,"{'origine': '1', 'urlOrigine': 'https://candidat.francetravail.fr/offres/recherche/detail/192FJJP'}",False,{'horaires': ['35H Travail en journée']},,,
192FJJN,Responsable bureau d'études (H/F),"Et si vous vous lanciez dans un nouveau projet professionnel au sein d'une entreprise à taille humaine et en pleine croissance ? 
 
Située au nord de Rennes, tout proche de l'A84, notre client est spécialisé dans la robotique industrielle pour les solutions de fin de ligne de conditionnement, et plus particulièrement pour l'industrie agroalimentaire, pharmaceutique, cosmétique.
Votre rôle consiste à organiser et animer notre bureau d'études mécaniques. Vos missions seront : 
 
Animer et encadrer une équipe de 10 personnes pluridisciplinaires de chargés d'affaires et de dessinateurs projeteurs. 
 
Favoriser un esprit de collaboration et être le soutien du développement des compétences des collaborateurs. 
 
Piloter des projets de conception de A à Z en garantissant leur conformité aux cahiers des charges. 
 
Optimiser les méthodes de travail pour améliorer la productivité et la qualité. 
 
Mettre en place une démarche d'amélioration continue en analysant les performances du bureau d'études et en identifiant les axes d'optimisation. 
 
Vous êtes issu(e) d'une formation mécanique, justifiez d'au minimum 5 ans dans un poste similaire en industrie et communiquez en anglais. 
 
Nous recherchons une personne rigoureuse, dotée d'une forte expertise technique et managériale. Vous savez animer des groupes multidisciplinaires grâce à votre leadership, vous avez le goût du challenge, tout ceci en conservant une vision portée résultats. 
 
Pourquoi rejoindre cette entreprise ? 
 
Avantages : Forfait jours, salaire suivant profil avec minimum 3780 euros brut par mois  primes d'intéressement. 
Si vous êtes prêt(e) à relever ce défi et à contribuer activement au succès de cette entreprise, nous serions ravis de vous accueillir dans l'équipe ! 
 
À bientôt, 
Sabrina Larguier",2025-05-09T20:06:51.452Z,2025-05-09T20:06:51.700Z,"{'libelle': '35 - Saint-Aubin-du-Cormier', 'latitude': 48.243203, 'longitude': -1.399248, 'codePostal': '35140', 'commune': '35253'}",H1206,Ingénieur / Ingénieure R&D en industrie,Responsable de bureau d'études en industrie,"{'nom': 'MANPOWER FRANCE', 'description': 'Faites confiance à Manpower, votre partenaire emploi :\n- Des opportunités nombreuses et diversifiées\n- Une expertise RH et des conseils emploi\n- Une employabilité durable avec le programme MyPath® \n- Des démarches facilitées \n- Des avantages et des services', 'entrepriseAdaptee': False}",CDI,CDI,Contrat travail,E,5 An(s),,{'libelle': 'Mensuel de 3780.0 Euros sur 12.0 mois'},35H Travail en journée,Temps plein,False,"{'nom': 'MANPOWER FRANCE - Mme BERNADETTE PINCEMIN', 'coordonnees1': 'https://www.manpower.fr/offers/details/1101239071?partenaire=FRANCE_TRAVAIL', 'urlPostulation': 'https://www.manpower.fr/offers/details/1101239071?partenaire=FRANCE_TRAVAIL'}",{},1,False,,,9,Cadre,78.20Z,78,Activités des agences de travail temporaire,,"{'origine': '1', 'urlOrigine': 'https://candidat.francetravail.fr/offres/recherche/detail/192FJJN'}",False,{'horaires': ['35H Travail en journée']},,,"[{'libelle': 'Anglais', 'exigence': 'S'}]"
192FJJL,Soudeur (H/F),"Spécialisé dans la transformation des métaux, Fournisseur référent pour les plus grands donneurs d'ordres dans différents domaines industriels, la société a une unité de production à Dagneux dans l'Ain (25 min de Lyon) recrute un monteur/braseur pour une mission à Dagneux (01120). 
 
Vous rejoindrez une structure à taille humaine.
 

En tant que braseur, vos missions principales: 
-prendre connaissance de l'OF 
-organiser son poste de travail, composants et matériels 
-réaliser les opérations de brasage 
-réaliser les contrôles d'étanchéité 
-contrôler, régler et utiliser le poste de brasage 
-savoir régler le chalumeau 
-comprendre et appliquer des instructions de montage 
-monter les pièces à assembler 
 

 
Vous réaliserez des brasures diamètres 80, vous avez une certification brasure et une expérience significative 
 
Vous travaillerez en journée le temps de la formation puis en horaires 2X8 du lundi au vendredi 
Salaire : 12/H  Tickets restaurants  prime équipe 8/J  ind transport 
 

Vous êtes issu d'une formation Frigoriste, Soudeur, Plombier ET vous avez une qualification de brasage, vous êtes notre candidat idéal. 
Une formation complémentaire pourra être apportée 
 
Rejoindre Manpower c'est aussi: 
- profitez d'un placement de vos IFM à 8% d'intérêt 
- profitez des avantages du CSE : bons d'achats, chèques vacances 
- un suivi de parcours dans le cadre du programme mypath",2025-05-09T20:06:46.479Z,2025-05-09T20:06:46.699Z,"{'libelle': '01 - Dagneux', 'latitude': 45.849024, 'longitude': 5.071242, 'codePostal': '01120', 'commune': '01142'}",H2913,Soudeur / Soudeuse,Soudeur / Soudeuse,"{'nom': 'MANPOWER', 'description': 'Faites confiance à Manpower, votre partenaire emploi :\n- Des opportunités nombreuses et diversifiées\n- Une expertise RH et des conseils emploi\n- Une employabilité durable avec le programme MyPath® \n- Des démarches facilitées \n- Des avantages et des services', 'entrepriseAdaptee': False}",MIS,Intérim - 18 Mois,Contrat travail,D,Débutant accepté,,{'libelle': 'Horaire de 12.0 Euros à 13.0 Euros sur 12.0 mois'},35H Travail en journée,Temps plein,False,"{'nom': 'MANPOWER - Mme Océane  HERNANDEZ', 'coordonnees1': 'https://www.manpower.fr/offers/details/1101239068?partenaire=FRANCE_TRAVAIL', 'urlPostulation': 'https://www.manpower.fr/offers/details/1101239068?partenaire=FRANCE_TRAVAIL'}",{},1,False,,,2,Ouvrier spécialisé,78.20Z,78,Activités des agences de travail temporaire,,"{'origine': '1', 'urlOrigine': 'https://candidat.francetravail.fr/offres/recherche/detail/192FJJL'}",False,{'horaires': ['35H Travail en journée']},,,
192FJJH,Technicien frigoriste (H/F),"

Manpower LYON BATIMENT SECOND OEUVRE recherche pour son client un Technicien frigoriste CDII (H/F) 
 

En tant que Technicien Frigoriste, vous serez en charge de réaliser : 
-La maintenance 
-L'entretien 
-Le dépannage 
-Les mises en services 
 

Des chaudières à gaz, pompiers à chaleur et climatisation auprès d'une clientèle de particuliers. 
 
Un véhicule de service est fourni ainsi qu'un téléphone portable. 
Vous vous déplacez en toute autonomie au domicile de notre clientèle. 
 

Formation BEP, BAC ou BTS en électronique ou électrotechnique ou Froid et climatisation. 
Titulaire de l'habilitation des fluides frigorigènes 
Autonome, vous êtes à l'aise avec les techniques de dépannage 
Votre expertise technique et votre sens du service client vous permettent de mener des échanges de qualité avec vos interlocuteurs. 
 
Horaires : 39 heures par semaine (1 astreinte le samedi toutes les 12 semaines) 
Salaire : A négocier selon profil 
Utilisation de véhicule de service 
Attestation à la manipulation des fluides obligatoire. 
 Gestion de l'annonce",2025-05-09T20:06:39.154Z,2025-05-09T20:06:39.418Z,"{'libelle': '69 - Lyon 2e Arrondissement', 'latitude': 45.750351, 'longitude': 4.826148, 'codePostal': '69002', 'commune': '69382'}",I1306,Frigoriste,Frigoriste,"{'nom': 'MANPOWER FRANCE', 'description': 'Faites confiance à Manpower, votre partenaire emploi :\n- Des opportunités nombreuses et diversifiées\n- Une expertise RH et des conseils emploi\n- Une employabilité durable avec le programme MyPath® \n- Des démarches facilitées \n- Des avantages et des services', 'entrepriseAdaptee': False}",DIN,CDI Intérimaire,Contrat travail,E,6 An(s),,{'libelle': 'Horaire de 14.0 Euros sur 12.0 mois'},35H Travail en journée,Temps plein,False,"{'nom': 'MANPOWER FRANCE - Mme Valérie Dufossez', 'coordonnees1': 'https://www.manpower.fr/offers/details/1101239065?partenaire=FRANCE_TRAVAIL', 'urlPostulation': 'https://www.manpower.fr/offers/details/1101239065?partenaire=FRANCE_TRAVAIL'}",{},1,False,,,2,Ouvrier spécialisé,78.20Z,78,Activités des agences de travail temporaire,,"{'origine': '1', 'urlOrigine': 'https://candidat.francetravail.fr/offres/recherche/detail/192FJJH'}",False,{'horaires': ['35H Travail en journée']},,,
192FJJD,Technicien de maintenance (H/F),"Psstt ! On a une nouvelle opportunité pour vous ! 
 
Votre agence Manpower Dagneux recherche un Technicien de Maintenance sur chariots élévateurs couramment utilisés dans les entrepôts logistique. Notre client est spécialisée dans la fabrication, la vente et la maintenance d'équipements de manutention. 
 
L'entreprise est basée à Dagneux, dans l'Ain, soit à 20 min de Lyon et propose une large gamme de chariots élévateurs, de transpalettes, de gerbeurs et d'autres équipements de manutention.
 
-Identifier et réparer les éléments défectueux 
-contrôle et préparation des pièces 
-gestion du planning de réparation 
-gestion administrative des certificats de conformité 
 Vous travaillerez dans l'atelier en journée du lundi au vendredi 7H30/15H30. 
Taux horaire à partir de 11,88/h  13e mois  Tickets restaurants  Prime production  indemnité salissure 
 
Titulaire d'une formation en maintenance industrielle, électrotechnique, vous avez une première expérience en lecture de plan technique ou maintenance 1er niveau. 
 
Par ailleurs, si vous avez une formation de mécanicien, ça marche aussi ! 
 
Pas d'inquiétude ! Vous serez accompagné et formé à la spécificité de la maintenance sur chariot. 
 
Envie d'un nouveau challenge, d'une expérience différente ? Venez découvrir cette entreprise où esprit d'équipe et transmission des savoirs faires sont les maîtres-mots.",2025-05-09T20:06:31.663Z,2025-05-09T20:06:31.908Z,"{'libelle': '01 - Dagneux', 'latitude': 45.849024, 'longitude': 5.071242, 'codePostal': '01120', 'commune': '01142'}",I1203,Agent / Agente d'entretien du bâtiment,Technicien polyvalent / Technicienne polyvalente du bâtiment,"{'nom': 'MANPOWER', 'description': 'Faites confiance à Manpower, votre partenaire emploi :\n- Des opportunités nombreuses et diversifiées\n- Une expertise RH et des conseils emploi\n- Une employabilité durable avec le programme MyPath® \n- Des démarches facilitées \n- Des avantages et des services', 'entrepriseAdaptee': False}",MIS,Intérim - 18 Mois,Contrat travail,D,Débutant accepté,,{'libelle': 'Horaire de 11.88 Euros sur 12.0 mois'},35H Travail en journée,Temps plein,False,"{'nom': 'MANPOWER - Mme Océane  HERNANDEZ', 'coordonnees1': 'https://www.manpower.fr/offers/details/1101239060?partenaire=FRANCE_TRAVAIL', 'urlPostulation': 'https://www.manpower.fr/offers/details/1101239060?partenaire=FRANCE_TRAVAIL'}",{},1,False,,,2,Ouvrier spécialisé,78.20Z,78,Activités des agences de travail temporaire,,"{'origine': '1', 'urlOrigine': 'https://candidat.francetravail.fr/offres/recherche/detail/192FJJD'}",False,{'horaires': ['35H Travail en journée']},,,
192FJJC,Technicien de maintenance (H/F),"Rejoignez une entreprise avec plus de 100 ans de savoir-faire dans la sélection des meilleurs blés français et la production de farines et mélanges meuniers de qualité. 
Manpower CABINET RECRUTEMENT BORDEAUX recherche pour son client, un Technicien de maintenance (H/F)
 

Intégré(e) au sein du service Maintenance, vous serez rattaché(e) au Responsable Maintenance et aurez pour principale mission d'assurer le bon fonctionnement des machines du site. 
Missions : 
-Réaliser des interventions de maintenance préventive. 
-Analyser les pannes et dysfonctionnements des équipements. 
-Préparer les interventions en respectant les normes de sécurité et d'hygiène. 
-Diagnostiquer et réparer les pannes, remettre en état de marche les équipements. 
-Effectuer des travaux simples sur les infrastructures. 
-Réaliser et transmettre les rapports d'intervention. 
-Identifier et proposer des améliorations. 
 
 

Profil recherché : 
-Formation technique avec 2 ans d'expérience minimum. 
-Compétences en mécanique, électricité industrielle, petite chaudronnerie. 
-Capacité d'analyse, fiabilité, ponctualité, esprit d'équipe. 
 Avantages : 
-Prime panier. 
-Rémunération sur 13 mois. 
-Prime habillage. 
-Prime vacances (450 par an). 
-Avantages liés au CSE. 
",2025-05-09T20:06:29.363Z,2025-05-09T20:06:29.618Z,"{'libelle': '33 - Bordeaux', 'latitude': 44.851895, 'longitude': -0.587877, 'codePostal': '33000', 'commune': '33063'}",I1203,Agent / Agente d'entretien du bâtiment,Technicien polyvalent / Technicienne polyvalente du bâtiment,"{'nom': 'MANPOWER FRANCE', 'description': 'Faites confiance à Manpower, votre partenaire emploi :\n- Des opportunités nombreuses et diversifiées\n- Une expertise RH et des conseils emploi\n- Une employabilité durable avec le programme MyPath® \n- Des démarches facilitées \n- Des avantages et des services', 'entrepriseAdaptee': False}",CDI,CDI,Contrat travail,E,2 An(s),,"{'commentaire': 'Autres', 'complement1': 'Autre'}",35H Travail en journée,Temps plein,False,"{'nom': 'MANPOWER FRANCE - Mme Christelle HESLOUIS', 'coordonnees1': 'https://www.manpower.fr/offers/details/1101239057?partenaire=FRANCE_TRAVAIL', 'urlPostulation': 'https://www.manpower.fr/offers/details/1101239057?partenaire=FRANCE_TRAVAIL'}",{},1,False,,,2,Ouvrier spécialisé,78.20Z,78,Activités des agences de travail temporaire,,"{'origine': '1', 'urlOrigine': 'https://candidat.francetravail.fr/offres/recherche/detail/192FJJC'}",False,{'horaires': ['35H Travail en journée']},,,
192FJJB,Coffreur (H/F),"Manpower ST MALO recherche pour son client, un acteur du secteur de la construction, un Maçon Coffreur H/F pour une mission basée à Saint-Jouan-des-Guérets. Notre client est spécialisé dans la construction d'ouvrages variés et reconnu pour la qualité de ses réalisations. L'entreprise compte 42 collaborateurs engagés dans la réussite des projets. Il s'agit d'une mission d'intérim débutant le 12/05/2025 pour une durée de 18 jours.
Dans le cadre de votre mission, vous serez amené à : 
-Préparer la zone de travail en mettant en place des dispositifs de sécurité. 
-Installer des échafaudages et des armatures nécessaires. 
-Supporter le béton lors de la mise en place. 
-Élaborer des moules pour le coulage du béton. 
-Effectuer la pose du béton dans les moules préparés. 
-Veiller au respect des consignes de sécurité sur le chantier. 
-Assurer la maintenance de première niveau de l'équipement utilisé. 
-Participer à la gestion des matériaux et de l'outillage. 
 
De qualification N3 P1 ou P2, avec une première expérience en maçonnerie exigée, maîtrise des techniques de coffrage et utilisation des Caces télescopique. 
 
Vos avantages : 
-Rémunération de 13.32 euros brut de l'heure. 
-Mode de travail collaboratif, basé sur l'autonomie et la responsabilité. 
-Opportunités de parcours professionnels adaptés à votre profil. 
-Congés payés et RTT. 
-Mutuelle d'entreprise et prévoyance santé. 
-CET à 8 %. 
-CSE, CSEC. 
-FASTT (garde d'enfant, aide au logement, location de véhicule.). 
 Processus de recrutement : 
-Un échange téléphonique préalable. 
-Un entretien avec l'un de nos Agents de Talents. 
-Si nécessaire, des évaluations ciblées types (technique, personnalité, .). 
-Un entretien avec le client. 
 Nous assurons le pilotage de votre mission pour un parcours réussi : Formation, sensibilisation Sécurité, gestion administrative, .",2025-05-09T20:06:27.067Z,2025-05-09T20:06:27.318Z,"{'libelle': '35 - Saint-Jouan-des-Guérets', 'latitude': 48.605041, 'longitude': -1.969861, 'codePostal': '35430', 'commune': '35284'}",F1701,Coffreur / Coffreuse,Coffreur / Coffreuse,"{'nom': 'MANPOWER FRANCE', 'description': 'Faites confiance à Manpower, votre partenaire emploi :\n- Des opportunités nombreuses et diversifiées\n- Une expertise RH et des conseils emploi\n- Une employabilité durable avec le programme MyPath® \n- Des démarches facilitées \n- Des avantages et des services', 'entrepriseAdaptee': False}",MIS,Intérim - 1 Mois,Contrat travail,E,2 An(s),,{'libelle': 'Horaire de 13.32 Euros à 14.41 Euros sur 12.0 mois'},35H Travail en journée,Temps plein,False,"{'nom': 'MANPOWER FRANCE - Mme AURORE GAISLIN', 'coordonnees1': 'https://www.manpower.fr/offers/details/1101239056?partenaire=FRANCE_TRAVAIL', 'urlPostulation': 'https://www.manpower.fr/offers/details/1101239056?partenaire=FRANCE_TRAVAIL'}",{},1,False,,,2,Ouvrier spécialisé,78.20Z,78,Activités des agences de travail temporaire,,"{'origine': '1', 'urlOrigine': 'https://candidat.francetravail.fr/offres/recherche/detail/192FJJB'}",False,{'horaires': ['35H Travail en journée']},,,
192FJHZ,Carreleur (H/F),"

Manpower LYON BATIMENT SECOND OEUVRE recherche pour son client, un acteur du secteur du BTP, un Carreleur multi-technique (H/F) 
 

Nous recherchons un(e) technicien(ne) multi technique spécialisé(e) en carrelage pour rejoindre une équipe dynamique. 
 
Vous serez en charge de divers travaux de maintenance et de rénovation, avec une dominante en carrelage des restaurants Mc DONALD. 
 
Le poste implique des déplacements réguliers sur la région lyonnaise. 
Missions principales : 
-Réaliser des travaux de carrelage (pose, découpe, finition) 
-Effectuer des interventions de maintenance multi technique (plomberie, électricité, peinture, etc.) 
-Diagnostiquer et résoudre les problèmes techniques sur les sites clients 
-Assurer un suivi rigoureux des interventions et des travaux réalisés 
-Respecter les normes de sécurité et les procédures internes 
 
 
-Expérience significative en carrelage et en maintenance multi technique 
-Connaissances en plomberie, électricité et autres corps de métier du bâtiment 
-Capacité à travailler de manière autonome et en équipe 
-Sens de l'organisation et rigueur 
-Utilisation d'un véhicule de service. 
",2025-05-09T20:06:24.661Z,2025-05-09T20:06:24.967Z,"{'libelle': '69 - Lyon 3e Arrondissement', 'latitude': 45.751578, 'longitude': 4.869577, 'codePostal': '69003', 'commune': '69383'}",F1608,Carreleur / Carreleuse,Carreleur / Carreleuse,"{'nom': 'MANPOWER FRANCE', 'description': 'Faites confiance à Manpower, votre partenaire emploi :\n- Des opportunités nombreuses et diversifiées\n- Une expertise RH et des conseils emploi\n- Une employabilité durable avec le programme MyPath® \n- Des démarches facilitées \n- Des avantages et des services', 'entrepriseAdaptee': False}",MIS,Intérim - 3 Mois,Contrat travail,E,6 An(s),,{'libelle': 'Horaire de 13.0 Euros sur 12.0 mois'},35H Travail en journée,Temps plein,False,"{'nom': 'MANPOWER FRANCE - Mme Valérie Dufossez', 'coordonnees1': 'https://www.manpower.fr/offers/details/1101239055?partenaire=FRANCE_TRAVAIL', 'urlPostulation': 'https://www.manpower.fr/offers/details/1101239055?partenaire=FRANCE_TRAVAIL'}",{},1,False,,,2,Ouvrier spécialisé,78.20Z,78,Activités des agences de travail temporaire,,"{'origine': '1', 'urlOrigine': 'https://candidat.francetravail.fr/offres/recherche/detail/192FJHZ'}",False,{'horaires': ['35H Travail en journée']},,,
192FJHY,Cariste (H/F),"Manpower SELESTAT recherche pour son client, un acteur du secteur de l'agroalimentaire, un Cariste (H/F)
Rattaché au Chef d'équipe, vous aurez en charge les missions suivantes : 
-Décharger et charger les produits dans des camions avec l'utilisation du Caces R489 catégorie 3 
-Vérifier la conformité des commandes en fonction du bon de livraison 
-Stocker les produits selon les consignes dans l'atelier 
-Préparer et identifier les chargements à venir selon les exigences des clients 
 
 
-CACES 3 obligatoire et à jour 
-Expérience de 2 ans minimum - minutie et bonne maîtrise des engins obligatoires 
 Postes en journée et/ou 3x8 selon l'activité 
 
Vous vous reconnaissez ? Vous souhaitez obtenir ce poste ? Postulez dès maintenant ! 
 
Faites confiance à Manpower votre partenaire emploi ! 
-CDI, CDD, CDI-intérimaire, intérim, alternance sur tous les secteurs d'activité 
-Avantages & bénéfices : mutuelle, prévoyance santé, avantages CSE attractifs 
-Programme MyPath : 45 000 Talents engagés bénéficient d'un parcours personnalisé vers les secteurs les plus porteurs 
-Démarches facilitées : une application mobile pour être alerté, postuler, et signer vos contrats. 
",2025-05-09T20:06:22.268Z,2025-05-09T20:06:22.519Z,"{'libelle': '68 - Metzeral', 'latitude': 48.011582, 'longitude': 7.067259, 'codePostal': '68380', 'commune': '68204'}",N1101,Cariste,Cariste,"{'nom': 'MANPOWER FRANCE', 'description': 'Faites confiance à Manpower, votre partenaire emploi :\n- Des opportunités nombreuses et diversifiées\n- Une expertise RH et des conseils emploi\n- Une employabilité durable avec le programme MyPath® \n- Des démarches facilitées \n- Des avantages et des services', 'entrepriseAdaptee': False}",MIS,Intérim - 3 Mois,Contrat travail,E,2 An(s),,{'libelle': 'Horaire de 11.88 Euros à 13.0 Euros sur 12.0 mois'},35H Travail en journée,Temps plein,False,"{'nom': 'MANPOWER FRANCE - Mme AUDREY MANIGOLD', 'coordonnees1': 'https://www.manpower.fr/offers/details/1101239054?partenaire=FRANCE_TRAVAIL', 'urlPostulation': 'https://www.manpower.fr/offers/details/1101239054?partenaire=FRANCE_TRAVAIL'}",{},1,False,,,2,Ouvrier spécialisé,78.20Z,78,Activités des agences de travail temporaire,,"{'origine': '1', 'urlOrigine': 'https://candidat.francetravail.fr/offres/recherche/detail/192FJHY'}",False,{'horaires': ['35H Travail en journée']},,,
192FJHX,Bardeur étancheur (H/F),"Étancheur / Étancheuse H/F - Faites carrière sur les toits de demain ! 
 
 
Toitures végétalisées Étanchéité durable Projets innovants 
 
 Vous aimez le travail technique en plein air, les défis concrets, et vous voulez mettre vos compétences au service de l'environnement ? 
 
L'équipe Manpower Le Puy-en-Velay recrute pour son client, acteur engagé et qualifié QUALIBAT, un(e) Étancheur(se) passionné(e) par les projets à impact positif 
 

Ce que vous ferez au quotidien: 
 
 
En tant qu'Étancheur(se), vous serez un maillon essentiel de la performance environnementale des bâtiments : 
 
 
 Poser des membranes d'étanchéité sur toitures terrasses plates (accessibles ou non) 
 Installer des dalles sur plots pour un rendu propre, stable et efficace 
 Participer à la végétalisation des toitures (terreau, drainage, plantations... ) 
 Intervenir sur les réparations et l'entretien des toitures existantes 
 Veiller à la qualité, à la sécurité et à la durabilité de chaque intervention 
Chaque chantier, c'est un pas vers une construction plus responsable 
 
 
 
Ce que vous y gagnez 
-Rémunération attractive selon expérience 
-Avantages Manpower : primes de fin de mission, CET à 8%, mutuelle, CE (cinéma, loisirs, vacances.) 
-Intégration dans une entreprise visionnaire, à taille humaine 
-Participation à des projets innovants qui allient technique et écologie 
 
 

Profil recherché 
-Expérience en étanchéité exigée (bitume, membranes PVC ou EPDM, etc.) 
-Connaissance de la pose de dalles sur plots et/ou des techniques de toitures végétalisées est un vrai plus 
-Permis B indispensable pour les déplacements sur chantier 
-Vous êtes rigoureux(se), autonome, avec un bon esprit d'équipe et une conscience forte de la sécurité 
-CACES nacelle apprécié 
 
 
 
Rejoignez nous et mettez vos compétences au service d'un avenir plus vert 
 
Vous avez l'envie de faire bouger les lignes, de travailler avec vos mains tout en participant à la transition écologique ? 
 
 
Envoyez-nous votre CV dès aujourd'hui et embarquez dans une aventure humaine, technique et engagée !",2025-05-09T20:06:19.773Z,2025-05-09T20:06:20.033Z,"{'libelle': '43 - Puy-en-Velay', 'latitude': 45.030881, 'longitude': 3.899202, 'codePostal': '43000', 'commune': '43157'}",F1613,Étancheur / Étancheuse,Étancheur-bardeur / Étancheuse-bardeuse,"{'nom': 'MANPOWER', 'description': 'Faites confiance à Manpower, votre partenaire emploi :\n- Des opportunités nombreuses et diversifiées\n- Une expertise RH et des conseils emploi\n- Une employabilité durable avec le programme MyPath® \n- Des démarches facilitées \n- Des avantages et des services', 'entrepriseAdaptee': False}",MIS,Intérim - 3 Mois,Contrat travail,D,Débutant accepté,,{'libelle': 'Horaire de 12.5 Euros à 13.5 Euros sur 12.0 mois'},35H Travail en journée,Temps plein,False,"{'nom': 'MANPOWER - Mme Amélie CHAIZE', 'coordonnees1': 'https://www.manpower.fr/offers/details/1101239053?partenaire=FRANCE_TRAVAIL', 'urlPostulation': 'https://www.manpower.fr/offers/details/1101239053?partenaire=FRANCE_TRAVAIL'}",{},1,False,,,2,Ouvrier spécialisé,78.20Z,78,Activités des agences de travail temporaire,,"{'origine': '1', 'urlOrigine': 'https://candidat.francetravail.fr/offres/recherche/detail/192FJHX'}",False,{'horaires': ['35H Travail en journée']},,,
192FJHT,Opérateur de production (H/F),"Manpower MONTARGIS recherche pour son client, un acteur du secteur de l'automobile, un Opérateur de production Refandage (H/F)
Vos missions seront les suivantes : 
-Reprendre des bobinots ; 
-Découper des pièces de caoutchouc et/ou feuilles à la longueur et largeur selon un plan de découpe ; 
-Veiller à la qualité du produit fini ; 
-Maintenir votre espace de travail propre et organisé ; 
-Respecter les consignes de sécurité et les procédures internes ; 
-Contrôler les produits et signaler toute anomalie. 
 
Conditions de travail : 
-Horaires de travail : 3x8. 
 
Nous recherchons une personne avec : 
-Expérience en milieu industriel ; 
-Titulaire du CACES R484 souhaitable ; 
-Capacité à travailler en équipe et en autonomie ; 
-Respect des consignes de sécurité. 
 
Si vous vous retrouvez dans ces critères, votre profil nous intéresse alors POSTULEZ ! 
 
Vos avantages Manpower : 
Epargne CET à 8% 
Comité d'entreprise attractif (billetterie, réduction location vacances, remboursements loisirs,... ) 
Cooptation à 150 
Vous bénéficiez d'aides et de services dédiés (mutuelle, logement, garde enfant, déplacement... ). 
N'hésitez plus et télécharger l'application Manpower pour encore mieux gérer votre carrière !",2025-05-09T20:06:12.324Z,2025-05-09T20:06:12.566Z,"{'libelle': '45 - Châlette-sur-Loing', 'latitude': 48.019121, 'longitude': 2.720474, 'codePostal': '45120', 'commune': '45068'}",H2909,Assembleur monteur / Assembleuse monteuse,Opérateur(trice) de prod en montage-assemblage mécanique,"{'nom': 'MANPOWER', 'description': 'Faites confiance à Manpower, votre partenaire emploi :\n- Des opportunités nombreuses et diversifiées\n- Une expertise RH et des conseils emploi\n- Une employabilité durable avec le programme MyPath® \n- Des démarches facilitées \n- Des avantages et des services', 'entrepriseAdaptee': False}",MIS,Intérim - 1 Mois,Contrat travail,D,Débutant accepté,,{'libelle': 'Horaire de 11.88 Euros sur 12.0 mois'},35H Travail en journée,Temps plein,False,"{'nom': ""MANPOWER - Mme de l'agence Chargée de recrutement"", 'coordonnees1': 'https://www.manpower.fr/offers/details/1101239048?partenaire=FRANCE_TRAVAIL', 'urlPostulation': 'https://www.manpower.fr/offers/details/1101239048?partenaire=FRANCE_TRAVAIL'}",{},1,False,,,2,Ouvrier spécialisé,78.20Z,78,Activités des agences de travail temporaire,,"{'origine': '1', 'urlOrigine': 'https://candidat.francetravail.fr/offres/recherche/detail/192FJHT'}",False,{'horaires': ['35H Travail en journée']},,,
192FJHS,PREPARATEUR DE MATIERES PREMIERES (H/F),"Manpower ROMANS SUR ISERE recherche pour son client, un acteur du secteur de l'agroalimentaire, un PETRISSEUR (H/F) située sur Romans/Isère.
Vous aurez pour principales missions : 
 
- Suivre une recette donnée 
- Peser et mélanger les ingrédients 
- Pétrir la pâte 
- Confectionner de la crème pâtissière
Vous êtes de nature rigoureuse et organisée ? 
Vous êtes débutants et souhaitez apprendre un nouveau métier ? 
Issue d'une formation en boulangerie et/ou pâtisserie serait un plus. 
 
Horaires de nuit variable, démarrage possible 1h / 2h ou 3h 
 
Manpower vous offre de nombreux avantages. un CE et un CCE pour obtenir des chèques vacances, des chèques cultures, des voyages organisés, des bons cadeaux pour les événements de la vie, des réductions sur les abonnements sportifs . 
 
Futurs partenaires Manpower, nous attendons de vous rencontrer. 
Passez le message autour de vous !",2025-05-09T20:06:09.873Z,2025-05-09T20:06:10.102Z,"{'libelle': '26 - Châteauneuf-sur-Isère', 'latitude': 45.007611, 'longitude': 4.956298, 'codePostal': '26300', 'commune': '26084'}",H3303,Cuisinier / Cuisinière en industrie chimique,Préparateur / Préparatrice de matières premières,"{'nom': 'MANPOWER', 'description': 'Faites confiance à Manpower, votre partenaire emploi :\n- Des opportunités nombreuses et diversifiées\n- Une expertise RH et des conseils emploi\n- Une employabilité durable avec le programme MyPath® \n- Des démarches facilitées \n- Des avantages et des services', 'entrepriseAdaptee': False}",MIS,Intérim - 1 Mois,Contrat travail,D,Débutant accepté,,{'libelle': 'Horaire de 11.88 Euros sur 12.0 mois'},35H Travail en journée,Temps plein,False,"{'nom': 'MANPOWER - M. JEAN LOUIS ALLEMAND', 'coordonnees1': 'https://www.manpower.fr/offers/details/1101239043?partenaire=FRANCE_TRAVAIL', 'urlPostulation': 'https://www.manpower.fr/offers/details/1101239043?partenaire=FRANCE_TRAVAIL'}",{},2,False,,,2,Ouvrier spécialisé,78.20Z,78,Activités des agences de travail temporaire,,"{'origine': '1', 'urlOrigine': 'https://candidat.francetravail.fr/offres/recherche/detail/192FJHS'}",False,{'horaires': ['35H Travail en journée']},,,
192FJHR,Agent de maintenance (H/F),"Manpower DAGNEUX recherche pour son client, un acteur du secteur des Industries manufacturières et production, un Agent de maintenance (H/F)
Vos missions : 
-Assurer la maintenance préventive des équipements pour garantir leur bon fonctionnement. 
-Intervenir lors de la remise en silo, en veillant à la sécurité des installations. 
-Diagnostiquer et réparer les pannes, tant sur le plan électrique que mécanique. 
-Participer aux opérations de manutention, pour soutenir la fluidité du processus de production. 
 
Poste en horaires de journée ou en 2x8 ou 3x8 selon les périodes de l'année. 
 
 
-De formation électromécanique ou en maintenance industrielle. 
-Débutants bienvenus : nous recherchons avant tout des candidats motivés, prêts à apprendre et à évoluer. 
-Vos atouts : autonomie, sens des responsabilités, rigueur et compétences en électricité/mécanique. 
Pourquoi choisir Manpower ? 
En plus de vous proposer un poste stable et enrichissant, nous vous offrons : 
-Un Compte Épargne Temps rémunéré à 8 % 
-Un suivi personnalisé tout au long de votre parcours professionnel 
",2025-05-09T20:06:07.381Z,2025-05-09T20:06:07.599Z,"{'libelle': '01 - Dagneux', 'latitude': 45.849024, 'longitude': 5.071242, 'codePostal': '01120', 'commune': '01142'}",I1203,Agent / Agente d'entretien du bâtiment,Agent(e) entretien maintenance polyvalent(e) en collectivité,"{'nom': 'MANPOWER', 'description': 'Faites confiance à Manpower, votre partenaire emploi :\n- Des opportunités nombreuses et diversifiées\n- Une expertise RH et des conseils emploi\n- Une employabilité durable avec le programme MyPath® \n- Des démarches facilitées \n- Des avantages et des services', 'entrepriseAdaptee': False}",MIS,Intérim - 18 Mois,Contrat travail,D,Débutant accepté,,"{'commentaire': 'Autres', 'complement1': 'Autre'}",35H Travail en journée,Temps plein,False,"{'nom': 'MANPOWER - Mme Océane  HERNANDEZ', 'coordonnees1': 'https://www.manpower.fr/offers/details/1101239040?partenaire=FRANCE_TRAVAIL', 'urlPostulation': 'https://www.manpower.fr/offers/details/1101239040?partenaire=FRANCE_TRAVAIL'}",{},1,False,,,2,Ouvrier spécialisé,78.20Z,78,Activités des agences de travail temporaire,,"{'origine': '1', 'urlOrigine': 'https://candidat.francetravail.fr/offres/recherche/detail/192FJHR'}",False,{'horaires': ['35H Travail en journée']},,,
192FJHM,Chauffeur PL et SPL (H/F),"Manpower BELFORT BTP recherche pour son client un Chauffeur PL et SPL - proche de Belfort (H/F)
Dans le cadre de votre mission, vous serez amené à : 
-Effectuer le transport de marchandises en camion poids lourd (régional ou national) 
-Charger et décharger le camion selon les règles de sécurité 
-Vérifier la conformité des documents de transport 
-Entretenir et nettoyer le véhicule, signaler les anomalies 
-Respecter les temps de conduite, les délais et la réglementation en vigueur 
-Représenter l'image de l'entreprise chez les clients (ponctualité, courtoisie, professionnalisme) 
 
 
-Titulaire du permis C (Poids Lourd) en cours de validité 
-FIMO/FCO et carte conducteur à jour 
-Vous avez un bon sens de l'orientation et êtes à l'aise avec les outils numériques (GPS, smartphone pro, etc.) 
-Vous êtes ponctuel(le), autonome et rigoureux(se) 
-Expérience appréciée, débutants motivés bienvenus 
Les  appréciés : 
 CACES R490 (grue auxiliaire) ou R489 (chariot embarqué) 
 ADR (matières dangereuses) 
 Expérience en livraison chantier, messagerie ou benne TP 
 
Cette offre vous intéresse ? N'hésitez plus à postuler ! 
 
Devenir salarié(e) intérimaire chez Manpower vous permet de bénéficier de nombreux avantages spécifiques à votre statut en fonction du nombre d'heures de mission que vous avez effectuées. 
Les avantages se cumulent en fonction de votre ancienneté (CE, CCE, chèques vacances, Compte épargne Temps et bien plus encore... ).",2025-05-09T20:05:57.860Z,2025-05-09T20:05:58.115Z,"{'libelle': '70 - Héricourt', 'latitude': 47.566726, 'longitude': 6.754797, 'codePostal': '70400', 'commune': '70285'}",N4101,Conducteur / Conductrice de poids lourd,Chauffeur / Chauffeuse de poids lourd,"{'nom': 'MANPOWER FRANCE', 'description': 'Faites confiance à Manpower, votre partenaire emploi :\n- Des opportunités nombreuses et diversifiées\n- Une expertise RH et des conseils emploi\n- Une employabilité durable avec le programme MyPath® \n- Des démarches facilitées \n- Des avantages et des services', 'entrepriseAdaptee': False}",MIS,Intérim - 6 Mois,Contrat travail,E,2 An(s),,{'libelle': 'Horaire de 11.88 Euros à 13.0 Euros sur 12.0 mois'},35H Travail en journée,Temps plein,False,"{'nom': 'MANPOWER FRANCE - Mme FLAVIE GREMILLET', 'coordonnees1': 'https://www.manpower.fr/offers/details/1101239036?partenaire=FRANCE_TRAVAIL', 'urlPostulation': 'https://www.manpower.fr/offers/details/1101239036?partenaire=FRANCE_TRAVAIL'}",{},1,False,,,2,Ouvrier spécialisé,78.20Z,78,Activités des agences de travail temporaire,,"{'origine': '1', 'urlOrigine': 'https://candidat.francetravail.fr/offres/recherche/detail/192FJHM'}",False,{'horaires': ['35H Travail en journée']},,,
192FJHH,Dessinateur projeteur BTP (H/F),"

Nous recherchons pour notre client, un Projeteur VRD H/F expérimenté pour rejoindre leurs équipes. En tant que Projeteur VRD H/F, vous serez responsable de la conception et de la réalisation de plans pour des projets de voirie, d'assainissement, et de réseaux divers. 
 
Poste à Pourvoir en CDI 
Secteur de Saintes 
Salaire variable selon votre expérience et degré d'autonomie 
 

Sous la responsabilité du Responsable du Bureau d'Etudes, vous aurez pour missions : 
 
-Analyser les dossiers de consultation, 
-Réaliser des études d'exécution, 
-Élaborer des plans et des schémas techniques conformes aux normes et aux réglementations en vigueur. 
-Collaborer avec les ingénieurs et les équipes de chantier pour assurer la faisabilité des projets. 
-Réaliser des projets de conception : route, terrassement et réseaux, 
-Réaliser des études de faisabilité et des calculs de dimensionnement. 
-Utiliser des logiciels de CAO (AutoCAD 2D/3D, COVADIS/MENSURA) pour créer des plans détaillés. 
-Assurer le suivi des projets et apporter des modifications si nécessaire. 
 
 
-Diplômé d'un BTS Géomètre ou Travaux publics ou Diplôme en génie civil, topographie ou équivalent. 
-Première expérience réussie en bureau d'études ou cabinet géomètre expert. 
-Maîtrise de MENSURA ou logiciels AutoCAD 2D/3D et COVADIS 
 
Qualités recherchées : 
-Capacité à travailler de manière autonome tout en collaborant efficacement avec une équipe multidisciplinaire. 
-Aptitude à gérer plusieurs projets simultanément et à respecter les délais impartis. 
-Polyvalence, 
-Rigueur et précision 
-Sens de la synthèse. 
 

 
Si vous êtes passionné(e) par la conception et la réalisation de projets VRD, nous serions ravis de recevoir votre candidature !",2025-05-09T20:05:48.275Z,2025-05-09T20:05:48.529Z,"{'libelle': '17 - Saintes', 'latitude': 45.748804, 'longitude': -0.647217, 'codePostal': '17100', 'commune': '17415'}",F1104,Dessinateur / Dessinatrice du BTP,Dessinateur-projeteur / Dessinatrice-projeteuse du BTP,"{'nom': 'MANPOWER', 'description': 'Faites confiance à Manpower, votre partenaire emploi :\n- Des opportunités nombreuses et diversifiées\n- Une expertise RH et des conseils emploi\n- Une employabilité durable avec le programme MyPath® \n- Des démarches facilitées \n- Des avantages et des services', 'entrepriseAdaptee': False}",CDI,CDI,Contrat travail,E,3 An(s),,"{'commentaire': 'Autres', 'complement1': 'Autre'}",35H Travail en journée,Temps plein,False,"{'nom': 'MANPOWER - Mme AUDREY FERRAND', 'coordonnees1': 'https://www.manpower.fr/offers/details/1101239029?partenaire=FRANCE_TRAVAIL', 'urlPostulation': 'https://www.manpower.fr/offers/details/1101239029?partenaire=FRANCE_TRAVAIL'}",{},1,False,,,2,Ouvrier spécialisé,78.20Z,78,Activités des agences de travail temporaire,,"{'origine': '1', 'urlOrigine': 'https://candidat.francetravail.fr/offres/recherche/detail/192FJHH'}",False,{'horaires': ['35H Travail en journée']},,,
192FJHG,Régleur commande numérique (CN) (H/F),"Manpower DAGNEUX recherche pour son client, un acteur du secteur des Industries manufacturières et production, un Régleur commande numérique (CN) à Neyron (H/F)
En termes de tâches, il vous sera demandé sur ce poste de : 
-Anticiper la préparation de son matériel de production, de moyens de contrôle et de tous les documents associés 
-Savoir lire un programme 
-Réaliser le réglage des machines et des équipements d'approvisionnements matières 
-Assurer la fabrication de séries de pièces sur CN 
-Garantir la production selon la norme qualité 
-Remplir les documents (gamme de fabrication, gamme de contrôle, suivi de production) 
-Déclarer ses activités dans la MES 
-Réaliser la maintenance 1er Niveau. 
-Respecter les consignes, instructions et procédures du Système de management de la qualité et HSE 
-Assurer le rangement et la propreté de son poste de travail. 
 
Rémunération : 14/h  2h50 de pause/semaine rémunérées  prime équipe  prime assiduité au bout d'1 an d'ancienneté 
Horaires : Base 40h/ semaine (lundi au vendredi en 2*8, 06H-14H /14H-22H)
Vous êtes disponible immédiatement et souhaitez découvrir un nouvel environnement ? 
Vous avez déjà une expérience dans l'industrie ? Parfait ! 
Vous êtes dynamique et rigoureux ? 
Vous avez une expérience en usinage ? et vous savez régler, faire de la maintenance de premier niveau ? Vous avez des bases techniques et mécaniques ? 
 
Alors ce poste est fait pour vous! Postulez dès maintenant ! 
 
Rejoindre Manpower c'est aussi: 
- être suivi et accompagner tout au long de votre carrière chez nous 
- Profiter des avantages du FASTT ( garde d'enfants, accès au logement, dépannage voiture, etc.) 
- profitez d'un CET à un taux d'intérêt à 8% 
- des avantages sociaux culturels du CSE Manpower 
 
",2025-05-09T20:05:45.758Z,2025-05-09T20:05:45.997Z,"{'libelle': '01 - Neyron', 'latitude': 45.816624, 'longitude': 4.929764, 'codePostal': '01700', 'commune': '01275'}",H2912,Régleur / Régleuse d'équipements industriels,Régleur / Régleuse sur machine-outil à commande numérique,"{'nom': 'MANPOWER', 'description': 'Faites confiance à Manpower, votre partenaire emploi :\n- Des opportunités nombreuses et diversifiées\n- Une expertise RH et des conseils emploi\n- Une employabilité durable avec le programme MyPath® \n- Des démarches facilitées \n- Des avantages et des services', 'entrepriseAdaptee': False}",MIS,Intérim - 18 Mois,Contrat travail,D,Débutant accepté,,{'libelle': 'Horaire de 14.0 Euros sur 12.0 mois'},35H Travail en journée,Temps plein,False,"{'nom': 'MANPOWER - Mme Océane  HERNANDEZ', 'coordonnees1': 'https://www.manpower.fr/offers/details/1101239028?partenaire=FRANCE_TRAVAIL', 'urlPostulation': 'https://www.manpower.fr/offers/details/1101239028?partenaire=FRANCE_TRAVAIL'}",{},1,False,,,2,Ouvrier spécialisé,78.20Z,78,Activités des agences de travail temporaire,,"{'origine': '1', 'urlOrigine': 'https://candidat.francetravail.fr/offres/recherche/detail/192FJHG'}",False,{'horaires': ['35H Travail en journée']},,,
192FJHF,Electromécanicien (H/F),"

Manpower LYON BATIMENT SECOND OEUVRE recherche pour son client, un acteur du secteur du BTP, un Electromécanicien VOURLES (H/F) 
 

Sous l'autorité du chef d'atelier, vous aurez pour mission l'assemblage d'équipements mécaniques et d'installations à la pointe de la technique : 
 
- Préparation de pièces, lecture et interprétation de plans, montage et mise au point des sous-ensembles mécaniques et pneumatiques, ajustements mécaniques si nécessaire, câblage électrique 
- Validation du bon assemblage final, et support ou assistance technique SAV, feront partie de vos activités principales. 
 

Issu d'une formation dans ce domaine, vous justifiez d'une expérience réussie et significative sur ces fonctions. 
Polyvalent et réactif, vous disposez de solides connaissances en mécanique et maîtrisez les techniques inhérentes au métier. Vous connaissez et respectez rigoureusement les règles de sécurité en vigueur 
 
-De formation Bac à Bac2 en électromécanique ou Bac pro Maintenance des équipements industriels ou Bac pro électrotechnique 
 

 
Cette offre vous intéresse ? Postulez dès à présent",2025-05-09T20:05:43.277Z,2025-05-09T20:05:43.490Z,"{'libelle': '69 - Vourles', 'latitude': 45.660353, 'longitude': 4.77018, 'codePostal': '69390', 'commune': '69268'}",I1304,Technicien / Technicienne de maintenance industrielle,Électromécanicien(ne) d'équipements industriels,"{'nom': 'MANPOWER FRANCE', 'description': 'Faites confiance à Manpower, votre partenaire emploi :\n- Des opportunités nombreuses et diversifiées\n- Une expertise RH et des conseils emploi\n- Une employabilité durable avec le programme MyPath® \n- Des démarches facilitées \n- Des avantages et des services', 'entrepriseAdaptee': False}",MIS,Intérim - 3 Mois,Contrat travail,E,6 An(s),,{'libelle': 'Horaire de 14.0 Euros sur 12.0 mois'},35H Travail en journée,Temps plein,False,"{'nom': 'MANPOWER FRANCE - Mme Valérie Dufossez', 'coordonnees1': 'https://www.manpower.fr/offers/details/1101239027?partenaire=FRANCE_TRAVAIL', 'urlPostulation': 'https://www.manpower.fr/offers/details/1101239027?partenaire=FRANCE_TRAVAIL'}",{},1,False,,,2,Ouvrier spécialisé,78.20Z,78,Activités des agences de travail temporaire,,"{'origine': '1', 'urlOrigine': 'https://candidat.francetravail.fr/offres/recherche/detail/192FJHF'}",False,{'horaires': ['35H Travail en journée']},,,
192FJHC,Ouvrier boucher (H/F),"Bonjour, 
 
Votre agence Manpower de Feurs / Montbrison vous propose un emploi sur du long terme, 
 
Pour travailler chez un de nos client, Usine de découpe de viande bovine renommée sur la région, 
 
 Cette entreprise recherche plusieurs Ouvriers boucher (H/F).
Vous êtes un as du couteau ? 
 
C'est un travail en atelier de découpe et parage des morceaux de viandes, coupe au couteau sur les caracasses. 
 
Vous pouvez être amené(e) à effectué des tâches polyvalentes en production : mise sous-vide, nettoyage, conditionnement, emballage.. 
 
C'est un travail à la chaîne avec une forte cadence à respecter, 
 
Vous travaillez dans le respect des procédures et des règles de sécurité, d'hygiène et d'environnement mises en place par l'entreprise, 
 
Les conditions de la mission : 
Les horaires sont fixes, vous travaillez du matin 4h 12h ou de l'après-midi 12h30 21h, horaires de fin variables selon le besoin,  10% IFM  10% ICP à chaque fin de contrat. 
La rémunération est en fonction de votre expérience, possibilité de faire des heures supplémentaires 
Le travail est physique et répétitif avec une forte cadence à suivre, en milieu froid et odorant. 
La mission est prévue sur du très long terme.
- Vous avez une formation et/ou une expérience correspondant aux missions, 
 
- Vous avez déjà travaillé ou vous souhaitez travailler en environnement industriel, 
 
- Vous aimez travailler en équipe et vous souhaitez faire vos preuves. 
 
Vous souhaitez participer au développement d'une entreprise leader sur son marché et reconnue localement, envoyez votre candidature et nous vous contacterons ! 
 
Bonne journée ! 
 
Rejoindre MANPOWER, c'est aussi bénéficier d'un Comité d'Entreprise attractif et d'un placement rémunéré à 8% de vos Indemnités de Fin de Mission 
 
Vous pourriez être intéressé(e) par un CDI Intérimaire ? Manpower étudie votre candidature pour vous proposer un contrat en CDI Intérimaire, optez pour une forme de travail flexible et sécurisée avec la garantie d'une fréquence et d'une régularité de vos missions comme de vos revenus 
 
 
Dans le cadre de sa politique diversité, Manpower étudie, à compétences égales, toutes candidatures dont celles de personnes en situation de handicap. 
 
",2025-05-09T20:05:38.459Z,2025-05-09T20:05:38.698Z,"{'libelle': '42 - Feurs', 'latitude': 45.736781, 'longitude': 4.21671, 'codePostal': '42110', 'commune': '42094'}",D1101,Boucher / Bouchère,Ouvrier boucher / Ouvrière bouchère,"{'nom': 'MANPOWER', 'description': 'Faites confiance à Manpower, votre partenaire emploi :\n- Des opportunités nombreuses et diversifiées\n- Une expertise RH et des conseils emploi\n- Une employabilité durable avec le programme MyPath® \n- Des démarches facilitées \n- Des avantages et des services', 'entrepriseAdaptee': False}",MIS,Intérim - 7 Jour(s),Contrat travail,D,Débutant accepté,,{'libelle': 'Horaire de 11.95 Euros sur 12.0 mois'},35H Travail en journée,Temps plein,False,"{'nom': 'MANPOWER - Mme VANESSA NOTIN', 'coordonnees1': 'https://www.manpower.fr/offers/details/1101239023?partenaire=FRANCE_TRAVAIL', 'urlPostulation': 'https://www.manpower.fr/offers/details/1101239023?partenaire=FRANCE_TRAVAIL'}",{},1,False,,,2,Ouvrier spécialisé,78.20Z,78,Activités des agences de travail temporaire,,"{'origine': '1', 'urlOrigine': 'https://candidat.francetravail.fr/offres/recherche/detail/192FJHC'}",False,{'horaires': ['35H Travail en journée']},,,
192FJGX,Menuisier poseur (H/F),"Menuisier Poseur (H/F) - Mission longue 
 
 
 
L'équipe Manpower Le Puy-en-Velay recrute pour son client, une entreprise reconnue dans la fabrication et la pose de menuiseries extérieures en PVC et aluminium, un(e) Menuisier Poseur (H/F).
Vos missions 
 
Sous la responsabilité de votre chef d'équipe : 
-Installer des menuiseries extérieures sur mesure : fenêtres, portes, volets, stores. 
-Préparer le chantier avant intervention 
-Assurer un contact client de qualité sur site 
-Contrôler la finition et la conformité des installations 
 
 
 
 
 
Ce que nous offrons : 
-Horaires fixes : Lundi au vendredi, 8h-12h / 14h-17h 
-Salaire attractif selon expérience  avantages Manpower 
-Un environnement de travail stable, technique et valorisant 
 
Votre profil 
-Expérience en pose de menuiseries PVC/ALU exigée 
-Bonne maîtrise des outils (niveau laser, équerre.) 
-Autonome, rigoureux(se), sens du détail et bon relationnel 
-Le sens du service client est un vrai plus ! 
 
 
Intéressé(e) ? 
Envoyez votre CV à jour dès maintenant et intégrez une équipe dynamique qui valorise votre savoir-faire !",2025-05-09T20:05:28.655Z,2025-05-09T20:05:28.883Z,"{'libelle': '43 - Puy-en-Velay', 'latitude': 45.030881, 'longitude': 3.899202, 'codePostal': '43000', 'commune': '43157'}",H2206,Menuisier / Menuisière,Menuisier / Menuisière d'agencement,"{'nom': 'MANPOWER', 'description': 'Faites confiance à Manpower, votre partenaire emploi :\n- Des opportunités nombreuses et diversifiées\n- Une expertise RH et des conseils emploi\n- Une employabilité durable avec le programme MyPath® \n- Des démarches facilitées \n- Des avantages et des services', 'entrepriseAdaptee': False}",MIS,Intérim - 3 Mois,Contrat travail,D,Débutant accepté,,{'libelle': 'Horaire de 12.0 Euros à 13.0 Euros sur 12.0 mois'},35H Travail en journée,Temps plein,False,"{'nom': 'MANPOWER - Mme Amélie CHAIZE', 'coordonnees1': 'https://www.manpower.fr/offers/details/1101239016?partenaire=FRANCE_TRAVAIL', 'urlPostulation': 'https://www.manpower.fr/offers/details/1101239016?partenaire=FRANCE_TRAVAIL'}",{},1,False,,,2,Ouvrier spécialisé,78.20Z,78,Activités des agences de travail temporaire,,"{'origine': '1', 'urlOrigine': 'https://candidat.francetravail.fr/offres/recherche/detail/192FJGX'}",False,{'horaires': ['35H Travail en journée']},,,
192FJGV,Conducteur de travaux (H/F),"Manpower CABINET DE RECRUTEMENT DE LA ROCHELLE recherche pour son client, un acteur reconnu du secteur des Travaux Publics, un(e) Conducteur de Travaux ROUTE - VRD Voirie Réseaux Divers (H/F). 
 
Si vous voulez intégrer une entreprise bien structurée et indépendante, qui travaille sur des projets locaux emblématiques, alors, ce poste peut vous intéresser ! 
 
Poste en CDI, à pourvoir dès que possible 
Salaire : 3000  à 3700  brut /mois * 13.3 selon expérience. 
Secteur 86 - POITIERS - Vienne 
 
#VRD
 

Vous aurez en charge la préparation, planification, gestion d'un ou plusieurs chantiers en garantissant la sécurité des personnes et la qualité de l'ouvrage. Vous mettez en place une relation de confiance avec les partenaires : clients, autres corps d'état, sous-traitants, organismes de contrôle (Inspection du Travail, CARSAT, OPPBTP, riverains.). 
 
Selon la nature du chantier, vous pouvez être amené à diriger un ou plusieurs Chef(s) de Chantier. 
 
Extrait de vos MISSIONS : 
 
Préparation du chantier : 
 
-Etudier les pièces du marché (AE, CCAP, CCTP, étude de sol, planning, plans, .), l'étude de prix et les choix stratégiques réalisés par le responsable d'agence (réunion de transfert) 
-Effectuer les démarches administratives dans les délais (permission de voirie, DICT, .) 
- Vérifier les conditions réelles (terrain, compléments d'études, méthodes d'exécution, environnement, sondages, carottages.), définir le plan d'installation de chantier et établir le PPSPP et le Plan Assurance Qualité 
 
Suivi d'exécution du chantier : 
 
-S'assurer de l'exécution et de la conformité des contrôles techniques en cours d'exécution (matériaux, fabrication de matériaux sur chantier, conformité au plan.) et décider des éventuelles corrections à apporter 
-Organiser, ordonnancer, piloter les travaux et veiller à la gestion contractuelle du marché 
 
Livraison des ouvrages 
Commerce : 
-Assurer un contact régulier avec les clients connus 
-Démarcher de nouveaux clients 
 

Issu(e) d'une formation de niveau Bac5 (école d'ingénieur.) en génie civil, travaux publics ou bâtiment, vous justifiez d'une expérience Chef de Chantier, idéalement acquise en travaux publics. 
Si vous avez pour projet d'évoluer sur un poste de Chef de Secteur, alors cette entreprise peut vous permettre d'atteindre cet objectif ! 
 
Qualités requises : 
 
-Avoir le sens du service et de la relation client 
-Animer une réunion 
-Faire preuve d'analyse et de synthèse 
-Etre orienté Résultats 
-Faire preuve d'adaptation 
-Faire preuve d'anticipation 
-Faire preuve de rigueur 
-Gérer son temps et ses priorités ainsi que celles de son équipe 
-Savoir fédérer 
 
 

Avantages : 
- Véhicule de fonction",2025-05-09T20:05:23.360Z,2025-05-09T20:05:23.613Z,"{'libelle': '86 - Poitiers', 'latitude': 46.586578, 'longitude': 0.35668, 'codePostal': '86000', 'commune': '86194'}",F1201,Conducteur / Conductrice de travaux,Conducteur / Conductrice de travaux,"{'nom': 'MANPOWER', 'description': 'Faites confiance à Manpower, votre partenaire emploi :\n- Des opportunités nombreuses et diversifiées\n- Une expertise RH et des conseils emploi\n- Une employabilité durable avec le programme MyPath® \n- Des démarches facilitées \n- Des avantages et des services', 'entrepriseAdaptee': False}",CDI,CDI,Contrat travail,E,3 An(s),,{'libelle': 'Annuel de 40000.0 Euros à 49000.0 Euros sur 12.0 mois'},35H Travail en journée,Temps plein,False,"{'nom': 'MANPOWER - Mme AUDREY FERRAND', 'coordonnees1': 'https://www.manpower.fr/offers/details/1101239014?partenaire=FRANCE_TRAVAIL', 'urlPostulation': 'https://www.manpower.fr/offers/details/1101239014?partenaire=FRANCE_TRAVAIL'}",{},1,False,,,2,Ouvrier spécialisé,78.20Z,78,Activités des agences de travail temporaire,,"{'origine': '1', 'urlOrigine': 'https://candidat.francetravail.fr/offres/recherche/detail/192FJGV'}",False,{'horaires': ['35H Travail en journée']},,,
192FJGT,Assistant administratif (H/F),"Manpower MULHOUSE TERTIAIRE recherche pour son client, un acteur du secteur de l'Industrie pharmaceutique, un Assistant administratif technique - documentaliste (H/F) 
 
37.5 / semaine  prorata du 13 mois  transport
 

Maitrise de Word et des mises en forme impérativement 
Excel niveau de base 
Saisie dans un ERP (SAP) quantité produit référence de lot / date etc. 
Revue dossier de lot (niveau base date visa, BPF et cohérence de données) 
Interaction avec les opérationnels pour correction des dossiers. 
Impression de documentation et étiquettes 
 

Diplôme de niveau BAC2 dans les domaines du secrétariat ou de la gestion administrative 
Vous maîtrisez l'outil informatique et notamment le pack office ; 
Vous êtes rigoureux(se), organisé(e), réactif(ve)",2025-05-09T20:05:20.982Z,2025-05-09T20:05:21.206Z,"{'libelle': '68 - Huningue', 'latitude': 47.5917, 'longitude': 7.57858, 'codePostal': '68330', 'commune': '68149'}",M1607,Secrétaire,Assistant administratif / Assistante administrative,"{'nom': 'MANPOWER MULHOUSE BTP-TERTIAIRE', 'description': 'Faites confiance à Manpower, votre partenaire emploi :\n- Des opportunités nombreuses et diversifiées\n- Une expertise RH et des conseils emploi\n- Une employabilité durable avec le programme MyPath® \n- Des démarches facilitées \n- Des avantages et des services', 'entrepriseAdaptee': False}",MIS,Intérim - 3 Mois,Contrat travail,E,2 An(s),,{'libelle': 'Horaire de 13.8 Euros sur 12.0 mois'},35H Travail en journée,Temps plein,False,"{'nom': 'MANPOWER MULHOUSE BTP-TERTIAIRE - Mme Tertiaire et Cadres Agence Manpower Mulhouse', 'coordonnees1': 'https://www.manpower.fr/offers/details/1101239013?partenaire=FRANCE_TRAVAIL', 'urlPostulation': 'https://www.manpower.fr/offers/details/1101239013?partenaire=FRANCE_TRAVAIL'}",{},1,False,,,2,Ouvrier spécialisé,78.20Z,78,Activités des agences de travail temporaire,,"{'origine': '1', 'urlOrigine': 'https://candidat.francetravail.fr/offres/recherche/detail/192FJGT'}",False,{'horaires': ['35H Travail en journée']},,,"[{'libelle': 'Anglais', 'exigence': 'S'}]"
192FJGS,Manoeuvre (H/F),"Manpower GIEN recherche pour son client, spécialisé en chaudronnerie, tolerie, métallerie et structure métallique un Manoeuvre H/F pour intervenir sur Centrale Nucléaire.
Sous la responsabilité du chef d'équipe, vous aurez pour mission : 
-Pose de cloture 
-Bardage 
-Respect des consignes de sécurité sur le chantier 
-Manutentions diverses 
 
 
 
 
Vous avez une première réussie en tant que manoeuvre sur les chantiers et vos habilitations nucléaires RP1/SCN1 et CSQ sont à jour. 
 
Vous aimez le travail en extérieur et vous avez une vraie culture chantier ! 
 
Votre esprit d'équipe, votre rigueur et votre réactivité complètent votre profil. Postulez dès maintenant ! 
 
Pourquoi rejoindre Manpower ? 
Manpower est une entreprise avec plus de 70 ans d'expérience qui comprend les besoins spécifique des candidats. Vous serez accompagné par un interlocuteur dédié tout au long de votre parcours professionnel. 
Vous aurez également accès à des avantages dès votre inscription. 
 
N'attendez plus et échanger avec nos équipes, en cliquant sur « POSTULER » !",2025-05-09T20:05:18.599Z,2025-05-09T20:05:18.835Z,"{'libelle': '18 - Belleville-sur-Loire', 'latitude': 47.496122, 'longitude': 2.823516, 'codePostal': '18240', 'commune': '18026'}",N1105,Manutentionnaire,Manœuvre manutentionnaire,"{'nom': 'MANPOWER', 'description': 'Faites confiance à Manpower, votre partenaire emploi :\n- Des opportunités nombreuses et diversifiées\n- Une expertise RH et des conseils emploi\n- Une employabilité durable avec le programme MyPath® \n- Des démarches facilitées \n- Des avantages et des services', 'entrepriseAdaptee': False}",MIS,Intérim - 1 Mois,Contrat travail,D,Débutant accepté,,{'libelle': 'Horaire de 11.88 Euros sur 12.0 mois'},35H Travail en journée,Temps plein,False,"{'nom': 'MANPOWER - Mme Celine ROCHE', 'coordonnees1': 'https://www.manpower.fr/offers/details/1101239010?partenaire=FRANCE_TRAVAIL', 'urlPostulation': 'https://www.manpower.fr/offers/details/1101239010?partenaire=FRANCE_TRAVAIL'}",{},1,False,,,2,Ouvrier spécialisé,78.20Z,78,Activités des agences de travail temporaire,,"{'origine': '1', 'urlOrigine': 'https://candidat.francetravail.fr/offres/recherche/detail/192FJGS'}",False,{'horaires': ['35H Travail en journée']},,,
192FJGQ,Chef de chantier (H/F),"
-Vous souhaitez contribuer, participer et vous investir dans un environnement de travail dynamique ? 
-Vous justifiez d'une expérience réussie au poste de Chef de Chantier VRD H/F ? 
-Vous avez envie d'exercer sur la côte Atlantique ? en Charente Maritime ? 
 

 
Alors POSTULEZ ! 
 
Poste à pourvoir en CDI 
Sur le secteur de Surgères 
Salaire Variable selon expérience 
 
#chefdechantier #tp #charentemaritime #emploi #cdi 
 

Au sein des équipes de l'agence, vous intervenez dans la gestion complète de vos chantiers VRD. 
 
Concrètement, vous serez en charge de : 
-La préparation de chantier, 
-Le suivi et le respect des planning et budget du conducteur de travaux, 
-L'approvisionnement du chantier dans tous les domaines (matériels, matériaux, humain.), 
-Le reporting de vos chantiers auprès du conducteur de travaux et des services administratifs de l'agence, 
-Organiser, planifier et superviser le travail des équipes de production au quotidien dans la réalisation des travaux. 
 

 
Vous êtes responsable du matériel, de vos hommes, des méthodes et de l'expertise technique ainsi que de la qualité d'exécution. Vous assurez le respect des règles de vie, de sécurité et d'environnement sur le chantier. 
 
 
 

Vous êtes rigoureux(se) et polyvalent(e) ? 
Vous disposez d'un bon esprit d'équipe et d'une bonne capacité de management ? 
 
Nous recherchons une personne ayant : 
-Des compétences techniques en Chaussées, VRD, Réseaux humides et Terrassement, 
-Une expérience terrain de 3 ans minimum dans la gestion de chantier et la gestion d'équipe. 
-Vous êtes issu(e) d'une formation technique niveau Bac à Bac2/3. Votre respect des objectifs et votre implication feront de vous le prochain collaborateur ! 
 

 
Alors si vous souhaitez vous investir au sein d'un grand groupe capable de vous offrir de réelles opportunités de carrière, n'attendez plus et POSTULEZ !",2025-05-09T20:05:13.741Z,2025-05-09T20:05:13.986Z,"{'libelle': '17 - Surgères', 'latitude': 46.103571, 'longitude': -0.756848, 'codePostal': '17700', 'commune': '17434'}",F1202,Chef / Cheffe de chantier,Chef / Cheffe de chantier,"{'nom': 'MANPOWER', 'description': 'Faites confiance à Manpower, votre partenaire emploi :\n- Des opportunités nombreuses et diversifiées\n- Une expertise RH et des conseils emploi\n- Une employabilité durable avec le programme MyPath® \n- Des démarches facilitées \n- Des avantages et des services', 'entrepriseAdaptee': False}",CDI,CDI,Contrat travail,E,3 An(s),,"{'commentaire': 'Autres', 'complement1': 'Autre'}",35H Travail en journée,Temps plein,False,"{'nom': 'MANPOWER - Mme AUDREY FERRAND', 'coordonnees1': 'https://www.manpower.fr/offers/details/1101239008?partenaire=FRANCE_TRAVAIL', 'urlPostulation': 'https://www.manpower.fr/offers/details/1101239008?partenaire=FRANCE_TRAVAIL'}",{},1,False,,,2,Ouvrier spécialisé,78.20Z,78,Activités des agences de travail temporaire,,"{'origine': '1', 'urlOrigine': 'https://candidat.francetravail.fr/offres/recherche/detail/192FJGQ'}",False,{'horaires': ['35H Travail en journée']},,,
192FJGL,Installateur/poseur (H/F),"L'Agence Manpower de CROLLES recherche pour son client, un Installateur/poseur de panneaux solaires à Villard-Bonnot (H/F)
 

 En tant que technicien installateur photovoltaïque, vous interviendrez sur des chantiers pour : 
-Installer et raccorder des panneaux solaires sur toiture 
-Effectuer les travaux électriques nécessaires à la mise en service 
-Assurer la sécurité sur site, notamment lors des interventions en hauteur 
 
 Compétences requises : 
-Solides connaissances en électricité et travaux de toiture 
-Lecture de plans techniques 
-Respect des consignes de sécurité 
 
 
-Expérience de 1 à 3 ans sur un poste similaire 
-Habilitations obligatoires : 
-Travail en hauteur 
-Habilitation électrique (à jour) 
 
",2025-05-09T20:05:04.034Z,2025-05-09T20:05:04.249Z,"{'libelle': '38 - Villard-Bonnot', 'latitude': 45.243511, 'longitude': 5.888125, 'codePostal': '38190', 'commune': '38547'}",F1604,Plaquiste,Monteur-poseur / Monteuse-poseuse en agencement,"{'nom': 'MANPOWER', 'description': 'Faites confiance à Manpower, votre partenaire emploi :\n- Des opportunités nombreuses et diversifiées\n- Une expertise RH et des conseils emploi\n- Une employabilité durable avec le programme MyPath® \n- Des démarches facilitées \n- Des avantages et des services', 'entrepriseAdaptee': False}",MIS,Intérim - 2 Mois,Contrat travail,E,2 An(s),,"{'commentaire': 'Autres', 'complement1': 'Autre'}",35H Travail en journée,Temps plein,False,"{'nom': 'MANPOWER - Mme Asma CHERRAD', 'coordonnees1': 'https://www.manpower.fr/offers/details/1101239004?partenaire=FRANCE_TRAVAIL', 'urlPostulation': 'https://www.manpower.fr/offers/details/1101239004?partenaire=FRANCE_TRAVAIL'}",{},1,False,,,2,Ouvrier spécialisé,78.20Z,78,Activités des agences de travail temporaire,,"{'origine': '1', 'urlOrigine': 'https://candidat.francetravail.fr/offres/recherche/detail/192FJGL'}",False,{'horaires': ['35H Travail en journée']},,,
192FJGJ,Technicien qualité (H/F),"Manpower MULHOUSE TERTIAIRE recherche pour son client, un acteur du secteur de l'Industrie pharmaceutique, un Technicien qualité pharmaceutique (H/F) 
 
Horaires : Journée - 37h30 par semaine
 
-Préparer la revue technique des produits fabriqués hors Europe et destinés au marché européen (formes sèches, pommades, vaccins, etc.). 
-Gérer l'archivage de la documentation pour le service. 
-Veiller au respect de la mise en forme des documents (maîtrise du pack Office exigée). 
-Assurer la traçabilité des procédures et instructions de travail. 
-Contrôler les corrections documentaires : vérification des délais et de la conformité au processus. 
 
 
-Maîtrise de l'anglais à l'écrit (rédaction de mails, documentation technique). 
-Excellente maîtrise de Word et Excel impérativement 
-Expérience avec un ERP, SAP serait un plus. 
-Capacité à rédiger et à synthétiser. 
-Formation Bac 2 en pharmacie ou équivalent. 
",2025-05-09T20:04:58.267Z,2025-05-09T20:04:58.488Z,"{'libelle': '68 - Huningue', 'latitude': 47.5917, 'longitude': 7.57858, 'codePostal': '68330', 'commune': '68149'}",H1502,Responsable qualité en industrie,Qualiticien(ne) management de la qualité en industrie,"{'nom': 'MANPOWER MULHOUSE BTP-TERTIAIRE', 'description': 'Faites confiance à Manpower, votre partenaire emploi :\n- Des opportunités nombreuses et diversifiées\n- Une expertise RH et des conseils emploi\n- Une employabilité durable avec le programme MyPath® \n- Des démarches facilitées \n- Des avantages et des services', 'entrepriseAdaptee': False}",MIS,Intérim - 6 Mois,Contrat travail,E,2 An(s),,{'libelle': 'Mensuel de 2400.0 Euros sur 12.0 mois'},35H Travail en journée,Temps plein,False,"{'nom': 'MANPOWER MULHOUSE BTP-TERTIAIRE - Mme Tertiaire et Cadres Agence Manpower Mulhouse', 'coordonnees1': 'https://www.manpower.fr/offers/details/1101239001?partenaire=FRANCE_TRAVAIL', 'urlPostulation': 'https://www.manpower.fr/offers/details/1101239001?partenaire=FRANCE_TRAVAIL'}",{},1,False,,,2,Ouvrier spécialisé,78.20Z,78,Activités des agences de travail temporaire,,"{'origine': '1', 'urlOrigine': 'https://candidat.francetravail.fr/offres/recherche/detail/192FJGJ'}",False,{'horaires': ['35H Travail en journée']},,,"[{'libelle': 'Anglais', 'exigence': 'S'}]"
192FJGC,Agent de maintenance (H/F),"Rejoignez une entreprise spécialisée dans les procédés de traitements et revêtements de surface ! 
Notre client recherche un Agent de maintenance (H/F)
 

Nous recherchons un(e) Agent de Maintenance pour rejoindre leur équipe. Vous serez responsable des opérations de maintenance préventive et curative des installations, machines et équipements de l'entreprise. 
Missions : 
-Réaliser les opérations de maintenance préventive et curative. 
-Participer à l'aménagement, à la rénovation et à l'entretien des locaux. 
-Mettre en place des Plans de Prévention et assurer les mesures de sécurité. 
-Contribuer aux actions d'amélioration continue et d'économie d'énergie. 
 
 

Profil recherché : 
-Compétences en électromécanique, automatisme et soudure. 
-Connaissances en mécanique, électricité, électrotechnique, hydraulique, pneumatique. 
-Habilitations électriques (H2, B2, BC, BR). 
-CACES / Conduite de nacelle élévatrice. 
 Avantages : 
-Environnement de travail dynamique et collaboratif. 
-Opportunités de développement professionnel et de formation continue. 
-Participation à des projets innovants et stimulants. 
-Rémunération attractive selon votre expérience et adéquation au poste. 
 

Si vous êtes rigoureux(se), avez des compétences techniques solides et souhaitez contribuer à la maintenance et à l'amélioration de nos installations, ce poste est fait pour vous ! Rejoignez leurs équipes et participez à notre engagement en matière de qualité et sécurité.",2025-05-09T20:04:46.064Z,2025-05-09T20:04:46.299Z,"{'libelle': '33 - Latresne', 'latitude': 44.791107, 'longitude': -0.495604, 'codePostal': '33360', 'commune': '33234'}",I1203,Agent / Agente d'entretien du bâtiment,Agent(e) entretien maintenance polyvalent(e) en collectivité,"{'nom': 'MANPOWER FRANCE', 'description': 'Faites confiance à Manpower, votre partenaire emploi :\n- Des opportunités nombreuses et diversifiées\n- Une expertise RH et des conseils emploi\n- Une employabilité durable avec le programme MyPath® \n- Des démarches facilitées \n- Des avantages et des services', 'entrepriseAdaptee': False}",CDI,CDI,Contrat travail,E,2 An(s),,{'libelle': 'Mensuel de 2000.0 Euros à 2300.0 Euros sur 12.0 mois'},35H Travail en journée,Temps plein,False,"{'nom': 'MANPOWER FRANCE - Mme Christelle HESLOUIS', 'coordonnees1': 'https://www.manpower.fr/offers/details/1101238996?partenaire=FRANCE_TRAVAIL', 'urlPostulation': 'https://www.manpower.fr/offers/details/1101238996?partenaire=FRANCE_TRAVAIL'}",{},1,False,,,2,Ouvrier spécialisé,78.20Z,78,Activités des agences de travail temporaire,,"{'origine': '1', 'urlOrigine': 'https://candidat.francetravail.fr/offres/recherche/detail/192FJGC'}",False,{'horaires': ['35H Travail en journée']},,,
192FJGB,Dessinateur projeteur BTP (H/F),"Manpower BELFORT BTP recherche pour son client, un acteur du secteur du BTP, un Dessinateur Projeteur H/F, autonome, rigoureux(se) et curieux(se) technologiquement.
En lien étroit avec le conducteur de travaux, les ingénieurs et les équipes terrain, vous serez chargé(e) de : 
-Élaborer les plans d'exécution, de conception et de détail (2D/3D) à partir du cahier des charges ou des relevés sur site 
-Réaliser des modélisations techniques sur logiciel CAO/DAO (AutoCAD, Revit, ou équivalents) 
-Concevoir des plans de coffrage, ferraillage, VRD, structures, réseaux ou aménagements selon spécialité 
-Participer à la préparation des dossiers techniques pour les appels d'offres et les consultations 
-Mettre à jour les documents en fonction des évolutions de chantier 
-Être en appui technique pour les équipes de chantier si besoin 
 
 
-Formation Bac 2 à Bac 3 type BTS/DUT Génie Civil, Licence pro ou équivalent 
-Expérience souhaitée de 2 à 5 ans dans un poste similaire (dessin technique BTP, VRD, TCE, gros œuvre, selon spécialité) 
-Maîtrise des outils CAO/DAO (AutoCAD, Revit, Covadis, ArchiCAD, etc.) 
-Bonne compréhension des normes techniques et de la lecture de plans 
-Rigueur, autonomie, esprit d'analyse et capacité à travailler en équipe 
-La connaissance de logiciels de modélisation BIM est un vrai plus 
Devenir salarié(e) intérimaire chez Manpower vous permet de bénéficier de nombreux avantages spécifiques à votre statut en fonction du nombre d'heures de mission que vous avez effectuées. 
Les avantages se cumulent en fonction de votre ancienneté (CSE, CSEC, chèques vacances, Compte épargne Temps et bien plus encore... ). 
 
Cette offre vous reflète ? Postulez sous cette annonce en ligne, par téléphone ou en visite agence",2025-05-09T20:04:43.556Z,2025-05-09T20:04:43.807Z,"{'libelle': '90 - Belfort', 'latitude': 47.640938, 'longitude': 6.857469, 'codePostal': '90000', 'commune': '90010'}",F1104,Dessinateur / Dessinatrice du BTP,Dessinateur-projeteur / Dessinatrice-projeteuse du BTP,"{'nom': 'MANPOWER FRANCE', 'description': 'Faites confiance à Manpower, votre partenaire emploi :\n- Des opportunités nombreuses et diversifiées\n- Une expertise RH et des conseils emploi\n- Une employabilité durable avec le programme MyPath® \n- Des démarches facilitées \n- Des avantages et des services', 'entrepriseAdaptee': False}",MIS,Intérim - 6 Mois,Contrat travail,E,3 An(s),,{'libelle': 'Horaire de 13.0 Euros à 17.0 Euros sur 12.0 mois'},35H Travail en journée,Temps plein,False,"{'nom': 'MANPOWER FRANCE - Mme FLAVIE GREMILLET', 'coordonnees1': 'https://www.manpower.fr/offers/details/1101238994?partenaire=FRANCE_TRAVAIL', 'urlPostulation': 'https://www.manpower.fr/offers/details/1101238994?partenaire=FRANCE_TRAVAIL'}",{},1,False,,,2,Ouvrier spécialisé,78.20Z,78,Activités des agences de travail temporaire,,"{'origine': '1', 'urlOrigine': 'https://candidat.francetravail.fr/offres/recherche/detail/192FJGB'}",False,{'horaires': ['35H Travail en journée']},,,
192FJFY,Préparateur de commandes (H/F),"Manpower TOURNON recherche pour son client, spécialisé dans la logistique non frigorifique , des Préparateurs de commandes H/F .
 
-Réception : 
-Comptage colis 
-Vérification conformité 
-Réception selon procédures / instructions 
-Mise en stock 
 
-Préparation de commandes au scan : 
-Préparation de commandes à la pièce (petit et gros volumes à préparer) Selon les instructions données par le bureau Admin 
-Préparation de commandes au colis complet (pouvant aller jusque 500 colis à préparer un à deux jours par semaine) Conformément aux directives du bureau admin 
 
-@ commerce : 
-Préparation de commandes à la pièce (regroupant plusieurs commandes clients) 
-Dispach : Tri des pièces et répartition des pièces par client final  emballage sous enveloppes (logiciel client) 
 
-Inventaires (compter colis et ou pièces) détail sur fichier papier 
-Réorganisation de stock - déplacement de colis selon instructions données par le bureau 
-Remonter les anomalies aux responsables 
-Respect des horaires et des règles de sécurité du site. 
 Horaire hors braderie 9H 16H30. Pendant la braderie, la plage horaire (7H 19H) sera divisée en 2 équipes. Attention le vendredi 30 MAI et samedi 31 MAI seront travaillés.
 
-Dynamisme 
-Compréhension des différents process (différentes méthodes de travail selon typologie des commandes) 
-Réactivité 
-Savoir se repérer dans l'espace (zones très étendues) 
-Expérience minimum sur la préparation de commandes, ou end rive ou restauration rapide. 
-Savoir se servir d'un scan 
-Rigueur / qualité 
-Réactivité / Ponctualité. 
",2025-05-09T20:04:38.503Z,2025-05-09T20:04:38.781Z,"{'libelle': ""26 - Tain-l'Hermitage"", 'latitude': 45.068397, 'longitude': 4.84867, 'codePostal': '26600', 'commune': '26347'}",N1103,Préparateur / Préparatrice de commandes,Préparateur / Préparatrice de commandes,"{'nom': 'MANPOWER FRANCE', 'description': 'Faites confiance à Manpower, votre partenaire emploi :\n- Des opportunités nombreuses et diversifiées\n- Une expertise RH et des conseils emploi\n- Une employabilité durable avec le programme MyPath® \n- Des démarches facilitées \n- Des avantages et des services', 'entrepriseAdaptee': False}",MIS,Intérim - 1 Mois,Contrat travail,D,Débutant accepté,,{'libelle': 'Horaire de 11.88 Euros sur 12.0 mois'},35H Travail en journée,Temps plein,False,"{'nom': 'MANPOWER FRANCE - Mme ALEXANDRA PEYRET', 'coordonnees1': 'https://www.manpower.fr/offers/details/1101238992?partenaire=FRANCE_TRAVAIL', 'urlPostulation': 'https://www.manpower.fr/offers/details/1101238992?partenaire=FRANCE_TRAVAIL'}",{},1,False,,,2,Ouvrier spécialisé,78.20Z,78,Activités des agences de travail temporaire,,"{'origine': '1', 'urlOrigine': 'https://candidat.francetravail.fr/offres/recherche/detail/192FJFY'}",False,{'horaires': ['35H Travail en journée']},,,
192FJFW,Ingénieur automaticien (H/F),"Notre client est un acteur reconnu dans la transition énergétique. Il intervient notamment sur des projets en Electricité Industrielle et Automatismes. 
 
Dans le cadre de son développement, nous recherchons un Chargé d'études en électrotechnique et automatismes (H/F) pour réaliser de la programmation en automatisme industrielle et mise en service. 
 
Poste à pourvoir dès que possible en CDI. 
Basé à Rochefort. 
Salaire Variable selon profil de 35 à 40 K.
Le Chargé d'Etudes et automatismes H/F : 
-Recherche les solutions techniques les plus économiques, 
-Connait les exigences règlementaires et techniques, 
-Se tient informé des évolutions de normes et des innovations techniques, 
-Répond aux questions techniques, 
-Réalise les études nécessaires à la constitution des dossiers de mise en œuvre (plans d'implantation, schémas électriques,.) 
-Prépare l'approvisionnement des matériels et appareils : caractéristiques, nombre. 
-Constitue le dossier chantier et le transmet au CT, 
-Fait les plans de récolement, actualise la liste des matériels posés, synoptiques de câblage, 
-Réalise les programmes des automates conformément à l'analyse fonctionnelle supervision, pupitres, télégestion, 
-Valide les programmations en essais plateforme, 
-Assure la mise en service sur le terrain et vérifie qu'on est conforme à l'analyse fonctionnelle et valide le fonctionnement client. 
 
Dans ce cadre, il : 
-Peut visiter le site en amont ou en cours de chantier 
-Peut participer aux réunions de chantier 
-Gère ses temps d'études, respecte les délais 
-Assure l'optimisation des coûts de son étude 
-Gère les dysfonctionnements et les remonte à son responsable 
-S'intéresse aux résultats d'affaires 
-Echange régulièrement avec son responsable sur les informations commerciales, techniques, sociales. 
-Dialogue avec tous les interlocuteurs du projet client, MO, MOE, BC, BE 
-Communique les spécificités d'affaire aux différents intervenants de l'entreprise 
 
 
-Vous êtes issu(e) d'une formation BAC2 à Bac5 dans l'électricité, et vous justifiez d'une expérience significative similaire de 3 ans minimum. 
 
Compétences Techniques : 
-Maitrise de la programmation en automatisme industrielle et compétence pour la mise en service. 
-Connaitre les normes (NF C15-100 réalisation etc.) et la règlementation applicable au métier 
-Connaitre les familles de produits 
-Maitrise de la DAO 
-Maitrise des outils de programmation 
 
Qualités : 
-Esprit d'analyse et d'écoute 
-Rigueur/Organisation 
-Autonomie 
-Force de proposition 
-Empathie, remise en cause 
-Capacité de prendre du recul 
-Sens de l'équipe 
 
Poste au bureau d'études et sur le terrain.",2025-05-09T20:04:36.046Z,2025-05-09T20:04:36.332Z,"{'libelle': '17 - Rochefort', 'latitude': 45.94403, 'longitude': -0.967748, 'codePostal': '17300', 'commune': '17299'}",H1208,Automaticien / Automaticienne en bureau d'études,Automaticien / Automaticienne en bureau d'études,"{'nom': 'MANPOWER', 'description': 'Faites confiance à Manpower, votre partenaire emploi :\n- Des opportunités nombreuses et diversifiées\n- Une expertise RH et des conseils emploi\n- Une employabilité durable avec le programme MyPath® \n- Des démarches facilitées \n- Des avantages et des services', 'entrepriseAdaptee': False}",CDI,CDI,Contrat travail,E,2 An(s),,{'libelle': 'Annuel de 35000.0 Euros à 40000.0 Euros sur 12.0 mois'},35H Travail en journée,Temps plein,False,"{'nom': 'MANPOWER - Mme AUDREY FERRAND', 'coordonnees1': 'https://www.manpower.fr/offers/details/1101238990?partenaire=FRANCE_TRAVAIL', 'urlPostulation': 'https://www.manpower.fr/offers/details/1101238990?partenaire=FRANCE_TRAVAIL'}",{},1,False,,,2,Ouvrier spécialisé,78.20Z,78,Activités des agences de travail temporaire,,"{'origine': '1', 'urlOrigine': 'https://candidat.francetravail.fr/offres/recherche/detail/192FJFW'}",False,{'horaires': ['35H Travail en journée']},,,
192FJFV,Technicien contrôle qualité (H/F),"Venez intégrer un site d'excellence ! Proposer des traitements innovants en Santé Animale, c'est l'engagement de notre client depuis plus de 130 ans. Manpower ESPACE TOULOUSE CARNOT recherche pour son client, un acteur du secteur de l'Industrie pharmaceutique, un Technicien contrôle qualité physico-chimie (H/F) 
 
Rémunération 14,51 euros de l'heure brut  13ème et 14ème mois et diverses Primes. 
 
Longue mission
Réaliser les contrôles physico-chimiques libératoires des produits répartis dans le respect des exigences Qualités, HSE et Performance requises 
 
Missions principales 
-Effectuer les contrôles physico-chimiques des produits finis dans le cadre d'études de stabilités 
-Garantir la fiabilité et la traçabilité des résultats obtenus en les vérifiant rigoureusement et en consignant les données sur les supports appropriés (data integrity). Evaluer les tendances. 
-Identifier toutes les problématiques techniques ou les dysfonctionnements en assurant l'analyse, l'interprétation des résultats et être force de proposition dans l'élaboration des solutions. 
-Identifier les OOX éventuels et participer aux enquêtes selon la procédure en vigueur 
-Participer aux tâches de gestion laboratoire (rangement, nettoyage, préparation des réactifs, approvisionnement, . 
-Participer aux transferts analytiques 
-Enregistrer les données brutes de manière rigoureuse afin de garantir leur conformité 
-Analyser de façon critique les résultats obtenus 
-Exécuter le planning qui lui est confié et informe de manière proactive des avances-retards. 
-Effectuer les qualifications, étalonnage et maintenance des appareils qui lui sont confiés 
-Rédiger les procédures qui lui sont confiées 
-Participer aux réunions techniques (environ une fois par mois). 
 
Formation : BAC  2 (BTS ou DUT en chimie analytique) ou équivalent 
Une expérience requise d'un an minimum sur un poste similaire en laboratoire ou environnement pharmaceutique est souhaitée pour ce poste. 
 
Connaissances : Bonne connaissance des techniques analytiques en physico-chimie, ainsi que des méthodes générales de la pharmacopée européenne. 
Maîtrise des techniques HPLC, CPG, KF. 
Aisance dans l'utilisation des logiciels Word, Excel 
Bonne connaissance des référentiels pharmaceutiques, BPF et FDA 
 
Aptitudes : Rigueur, organisation, adaptation, Compétences relationnelles permettant de collaborer efficacement en équipe. 
 
Rémunération attractive  13ème et 14ème mois et diverses Primes. 
 
Ce poste est fait pour vous, n'hésitez pas à postuler ! 
 
Et venez profiter chez Manpower d'un compte épargne temps rémunéré, de formidables avantages Comité d'Entreprise, de primes de parrainage de 150 euros bruts, des réductions sur vos loisirs... 
Pourquoi attendre !",2025-05-09T20:04:33.378Z,2025-05-09T20:04:33.616Z,"{'libelle': '31 - Toulouse', 'latitude': 43.604082, 'longitude': 1.433805, 'codePostal': '31000', 'commune': '31555'}",H1504,Contrôleur / Contrôleuse technique en électricité-électronique,Technicien(ne) de contrôle-qualité en électronique,"{'nom': 'MANPOWER', 'description': 'Faites confiance à Manpower, votre partenaire emploi :\n- Des opportunités nombreuses et diversifiées\n- Une expertise RH et des conseils emploi\n- Une employabilité durable avec le programme MyPath® \n- Des démarches facilitées \n- Des avantages et des services', 'entrepriseAdaptee': False}",MIS,Intérim - 18 Mois,Contrat travail,E,3 An(s),,{'libelle': 'Horaire de 14.51 Euros sur 12.0 mois'},35H Travail en journée,Temps plein,False,"{'nom': 'MANPOWER - Mme Alice Robin', 'coordonnees1': 'https://www.manpower.fr/offers/details/1101238989?partenaire=FRANCE_TRAVAIL', 'urlPostulation': 'https://www.manpower.fr/offers/details/1101238989?partenaire=FRANCE_TRAVAIL'}",{},1,False,,,2,Ouvrier spécialisé,78.20Z,78,Activités des agences de travail temporaire,,"{'origine': '1', 'urlOrigine': 'https://candidat.francetravail.fr/offres/recherche/detail/192FJFV'}",False,{'horaires': ['35H Travail en journée']},,,
192FJFT,Conducteur de ligne de production (H/F),"Manpower DAGNEUX recherche pour son client, un acteur du secteur de la fabrication de mortiers et bétons secs, un Conducteur de Ligne de Production H/F. 
Ce poste se situe à Montluel (01120). 
 
Notre client est spécialisé dans la production de solutions pour la construction et la rénovation. 
Avec une équipe dédiée de 48 collaborateurs, il s'engage dans la qualité et l'innovation de ses produits.
Dans le cadre de vos fonctions, vous serez amené à : 
-Conduire une ligne de production complète incluant ensacheuse, palettiseur et housseuse. 
-Gérer le houssage et la production de sable. 
-Superviser le management d'un cariste. 
-Assurer le suivi de la qualité et de la sécurité sur la ligne de production. 
-Maintenir les équipements de production en bon état. 
-Participer à la formation sur la conduite de chargeuse et à l'habilitation électrique. 
-Travailler en respectant les normes environnementales et de sécurité. 
-Effectuer les réglages nécessaires pour optimiser la production. 
 Rémunération : 12,70/h  13ème mois  panier jour 
Horaire : Journée mais possibilité de 2X8 ou 3X8 selon l'activité 
Expérience en conduite de ligne de production souhaitée. 
Connaissances en mécanique ou électricité appréciées. 
La détention du CACES 3 et 5 serait un plus. 
 
Vous êtes dynamique et rigoureux ? 
Alors ce poste est fait pour vous ! Postulez dès maintenant, notre équipe recrutement vous recontacte. 
 
Rejoindre Manpower c'est aussi: 
-profitez d'un CET à un taux d'intérêt à 8% 
-d'un accompagnement personnalisé 
-des avantages sociaux culturels du CSE Manpower 
",2025-05-09T20:04:30.944Z,2025-05-09T20:04:31.173Z,"{'libelle': '01 - Dagneux', 'latitude': 45.849024, 'longitude': 5.071242, 'codePostal': '01120', 'commune': '01142'}",H2906,Opérateur / Opératrice en fabrication mécanique,Conducteur(trice) machine auto montage-assemblage mécanique,"{'nom': 'MANPOWER', 'description': 'Faites confiance à Manpower, votre partenaire emploi :\n- Des opportunités nombreuses et diversifiées\n- Une expertise RH et des conseils emploi\n- Une employabilité durable avec le programme MyPath® \n- Des démarches facilitées \n- Des avantages et des services', 'entrepriseAdaptee': False}",MIS,Intérim - 18 Mois,Contrat travail,D,Débutant accepté,,{'libelle': 'Horaire de 12.7 Euros sur 12.0 mois'},35H Travail en journée,Temps plein,False,"{'nom': 'MANPOWER - Mme Océane  HERNANDEZ', 'coordonnees1': 'https://www.manpower.fr/offers/details/1101238988?partenaire=FRANCE_TRAVAIL', 'urlPostulation': 'https://www.manpower.fr/offers/details/1101238988?partenaire=FRANCE_TRAVAIL'}",{},1,False,,,2,Ouvrier spécialisé,78.20Z,78,Activités des agences de travail temporaire,,"{'origine': '1', 'urlOrigine': 'https://candidat.francetravail.fr/offres/recherche/detail/192FJFT'}",False,{'horaires': ['35H Travail en journée']},,,
192FJFS,Agent d'entretien (H/F),"Manpower Carros recherche pour son client VIRBAC, acteur du secteur de l'Industrie pharmaceutique, un Agent d'entretien de laboratoire (H/F)
Missions : 
-Préparer les boxs de laboratoire. 
-Assurer la remise à blanc des zones de production selon les protocoles de nettoyage stricts. 
-Effectuer le démontage et remontage du matériel après chaque nettoyage pour garantir leur bon fonctionnement et leur propreté. 
-Gérer l'approvisionnement des consommables en zone de production (équipements de protection, produits de nettoyage, etc.). 
-Veiller à l'application des normes d'hygiène, de sécurité et des procédures qualité en vigueur. 
 
 
-Expérience dans l'entretien et la gestion des équipements dans des environnements techniques ou sensibles (laboratoires, production industrielle, etc.). 
-Capacité à travailler de manière rigoureuse et autonome. 
-Bonne aptitude à démonter/remonter du matériel technique. 
",2025-05-09T20:04:28.727Z,2025-05-09T20:04:28.964Z,"{'libelle': '06 - Carros', 'latitude': 43.784043, 'longitude': 7.191567, 'codePostal': '06510', 'commune': '06033'}",K2204,Agent / Agente de nettoyage industriel,Agent / Agente d'entretien de nettoyage industriel,"{'nom': 'MANPOWER FRANCE', 'description': 'Faites confiance à Manpower, votre partenaire emploi :\n- Des opportunités nombreuses et diversifiées\n- Une expertise RH et des conseils emploi\n- Une employabilité durable avec le programme MyPath® \n- Des démarches facilitées \n- Des avantages et des services', 'entrepriseAdaptee': False}",MIS,Intérim - 1 Mois,Contrat travail,E,2 An(s),,{'libelle': 'Horaire de 12.43 Euros sur 12.0 mois'},35H Travail en journée,Temps plein,False,"{'nom': 'MANPOWER FRANCE - Mme Véronique SERRA', 'coordonnees1': 'https://www.manpower.fr/offers/details/1101238987?partenaire=FRANCE_TRAVAIL', 'urlPostulation': 'https://www.manpower.fr/offers/details/1101238987?partenaire=FRANCE_TRAVAIL'}",{},2,False,,,2,Ouvrier spécialisé,78.20Z,78,Activités des agences de travail temporaire,,"{'origine': '1', 'urlOrigine': 'https://candidat.francetravail.fr/offres/recherche/detail/192FJFS'}",False,{'horaires': ['35H Travail en journée']},,,
192FJFR,Technicien de maintenance (H/F),"

Manpower LYON BATIMENT SECOND OEUVRE recherche pour son client, un acteur du secteur du BTP, un Technicien de maintenance chauffage et climatisation (H/F) 
 

Le technicien chauffagiste interviendra sur les installations suivantes : 
-Quelques chaudières murales de 23 kW, 
-Mais principalement des brûleurs à gaz de 150 à 400 kW montés sur des chaudières au sol ou des générateurs d'air chaud dans les ateliers SNCF. 
 

 
Secteur Vénissieux, St Priest, et un peu sur le Nord Isère (La Verpillière, St Quentin Fallavier, Tour du Pin) 
 
Pas d'opérations multi techniques, uniquement du CVC, 
Des connaissances en climatisation et VRV seraient un plus, 
Une habilitation nacelle ou CACES serait également la bienvenue mais pas obligatoire. 
 

Expérience dans les chaufferies, 
- Formation plombier chauffagiste, 
- Nécessité du permis B pour utilisation du véhicule de service",2025-05-09T20:04:26.135Z,2025-05-09T20:04:26.394Z,"{'libelle': '69 - Lyon 2e Arrondissement', 'latitude': 45.750351, 'longitude': 4.826148, 'codePostal': '69002', 'commune': '69382'}",I1203,Agent / Agente d'entretien du bâtiment,Technicien polyvalent / Technicienne polyvalente du bâtiment,"{'nom': 'MANPOWER FRANCE', 'description': 'Faites confiance à Manpower, votre partenaire emploi :\n- Des opportunités nombreuses et diversifiées\n- Une expertise RH et des conseils emploi\n- Une employabilité durable avec le programme MyPath® \n- Des démarches facilitées \n- Des avantages et des services', 'entrepriseAdaptee': False}",MIS,Intérim - 3 Mois,Contrat travail,E,5 An(s),,{'libelle': 'Horaire de 12.0 Euros à 14.0 Euros sur 12.0 mois'},35H Travail en journée,Temps plein,False,"{'nom': 'MANPOWER FRANCE - Mme Valérie Dufossez', 'coordonnees1': 'https://www.manpower.fr/offers/details/1101238986?partenaire=FRANCE_TRAVAIL', 'urlPostulation': 'https://www.manpower.fr/offers/details/1101238986?partenaire=FRANCE_TRAVAIL'}",{},3,False,,,2,Ouvrier spécialisé,78.20Z,78,Activités des agences de travail temporaire,,"{'origine': '1', 'urlOrigine': 'https://candidat.francetravail.fr/offres/recherche/detail/192FJFR'}",False,{'horaires': ['35H Travail en journée']},,,
192FJFP,Electricien du bâtiment (H/F),"Vous êtes un électricien qualifié (H/F) à la recherche d'un poste stimulant ? 
 
Rejoignez notre client et contribuez à la réalisation de projets de maisons individuelles neuves et en rénovation.
Vous intervenez sur des chantiers de maisons individuelles (neuves ou en rénovation) sur le secteur de Liffré et le bassin Rennais. 
 
Missions principales : 
 
Réalisation des installations électriques complètes sur des chantiers de maisons individuelles 
Pose de câblages, appareillages et raccordements électriques. 
Mise en conformité des installations selon les normes électriques en vigueur. 
Lecture et interprétation des schémas techniques pour une installation optimale et conforme. 
 
Horaires : 39 heures par semaine 
 Du lundi au jeudi 8H00 - 17H00 
 Vendredi 08H00 - 13H00 
 
Panier Repas : 12,14 euros/jour 
Véhicule de fonction
Vous avez au moins 3 ans d'expérience dans un poste similaire. 
 
Vous êtes autonome, rigoureux(se), réactif(ve) et appréciez le travail en équipe. 
 
Ce poste vous correspond ? Alors n'attendez plus et postulez dès maintenant. 
 
Rejoindre le groupe Manpower en tant qu'intérimaire vous permettra au-delà d'acquérir de l'expérience professionnelle, de bénéficier des avantages de notre groupe : 
CSEC : chèques vacances, remboursement location vacances, voyages ... 
CSE régional : remboursement sport et culture, loisirs, billetterie, courts séjours et week-end 
-Manpower vous donne la possibilité de valoriser vos indemnités de fin de mission et vos CP jusqu'à 8% d'intérêts en les plaçant sur un Compte Epargne Temps",2025-05-09T20:04:21.091Z,2025-05-09T20:04:21.322Z,"{'libelle': '35 - Liffré', 'latitude': 48.202848, 'longitude': -1.478705, 'codePostal': '35340', 'commune': '35152'}",F1602,Électricien / Électricienne du bâtiment,Électricien / Électricienne du bâtiment,"{'nom': 'MANPOWER', 'description': 'Faites confiance à Manpower, votre partenaire emploi :\n- Des opportunités nombreuses et diversifiées\n- Une expertise RH et des conseils emploi\n- Une employabilité durable avec le programme MyPath® \n- Des démarches facilitées \n- Des avantages et des services', 'entrepriseAdaptee': False}",MIS,Intérim - 1 Mois,Contrat travail,E,3 An(s),,{'libelle': 'Horaire de 13.48 Euros à 15.7 Euros sur 12.0 mois'},35H Travail en journée,Temps plein,False,"{'nom': 'MANPOWER - Mme Manuela HUET', 'coordonnees1': 'https://www.manpower.fr/offers/details/1101238982?partenaire=FRANCE_TRAVAIL', 'urlPostulation': 'https://www.manpower.fr/offers/details/1101238982?partenaire=FRANCE_TRAVAIL'}",{},1,False,,,2,Ouvrier spécialisé,78.20Z,78,Activités des agences de travail temporaire,,"{'origine': '1', 'urlOrigine': 'https://candidat.francetravail.fr/offres/recherche/detail/192FJFP'}",False,{'horaires': ['35H Travail en journée']},,,
192FJFM,Technicien frigoriste (H/F),"

A vous Frigoristes H/F, spécialiste en climatisation (split, VRV), si vous êtes capable d'effectuer, en autonomie : 
- des opérations de maintenance, 
-des installations de tailles moyennes (petit magasin, maison d'architecte, bureaux) ainsi que 
-des dépannages, 
 

 
 Alors POSTULEZ ! 
 
Ce poste en CDI, basé à La Rochelle - 17000, est fait pour vous ! 
 
#CDI #Larochelle #17000 #frigoriste #climatisation #split 
 
-opérations de maintenance sur climatisations SPLIT et VRV (Volume de Réfrigérant Variable » 
-installations de tailles moyennes (petit magasin, maison d'architecte, bureaux) ainsi que 
-dépannages, 
 
Perspectives d'évolution vers les postes de : 
-Chef de Chantier 
-Conducteur de Travaux 
-Assistant Responsable d'Affaires 
 

 
Identifier et accompagner en permanence les besoins en compétences des collaborateurs, leur proposer des plans d'évolution de carrière et les impliquer dans leur démarche d'amélioration continue telle sont les valeurs de notre client et les clefs de leur réussite ! 
 
Si ces valeurs vous correspondent, n'hésitez pas et venez rejoindre leurs équipes ! 
POSTULEZ ! 
 

De formation CAP à BAC en Plomberie Sanitaire Chauffage Climatisation 
Expérience d'au minimum 3 ans avec de bonnes connaissances en Climatisation SPLIT et VRV sur du logement collectif et moyen tertiaire. 
 
Vos atouts pour ce poste ? Rigueur - Sérieux - Organisation. 
 
Type de contrat : CDI 
Statut ETAM 
Rémunération : 3000  Brut / mois pour 35 heures (compris paniers et prime d'outillage) suivant expérience 
Avantages : Véhicule de Service, Prime outillage, Participation sur les résultats annuels, Mutuelle santé avec une participation employeur à hauteur de 75%, téléphone portable, ordinateur.",2025-05-09T20:04:13.919Z,2025-05-09T20:04:14.150Z,"{'libelle': '17 - Rochelle', 'latitude': 46.157816, 'longitude': -1.170382, 'codePostal': '17000', 'commune': '17300'}",I1306,Frigoriste,Frigoriste,"{'nom': 'MANPOWER', 'description': 'Faites confiance à Manpower, votre partenaire emploi :\n- Des opportunités nombreuses et diversifiées\n- Une expertise RH et des conseils emploi\n- Une employabilité durable avec le programme MyPath® \n- Des démarches facilitées \n- Des avantages et des services', 'entrepriseAdaptee': False}",CDI,CDI,Contrat travail,E,3 An(s),,{'libelle': 'Mensuel de 3000.0 Euros sur 12.0 mois'},35H Travail en journée,Temps plein,False,"{'nom': 'MANPOWER - Mme AUDREY FERRAND', 'coordonnees1': 'https://www.manpower.fr/offers/details/1101238977?partenaire=FRANCE_TRAVAIL', 'urlPostulation': 'https://www.manpower.fr/offers/details/1101238977?partenaire=FRANCE_TRAVAIL'}",{},1,False,,,2,Ouvrier spécialisé,78.20Z,78,Activités des agences de travail temporaire,,"{'origine': '1', 'urlOrigine': 'https://candidat.francetravail.fr/offres/recherche/detail/192FJFM'}",False,{'horaires': ['35H Travail en journée']},,,
